time_w1,position_w1,time_w2,position_w2
0.001671614,19.46705784284009,0.000669632,19.510819398567765
0.034574481,19.46754873350497,0.046560721,19.511946306550207
0.066823903,19.4678932705003,0.063251677,19.513274302828236
0.104113351,19.46844094218225,0.10630369,19.514801039393795
0.133079282,19.46873168301285,0.134302524,19.51635082619206
0.193907068,19.46929211555096,0.160953019,19.51792778503808
0.238025844,19.46965655108285,0.21523987,19.519408945473447
0.238105878,19.47007904522774,0.266505073,19.52043670762668
0.26648829,19.470375923094146,0.273851015,19.521001235488622
0.300359983,19.47085478924194,0.298276396,19.521322001001792
0.337493884,19.471163428446,0.328323634,19.52151764234568
0.369208373,19.471518106380085,0.364504429,19.521611549330306
0.407235726,19.471740045057768,0.402248933,19.52178969787193
0.432098425,19.47197058738686,0.447804268,19.52215741730086
0.465768791,19.472175402434228,0.470449689,19.52261263616125
0.503065019,19.472371468014472,0.6232025880000001,19.523049484771875
0.5515643960000001,19.472518795967883,0.6234615680000001,19.52348798647521
0.56878227,19.47260079999089,0.6237423480000001,19.52378647355531
0.6052684700000001,19.472762392702126,0.623880907,19.52374200568108
0.638587527,19.47278380768837,0.752694501,19.52320155137988
0.70325974,19.4727658611042,0.7529856930000001,19.52203213293901
0.70343449,19.472548339975692,0.7532424120000001,19.52033730742693
0.7403913280000001,19.471997233716927,0.78190347,19.517511466984857
0.7765530890000001,19.471577622865844,0.904890853,19.513687927069245
0.807522849,19.469539170666888,0.905056211,19.50882281619614
0.84337717,19.46630184744748,0.905271181,19.502524928383423
0.8711440140000001,19.46202812230448,0.905442002,19.494755478212426
0.901878718,19.45624937955017,0.905711169,19.48534107105777
1.003098119,19.448793257671337,1.003273746,19.474164270324728
1.003380631,19.43937126017598,1.003578209,19.4611178729966
1.006529653,19.42826483009473,1.003753079,19.44587160756974
1.032653557,19.41504546531134,1.137941062,19.42858810922662
1.066615222,19.39985711714872,1.138008873,19.408830144662144
1.101652867,19.382240938903625,1.138054243,19.386710977995453
1.136969562,19.362930866381717,1.153876172,19.362041997906424
1.195008404,19.340278337131,1.164007896,19.33504158733644
1.215514845,19.31503718445585,1.195920542,19.305494483080523
1.236278483,19.287000319405745,1.370550693,19.273366091692115
1.289309284,19.256801810986097,1.370793201,19.238460653917866
1.30241325,19.224145618044748,1.371048884,19.200552661672575
1.33770607,19.188511137953643,1.371397337,19.16004935383516
1.367353884,19.150354995069385,1.371688616,19.11694576844192
1.399658067,19.10928870757865,1.406670717,19.071277154022155
1.437519093,19.06479476488029,1.429334188,19.022508013037964
1.468055558,19.018782255557984,1.565204,18.970528980336503
1.504003193,18.968336607705503,1.565575998,18.91538019241112
1.5362931,18.915366645922447,1.56603871,18.85694901128073
1.571515782,18.859462323519438,1.5663319530000002,18.795106515662585
1.603930176,18.79953653097322,1.596725449,18.729867115625375
1.637923829,18.736944695142533,1.628076101,18.661314289765084
1.671483961,18.671931744783937,1.767737431,18.589137111109554
1.702899345,18.60336294836684,1.767978184,18.51368703534953
1.738227507,18.53322995764708,1.768306696,18.4357196547627
1.812536616,18.458273309877868,1.768606507,18.33719737349042
1.8127386,18.38003698045738,1.800843336,18.250203668443824
1.839899269,18.297996615113234,1.840163543,18.15922016336424
1.870250122,18.21266754043519,1.983672943,18.064296474715523
1.904685372,18.123231081288598,1.983720077,17.96583959226888
1.964879696,18.030569096431208,1.983780484,17.863788124229238
1.987213239,17.933529218051234,1.983838553,17.7579857386913
2.025876997,17.83298824799888,2.000566581,17.647895887117617
2.040658157,17.728545312909258,2.037217406,17.53381968683004
2.101520202,17.62031110903166,2.194105661,17.415963657883992
2.123550523,17.507574851860326,2.194158431,17.293767063304465
2.13866004,17.391490699248692,2.194209951,17.167859341254772
2.197401238,17.271222875945526,2.194265914,17.037563303860765
2.201924079,17.147313390529668,2.206829449,16.90303103604309
2.238662603,17.020099374140138,2.237730483,16.76435249886602
2.268050572,16.88822387188303,2.337087033,16.62144203869791
2.302837087,16.751979998083783,2.337127078,16.459937696371902
2.333800183,16.612605949913966,2.341138441,16.310290635443096
2.370133706,16.469493578698735,2.374830538,16.156910629575336
2.399428409,16.320830446630733,2.408152067,15.998963841207974
2.443713511,16.16809005016868,2.438102397,15.836622489985494
2.469711753,16.011296807901594,2.517873424,15.670492171422868
2.516610804,15.849898349052916,2.518154259,15.50026754237136
2.535988963,15.685644477066974,2.669011062,15.326166814892028
2.573483227,15.516758994577616,2.669176159,15.148633768297652
2.604959102,15.34474417958301,2.669314656,14.967260799467114
2.633369744,15.168164385108929,2.66947632,14.781856174518008
2.685487765,14.987299531401693,2.81676638,14.59094751190896
2.720394021,14.801978721113883,2.816943513,14.396699189624272
2.743145469,14.6135474233135,2.817185489,14.19828879849265
2.769489812,14.420399751562632,2.817344993,13.996829245814853
2.808698006,14.223589903635991,2.829790248,13.791066637892367
2.847749908,14.022251920880247,2.848372345,13.58035414579088
2.871257548,13.817031157318276,3.012244872,13.367733413448166
2.9283431440000003,13.609209452966066,3.012324665,13.151129175265549
2.942569727,13.397724633822367,3.012381277,12.930387928326027
2.9767395690000003,13.182118176719577,3.012465397,12.706074601791636
3.023648778,12.963416428034206,3.012516943,12.476307360081645
3.050068792,12.74085319690822,3.042553521,12.246130313868388
3.068291558,12.515270271183748,3.070746977,12.011860819244314
3.104213276,12.286050797871718,3.105152624,11.772873958196358
3.135421509,12.05386891482426,3.140140747,11.531163669904544
3.195709533,11.817771981377456,3.17938046,11.286376014581071
3.205097268,11.579054276939344,3.236683842,11.040062554148395
3.240585369,11.337153222592212,3.247011904,10.789349015841156
3.292927928,11.092645602146456,3.271280093,10.536224052187643
3.303940484,10.84358566841315,3.305021708,10.27920348363081
3.334011957,10.59237924603882,3.340155174,10.0198924983094
3.368049984,10.338015505687228,3.370397978,9.758571429101671
3.400649026,10.081841913438296,3.410288385,9.494397552951355
3.437294255,9.822350361086668,3.436320308,9.226434918087982
3.491291205,9.561139868592395,3.477906971,8.957235655093548
3.49957719,9.296719622766156,3.513084416,8.68515612341965
3.544657124,9.03031965839617,3.546196804,8.410912502599793
3.568697921,8.761155953731402,3.572491218,8.131075560920632
3.6000097870000003,8.489648844907396,3.620311522,7.852519138509036
3.634096417,8.215859761517835,3.647452147,7.542820643440713
3.699712667,7.940344306140791,3.678164937,7.2586851648104
3.705206063,7.662174036135951,3.713003679,6.973011043137666
3.74538032,7.381487178235634,3.743882842,6.68498255603607
3.766247011,7.098731966626132,3.78282342,6.395342090547128
3.802661043,6.813774974988951,3.807813504,6.104984938450029
3.834578433,6.527924145248177,3.844760106,5.81311427618705
3.866126127,6.240425822705635,3.877007955,5.519808128768664
3.903138709,5.951021996640152,3.910750529,5.224694047758206
3.940539047,5.660663362543727,3.945118305,4.928294240226477
3.998980257,5.368856259606829,3.977632549,4.630564903785749
4.004771156,5.075860168024183,4.02029652,4.33154573069957
4.049843858,4.78117496525114,4.039460899,4.031462927055409
4.066871883,4.484954318541945,4.072866679,3.728727763555318
4.10528857,4.186959534106288,4.113674017,3.4264454830195272
4.133593167,3.8874657963003374,4.14260972,3.1224636275670288
4.192265876,3.5876105867438355,4.176468628,2.8188199621463257
4.240077803,3.286613924771201,4.211697778,2.5145552017573065
4.240212227,2.9844559505253647,4.248325502,2.2096717304598275
4.2931641,2.6813031935894243,4.272501344,1.9045796739526488
4.311678846,2.377554561356137,4.326889797,1.5984001390207472
4.339850902,2.073171165053283,4.350580453,1.291484298097232
4.372776918,1.7676876025085917,4.376877386,0.9839459201618478
4.40706456,1.4615524634841528,4.4121937110000005,0.676114400749225
4.434330177,1.1539727969076683,4.443393981,0.3682914619330443
4.471300316,0.8476458055689978,4.47682422,0.0301315300993753
4.523424025,0.5416711063170543,4.513210675,-0.2794330015385773
4.554844321,0.2337561581440589,4.544611359,-0.5871905515897349
4.587216667,-0.0737182426083814,4.577311223,-0.8943379813869312
4.631110319,-0.3811918045123205,4.61074646,-1.2004810410704378
4.656509445,-0.6895184643582812,4.656029423,-1.506388802189892
4.668429979,-0.9969447727675858,4.676786109,-1.810869277175386
4.732140655,-1.3028291653954298,4.714099061,-2.113545769480173
4.741977181,-1.639910436643625,4.748955119,-2.4143511625738068
4.777987306,-1.9466241104892368,4.784580183,-2.7146755573043664
4.8043114760000005,-2.2515526963343104,4.808671352,-3.013853672929202
4.853220407,-2.5558725976219345,4.854753731,-3.313179690239341
4.876279833,-2.86042832169954,4.885735218,-3.6129410104436745
4.903063226,-3.162858867956453,4.925277143,-3.9132459634908936
4.941492807,-3.464822906212666,4.949975355,-4.214132274664378
4.992248558,-3.765362394860916,4.980187756,-4.513932921825446
5.009065172,-4.065649400397824,5.017636066,-4.814953106947845
5.042905935,-4.364188262833497,5.054547927,-5.110731988575474
5.07888951,-4.662130917874316,5.077528696,-5.404800081806449
5.125890283,-4.957959818675403,5.115427374,-5.696223259341698
5.136707367,-5.253397701476892,5.144106345,-5.98476558408632
5.171614814,-5.5480082653087655,5.179045045,-6.27081429391365
5.650154213,-9.59432624853441,5.211467505,-6.556572004376385
5.681256602,-9.877050348612311,5.256068204,-6.83778598379225
5.709603231,-10.157007368689976,5.280644564,-7.121569571360574
5.779294398,-10.436635063151732,5.312819525,-7.403039214087042
5.779625326,-10.742865617018849,5.351030165,-7.685976402490544
5.815467615,-11.01770173967912,5.382170168,-7.994446359456973
5.858997045,-11.289919034749335,5.422588943,-8.27329983053392
5.897815545,-11.557200463078273,5.44906707,-8.549709860660851
5.915639346,-11.82262285780127,5.482327382,-8.823339831302889
5.95510397,-12.082510317099077,5.514364604,-9.09429653288622
5.981664183,-12.33972027556547,5.553284344,-9.365204743755744
6.017725894,-12.589777874821555,5.581531362,-9.633052550370786
6.048275712,-12.833102712393138,5.616138611,-9.89802495887303
6.078288803,-13.068765819531889,5.647558943,-10.15993869422584
6.109580991,-13.298596947227797,5.687842826,-10.419239845995175
6.143509212,-13.522856715249622,5.723004905,-10.675063843080611
6.204625925,-13.74188897274006,5.750907926,-10.92675442116314
6.220375743,-13.9556490381696,5.806241921,-11.175752955481284
6.246645655,-14.164456300296992,5.818690173,-11.421572990075628
6.292478879,-14.36786250826215,5.853112685,-11.663968521350387
6.321894402,-14.566712898465264,5.883114673,-11.904831828903909
6.351080699,-14.759759152594611,5.91803244,-12.143631762987065
6.406350614,-14.947361691503511,5.9543330260000005,-12.379864640809044
6.42017629,-15.129542631513091,5.982575843,-12.612948466420274
6.480310337,-15.306987064009904,6.020125487,-12.841867316241249
6.480611058,-15.479491182648015,6.058078357,-13.067972076444976
6.512265507,-15.648171235353416,6.125850163,-13.334325377505836
6.548547785,-15.812565548657972,6.135066145,-13.552437180982892
6.576362679,-15.973200287637768,6.162871224,-13.76760245618582
6.610721986,-16.129597595035328,6.193041911,-13.979783244395067
6.649038957,-16.282309688502018,6.239880019,-14.18868197440598
6.678291435,-16.430289061555367,6.254721111,-14.393713668532683
6.717426109,-16.574646427790015,6.286770385,-14.594522179179108
6.744919237,-16.71503424678284,6.31945452,-14.79064528834146
6.779351693,-16.851693101985134,6.355972071,-14.98193565613738
6.81654202,-16.983823294874032,6.392217549,-15.167704330207664
6.844592957,-17.11192755290265,6.421328087,-15.348656729389516
6.92191022,-17.235600672177842,6.45447354,-15.525901814241298
6.921983271,-17.355453569016227,6.486233261,-15.69951483626392
6.945089637,-17.470861140694023,6.519137261,-15.869090328540386
6.995870612,-17.58244898364607,6.557176701,-16.03435394867804
7.03593361,-17.690004324886242,6.596617356,-16.194759670521016
7.048041385,-17.794319311757707,6.624254763,-16.350644974158083
7.087865129,-17.895099999807346,6.65457248,-16.501752206727815
7.113320977,-17.992781976195026,6.69308694,-16.648610907022896
7.162665895,-18.087354302986057,6.720968514,-16.7913578001026
7.203014917,-18.17925262832301,6.762677191,-16.930525255713945
7.217912614,-18.2766768723471,6.792638853,-17.066077400943037
7.275083468,-18.36196409548221,6.821259691,-17.197759974470102
7.284559047,-18.4439171919831,6.854556358,-17.325192459652296
7.321041854,-18.53042138021825,6.922014699,-17.448843058677202
7.350620952,-18.60563555421201,6.922247076,-17.568387858898493
7.393192532,-18.68432108244668,6.96656002,-17.68428481428307
7.422191901,-18.752119772763184,6.989067761,-17.796375008346967
7.452570195,-18.81660169895009,7.02217026,-17.904656071423634
7.519396279,-18.878083438809,7.059335603,-18.00918732600089
7.523303563,-18.936820814222514,7.088678279,-18.11013442942376
7.571784818,-18.99170943417271,7.124919576,-18.207711017165323
7.612592099,-19.0439449749627,7.162740866,-18.301921324325157
7.634917137,-19.09369814364513,7.189219492,-18.39263769089653
7.656596356,-19.140689312643588,7.245095306,-18.47981145071071
7.692151116,-19.18469171960143,7.257669948,-18.563035382436443
7.728755287,-19.22555024306129,7.289465903,-18.64215183492503
7.767043712,-19.26344440160684,7.332828933,-18.71758291279888
7.789312032,-19.298232291479746,7.35810179,-18.78915197992365
7.825877702,-19.32976370912069,7.393991148,-18.856439094305024
7.868575275,-19.358745331395497,7.419628129,-18.92018869601262
7.890450353,-19.387313270770683,7.455557748,-18.97997005994071
7.950168308,-19.41116444968174,7.48843678,-19.036265679712127
7.981183187,-19.433015682686477,7.527180732,-19.08944078649684
8.029722815,-19.45197868794582,7.562090296,-19.13928876884834
8.03011853,-19.469258677477075,7.588559588,-19.186132779225343
8.059239982,-19.484539194854857,7.622172921,-19.23015566014276
8.091031812,-19.497913421223995,7.653832936,-19.27120193483791
8.1261781,-19.50947082218486,7.685272735,-19.309482109235237
8.164142414,-19.51955726717397,7.72699928,-19.34511580497003
8.220131655,-19.52783042044664,7.760014151,-19.377964312057795
8.22965852,-19.53470560176392,7.791000613,-19.408161571500223
8.285471683,-19.53998055310469,7.829608123,-19.43573825462566
8.294724536,-19.54400607820568,7.861991981,-19.460768968701466
8.32552822,-19.54662813390397,7.892736204,-19.483046712623494
8.356287307,-19.54822277917344,7.922215279,-19.502825512716896
8.389574372,-19.54851088988965,7.970374573,-19.521439534366884
8.447147214,-19.548152259354666,7.995758228,-19.535832929835596
8.461061215,-19.547296823016232,8.025261596,-19.547952578218272
8.494629281,-19.545951339776284,8.060082022,-19.55780416769759
8.558926954,-19.543969598670834,8.093924142,-19.565550976404023
8.586387359,-19.541553573804155,8.126302054,-19.57159171455633
8.63669469,-19.538923357434445,8.157065047,-19.57590453483182
8.636905036,-19.536355909141133,8.190849733,-19.578702165760077
8.663041488,-19.533780774593005,8.242819971,-19.58026509159356
8.741549159,-19.53111837333896,8.257236021,-19.5807164039042
8.742061776,-19.52870883643775,8.291003794,-19.58013952874144
8.802731718,-19.52612790701184,8.327178114,-19.57913658478581
8.803019035,-19.523663518056637,8.360647143,-19.577606319608243
8.863033535,-19.521133214556592,8.392184773,-19.57589235348662
8.871610732,-19.51877458253362,8.430092079,-19.57400414864115
8.895759635000001,-19.51649030451872,8.458701024,-19.57193177301732
8.93278763,-19.51433958392851,8.495673483000001,-19.569923799425943
