time_w1,velocity_w1,time_w2,velocity_w2
0.000917126,0.0,0.000931857,0.0
0.062828861,0.0,0.063253767,0.0
0.131876859,0.0,0.124863843,0.0
0.210466519,0.0,0.201572289,0.0
0.266289979,0.0,0.270279893,0.0
0.334521299,0.0,0.336550352,0.0
0.403070625,0.0,0.395097144,0.0
0.463466426,0.0,0.463425952,0.0
0.531357348,0.0,0.626722251,0.0
0.6019063250000001,0.0,0.62692662,0.0
0.6708591810000001,0.0,0.7586963040000001,0.0
0.735707,0.0,0.762093695,0.0
0.7963017010000001,0.0,0.7999986600000001,0.0
0.862552453,0.0,0.909761591,0.0
0.943066552,0.0,1.009734824,0.0
1.002443611,0.0,1.009908655,0.0
1.061973787,0.0,1.137420403,0.0
1.137435204,0.0,1.137540411,0.0
1.203970713,0.0,1.195516201,0.0
1.265801274,0.0,1.377084269,0.0
1.332962454,0.0,1.377242282,0.0
1.395309943,0.0,1.391272586,0.0
1.46222957,0.0,1.572380253,0.0
1.532193332,0.0,1.572484568,0.0
1.607796768,0.0,1.59234564,0.0
1.667492335,0.0,1.774999462,0.0
1.727682614,0.0,1.775187961,0.0
1.803199996,0.0,1.79567392,0.0
1.870444259,0.0,1.980782367,0.0
1.933794952,0.0,1.981370775,0.0
2.01846707,0.0,1.990650741,0.0
2.070115103,0.0,2.193411718,0.0
2.13036439,0.0,2.19364045,0.0
2.201992576,0.0,2.200860756,0.0
2.262227019,0.0,2.336782318,0.0
2.328210361,0.0,2.336935489,0.0
2.395184688,0.0,2.395661423,0.0
2.466655452,0.0,2.518353117,0.0
2.526914998,0.0,2.528715093,0.0
2.59960705,0.0,2.667787234,0.0
2.660133269,0.0,2.814274729,0.0
2.735162032,0.0,2.815155981,0.0
2.808968189,0.0,2.815508829,0.0
2.864473867,0.0,2.859092618,0.0
2.934759418,0.0,3.011362625,0.0
3.013173314,0.0,3.011485706,0.0
3.062956593,0.0,3.067928021,0.0
3.130886777,0.0,3.128489502,0.0
3.197636635,0.0,3.194651234,0.0
3.269723953,0.0,3.2655491530000003,0.0
3.334947044,0.0,3.335381347,0.0
3.39672603,0.0,3.393357274,0.0
3.46579908,0.0,3.455130966,0.0
3.53835945,0.0,3.522517896,0.0
3.595270157,0.0,3.58967874,0.0
3.665106001,0.0,3.655810635,0.0
3.735460883,0.0,3.723411408,0.0
3.792535071,0.0,3.800977346,0.0
3.862943798,0.0,3.858151437,0.0
3.938974059,0.0,3.930136737,0.0
3.997166764,0.0,3.988358478,0.0
4.057834502,0.0,4.06021953,0.0
4.124254614,0.0,4.123617224,0.0
4.204574809,0.0,4.198781199,0.0
4.261815381,0.0,4.256199113,0.0
4.328421915,0.0,4.326908882,0.0
4.400843077,0.0,4.39123981,0.0
4.465245784,0.0,4.460901004,0.0
4.537931053,0.0,4.532980718,0.0
4.604416784,0.0,4.589007846,0.0
4.6623241,0.0,4.671990688,0.0
4.733974919,0.0,4.731689549,0.0
4.7952754120000005,0.0,4.79234635,0.0
4.863350056,0.0,4.855877352,0.0
4.924535121,0.0,4.930614142,0.0
4.994619332,0.0,4.993315049,0.0
5.06291464,0.0,5.065003179,0.0
5.131880046,0.0,5.12095892,0.0
5.195690776,0.0,5.187001891,0.0
5.258556363,0.0,5.257256118,0.0
5.32487674,0.0,5.332436319,0.0
5.40146935,0.0,5.395623565,0.0
5.459823645,0.0,5.454513267,0.0
5.524205713,0.0,5.530584632,0.0
5.589838338,0.0,5.592166141,0.0
5.675785615,0.0,5.6529712100000005,0.0
5.722968557,0.0,5.731307053,0.0
5.790143327,0.0,5.806894636,0.0
5.857500954,0.0,5.856352983,0.0
5.923152539,0.0,5.925489972,0.0
5.989256739,0.0,5.99795501,0.0
6.060990951,0.0,6.059525957,0.0
6.123643376,0.0,6.132891002,0.0
6.20484351,0.0,6.188544246,0.0
6.267484491,0.0,6.254427839,0.0
6.330599439,0.0,6.320530307,0.0
6.400014255,0.0,6.385695788,0.0
6.459939545,0.0,6.454369463,0.0
6.528698059,0.0,6.519287812,0.0
6.59054722,0.0,6.597342233,0.0
6.662787047,0.0,6.662140529,0.0
6.734840897,0.0,6.721591018,0.0
6.802498442,0.0,6.795108732,0.0
6.857418439,0.0,6.854798425,0.0
6.925913217,0.0,6.9250852080000005,0.0
6.995722542,0.0,6.985277289,0.0
7.056013017,0.0,7.062367843,0.0
7.125397994,0.0,7.125237186,0.0
7.199056601,0.0,7.189424791,0.0
7.270281339,0.0,7.251963618,0.0
7.320912986,0.0,7.324917094,0.0
7.393047972,0.0,7.38607099,0.0
7.459039239,0.0,7.450255087,0.0
7.532981880999999,0.0,7.521436992,0.0
7.594566392,0.0,7.588716924,0.0
7.674206259,0.0,7.654093447,0.0
7.728801407,0.0,7.719927668,0.0
7.794597118,0.0,7.791114795,0.0
7.864720175,0.0,7.851427107,0.0
7.931349003,0.0,7.933959642,0.0
7.994144219,0.0,7.985240515,0.0
8.055796421,0.0,8.054801622,0.0
8.132093359,0.0,8.125764115,0.0
8.191380088,0.0,8.190970822,0.0
8.268584304,0.0,8.2513141,0.0
8.32535618,0.0,8.325524718,0.0
8.389315181,0.0,8.388995528,0.0
8.454502995,0.0,8.453405178,0.0
8.535056049,0.0,8.519963358,0.0
8.589552195,0.0,8.597774067,0.0
8.653422626,0.0,8.652086323,0.0
8.733455514,0.0,8.72937859,0.0
8.801898422,0.0,0.039549858,0.0
8.85590302,0.0,0.111620309,0.0
8.924470007,0.0,0.158752685,0.0
8.992919223,0.0,0.234789842,0.0
0.062777169,0.0,0.292267028,0.0
0.131646541,0.0,0.364177348,0.0
0.194201898,0.0,0.433828381,0.0
0.255564783,0.0,0.62664858,-0.0007838210866452
0.321563757,0.0,0.626833184,-0.0161220452020549
0.403025404,0.0,0.629309588,-0.0504558476654581
0.458860126,0.0,0.761285247,-0.1027909327380363
0.5311053130000001,0.0,0.7820544380000001,-0.1721913411244404
0.6018878010000001,-0.0019063969759873,0.909667291,-0.2576945302441203
0.657191877,-0.0202826364031306,0.909879852,-0.3583439873367089
0.722320245,-0.0575283726560176,1.009814616,-0.4733395996520501
0.7926372070000001,-0.1126353530803507,1.137359885,-0.6015663541195946
0.856790465,-0.1846190820059578,1.137479974,-0.7422601321708365
0.94302573,-0.2725688181804222,1.159522333,-0.8953637788164285
1.002388121,-0.3755494783856166,1.377003141,-1.0583825668607765
1.058679616,-0.4927294879523546,1.377155831,-1.230758143398355
1.127294917,-0.622917372745333,1.377323846,-1.4129212479925275
1.190192158,-0.7655584730072165,1.429585168,-1.603406733074287
1.265767105,-0.9196678611126148,1.5724349860000002,-1.8017093708391088
1.326470074,-1.084412672064823,1.5725405490000002,-2.006210997791195
1.3897798890000002,-1.258923846574799,1.622985777,-2.217064573471782
1.455643285,-1.44246121707581,1.775119029,-2.433135658754569
1.522774995,-1.634474091314341,1.775269736,-2.653846836805599
1.590791368,-1.8332942709889288,1.830852869,-2.878482206415474
1.659893532,-2.039081695733701,1.981090155,-3.106220194196593
1.723897096,-2.250762030647328,1.981784461,-3.336604152319757
1.7916777540000002,-2.4676576870260343,2.031035637,-3.568795764248925
1.853978406,-2.6890284903733463,2.193499444,-3.8022672082322457
1.933666826,-2.914143946904206,2.193731807,-4.036508299019048
1.987781391,-3.142383993225636,2.23309892,-4.27082265756436
2.064625597,-3.373073519873338,2.336849456,-4.504425495043105
2.122794665,-3.605604127878176,2.355580992,-4.737088048913812
2.192889002,-3.83922579702457,2.429120025,-4.968192877158039
2.252366827,-4.073465393670502,2.518589866,-5.197072328819297
2.319138135,-4.307682144680207,2.667531974,-5.423380094680727
2.388426298,-4.54125841337967,2.667953272,-5.646433214736975
2.466603572,-4.773694936471339,2.814872291,-5.865867069992151
2.522468009,-5.004466065966374,2.815310836,-6.081341389007223
2.594086777,-5.232953258308609,2.830065514,-6.292126541437529
2.6537630720000003,-5.458725446744435,3.01131072,-6.498007933043207
2.735139273,-5.681642192935069,3.01143125,-6.698562870824055
2.808957764,-5.900151762803906,3.031813749,-6.893313992090192
2.858966349,-6.114831779121543,3.096695722,-7.081964446743911
2.934729947,-6.324934167877271,3.158781113,-7.264165140126765
3.013129698,-6.530021649592687,3.238721796,-7.43941014125629
3.05942415,-6.72966895996992,3.290927232,-7.607600301706437
3.12339374,-6.923494543108725,3.370992119,-7.769706104090488
3.190525951,-7.111140798894908,3.424941693,-7.921233886222661
3.255034986,-7.292234113163305,3.488251654,-8.066114110465104
3.320359813,-7.466459069235546,3.560165212,-8.202714348997802
3.391288015,-7.633442552143355,3.623745908,-8.331483154108343
3.465731108,-7.792924472061071,3.687377238,-8.45011602575841
3.533758191,-7.944608970470367,3.757737766,-8.560440839976659
3.5910740160000003,-8.088213048691662,3.826029206,-8.661673619773568
3.665032326,-8.223490080947576,3.889288679,-8.753520555520067
3.717745558,-8.35018846178617,3.955525192,-8.835949139210586
3.78501008,-8.468106986313074,4.026284908,-8.908673810578392
3.852212044,-8.577033328090067,4.093050672,-8.971707322845377
3.921159422,-8.676765867794101,4.162501824,-9.024853058225895
3.997116246,-8.76715098484167,4.240935392,-9.068106882427651
4.05781504,-8.848040241563094,4.288044961,-9.10129761173425
4.118974597,-8.919322912332714,4.355567221,-9.124441999132411
4.185528015,-8.980739836893267,4.429636361,-9.137493196350912
4.261761509,-9.032356261440412,4.497416805,-9.140372946331356
4.319332093,-9.073991086236832,4.555419513,-9.13311449891118
4.397447642,-9.105616601546693,4.634659861,-9.115808813858989
4.465195909,-9.127182781263322,4.688699947,-9.088355750345938
4.524669889,-9.138609302857382,4.7652003910000005,-9.05086269446238
4.593454612,-9.139910566135292,4.82309397,-9.003391957189322
4.656117082,-9.131095299085322,4.894391322,-8.945843483218553
4.727353614,-9.11214385646517,4.963849566,-8.878806870594413
4.784569732,-9.083105665850642,5.027024898,-8.801903391276227
4.854699071,-9.043995704028498,5.098455756,-8.715467524525664
4.92066065,-8.994997243107793,5.156797514,-8.619554479079287
4.994588054,-8.93605303557072,5.236745534,-8.514463646661472
5.055073771,-8.867320295315464,5.306605596,-8.400280168457686
5.131835637,-8.788928065311913,5.362841437,-8.277168099250172
5.1840938770000005,-8.700973823778371,5.422837931,-8.145426787491909
5.254362,-8.603619325355474,5.486052004,-8.005277343075715
5.320705511,-8.497068834798853,5.565231561,-7.856911146088527
5.401419827,-8.381441481925199,5.621185137,-7.70064672720181
5.459619622,-8.256959530942934,5.68748078,-7.536736139147228
5.520230154,-8.123896351283088,5.7567115950000005,-7.365507848577669
5.5844486060000005,-7.982407577182333,5.826964382,-7.187215371033656
5.653287394,-7.832781570389595,5.9035898620000005,-7.002163441703336
5.718556013,-7.675299348498407,5.964748105,-6.810933564210968
5.7845025670000005,-7.510202576322784,6.032711934,-6.613618566306472
5.857426486,-7.337617216173263,6.093793532,-6.410712130640154
5.919841559,-7.158484311675662,6.163770646,-6.20273246000789
5.986034466,-6.972463461960072,6.233867756,-5.989909743388181
6.052355775,-6.780191527302242,6.28422294,-5.772726546529788
6.121434046,-6.582027804813201,6.356193505,-5.551614580771121
6.193115921,-6.378318502162771,6.417400968,-5.327064985872628
6.25269571,-6.169458805641646,6.48611866,-5.099694352100559
6.320483586,-5.955908495045083,6.557502531,-4.869760901640892
6.399849905,-5.738090528268622,6.618096747,-4.63800186728727
6.459891369,-5.516427031525319,6.698900847,-4.404749411010197
6.528648064,-5.291445612808033,6.755558927,-4.170815051517644
6.585203797,-5.063598090897887,6.821226593,-3.93647405773852
6.662749582,-4.83335874164986,6.913145421,-3.70255941727537
6.724593437,-4.601327357497175,6.955557355,-3.46951213610716
6.790312589,-4.3678390120159545,7.031928165,-3.2379069125295974
6.853410072,-4.133835767441823,7.098535415,-3.008593295569418
6.925895586,-3.89959171805848,7.157203943,-2.782161357531423
6.995707577,-3.665729994573408,7.234120369,-2.5584726677035183
7.052994481,-3.4328724609693912,7.29017343,-2.340299188061472
7.117568705,-3.2016610817723548,7.365066409,-2.126397709910665
7.199017863,-2.972728201508792,7.419974731,-1.917973050808387
7.260320348,-2.7467245156954934,7.487586929,-1.7160326282836376
7.316112507,-2.524332883507918,7.554816939,-1.5210922488615997
7.382532186,-2.306219989279274,7.622671332,-1.3341366494072466
7.459012175,-2.093067788702967,7.69611484,-1.1557675604949724
7.532958666,-1.8856952305924428,7.7550395,-0.9868449853036436
7.590426638,-1.684771311734565,7.82112258,-0.8282057917393487
7.650829553,-1.4910669357872894,7.888498384,-0.6807122879334542
7.723524926,-1.3053603935443292,7.959990626,-0.5451713824564607
7.789137273,-1.12843808685085,8.026310725,-0.4224773333837719
7.852370337,-0.961067443763456,8.098009582,-0.3135872009724141
7.917132137,-0.804188028501445,8.153291353,0.0
7.994081078,-0.6585103535390943,8.235401365,0.0
8.048090791,0.0,8.291374063,0.0
8.115492635,0.0,8.355597634,0.0
8.191356282,0.0,8.418657131,0.0
8.2547008,0.0,8.485475643000001,0.0
8.325327026,0.0,8.563830094,0.0
8.382354733,0.0,8.622497148,0.0
8.454421812,0.0,8.685762944,0.0
