elapsed time,timestamp,topic,value
0.0022139480000000003,1760031248.186213948,/xwing/agiros_pilot/telemetry.reference.pose.position.z,1.5
0.029578647000000003,1760031248.213578647,/xwing/agiros_pilot/telemetry.reference.pose.position.z,1.5
0.029607799,1760031248.213607799,/xwing/agiros_pilot/telemetry.reference.pose.position.z,1.5
0.029624940000000002,1760031248.213624940,/xwing/agiros_pilot/telemetry.reference.pose.position.z,1.5
0.029638167000000003,1760031248.213638167,/xwing/agiros_pilot/telemetry.reference.pose.position.z,1.5
0.029646366,1760031248.213646366,/xwing/agiros_pilot/telemetry.reference.pose.position.z,1.5
0.029830472,1760031248.213830472,/xwing/agiros_pilot/telemetry.reference.pose.position.z,1.5
0.035348635,1760031248.219348635,/xwing/agiros_pilot/telemetry.reference.pose.position.z,1.5
0.035359543,1760031248.219359543,/xwing/agiros_pilot/telemetry.reference.pose.position.z,1.5
0.035366760000000004,1760031248.219366760,/xwing/agiros_pilot/telemetry.reference.pose.position.z,1.5
0.035384434,1760031248.219384434,/xwing/agiros_pilot/telemetry.reference.pose.position.z,1.5
0.03540432,1760031248.219404320,/xwing/agiros_pilot/telemetry.reference.pose.position.z,1.5
0.057364453,1760031248.241364453,/xwing/agiros_pilot/telemetry.reference.pose.position.z,1.5
0.057377849,1760031248.241377849,/xwing/agiros_pilot/telemetry.reference.pose.position.z,1.5
0.057398671000000005,1760031248.241398671,/xwing/agiros_pilot/telemetry.reference.pose.position.z,1.5
0.057418578000000005,1760031248.241418578,/xwing/agiros_pilot/telemetry.reference.pose.position.z,1.5
0.057438703,1760031248.241438703,/xwing/agiros_pilot/telemetry.reference.pose.position.z,1.5
0.057451768,1760031248.241451768,/xwing/agiros_pilot/telemetry.reference.pose.position.z,1.5
0.065394952,1760031248.249394952,/xwing/agiros_pilot/telemetry.reference.pose.position.z,1.5
0.06543855400000001,1760031248.249438554,/xwing/agiros_pilot/telemetry.reference.pose.position.z,1.5
0.073829852,1760031248.257829852,/xwing/agiros_pilot/telemetry.reference.pose.position.z,1.5
0.07387827100000001,1760031248.257878271,/xwing/agiros_pilot/telemetry.reference.pose.position.z,1.5
0.093713609,1760031248.277713609,/xwing/agiros_pilot/telemetry.reference.pose.position.z,1.5
0.09371868200000001,1760031248.277718682,/xwing/agiros_pilot/telemetry.reference.pose.position.z,1.5
0.093728909,1760031248.277728909,/xwing/agiros_pilot/telemetry.reference.pose.position.z,1.5
0.093740585,1760031248.277740585,/xwing/agiros_pilot/telemetry.reference.pose.position.z,1.5
0.093746886,1760031248.277746886,/xwing/agiros_pilot/telemetry.reference.pose.position.z,1.5
0.093752604,1760031248.277752604,/xwing/agiros_pilot/telemetry.reference.pose.position.z,1.5
0.093763173,1760031248.277763173,/xwing/agiros_pilot/telemetry.reference.pose.position.z,1.5
0.11494324700000001,1760031248.298943247,/xwing/agiros_pilot/telemetry.reference.pose.position.z,1.5
0.11497583600000001,1760031248.298975836,/xwing/agiros_pilot/telemetry.reference.pose.position.z,1.5
0.11500328500000001,1760031248.299003285,/xwing/agiros_pilot/telemetry.reference.pose.position.z,1.5
0.115022488,1760031248.299022488,/xwing/agiros_pilot/telemetry.reference.pose.position.z,1.5
0.115029353,1760031248.299029353,/xwing/agiros_pilot/telemetry.reference.pose.position.z,1.5
0.11503437200000001,1760031248.299034372,/xwing/agiros_pilot/telemetry.reference.pose.position.z,1.5
0.129278165,1760031248.313278165,/xwing/agiros_pilot/telemetry.reference.pose.position.z,1.5
0.129291434,1760031248.313291434,/xwing/agiros_pilot/telemetry.reference.pose.position.z,1.5
0.135058549,1760031248.319058549,/xwing/agiros_pilot/telemetry.reference.pose.position.z,1.5
0.13506326200000002,1760031248.319063262,/xwing/agiros_pilot/telemetry.reference.pose.position.z,1.5
0.135067766,1760031248.319067766,/xwing/agiros_pilot/telemetry.reference.pose.position.z,1.5
0.135075717,1760031248.319075717,/xwing/agiros_pilot/telemetry.reference.pose.position.z,1.5
0.13507886700000002,1760031248.319078867,/xwing/agiros_pilot/telemetry.reference.pose.position.z,1.5
0.156399606,1760031248.340399606,/xwing/agiros_pilot/telemetry.reference.pose.position.z,1.5
0.156409347,1760031248.340409347,/xwing/agiros_pilot/telemetry.reference.pose.position.z,1.5
0.15641542,1760031248.340415420,/xwing/agiros_pilot/telemetry.reference.pose.position.z,1.5
0.156667767,1760031248.340667767,/xwing/agiros_pilot/telemetry.reference.pose.position.z,1.5
0.15667583000000002,1760031248.340675830,/xwing/agiros_pilot/telemetry.reference.pose.position.z,1.5
0.16285506100000002,1760031248.346855061,/xwing/agiros_pilot/telemetry.reference.pose.position.z,1.5
0.16285955000000002,1760031248.346859550,/xwing/agiros_pilot/telemetry.reference.pose.position.z,1.5
0.162874778,1760031248.346874778,/xwing/agiros_pilot/telemetry.reference.pose.position.z,1.5
0.168516134,1760031248.352516134,/xwing/agiros_pilot/telemetry.reference.pose.position.z,1.5
0.168521743,1760031248.352521743,/xwing/agiros_pilot/telemetry.reference.pose.position.z,1.5
0.17509079900000002,1760031248.359090799,/xwing/agiros_pilot/telemetry.reference.pose.position.z,1.5
0.17898860100000002,1760031248.362988601,/xwing/agiros_pilot/telemetry.reference.pose.position.z,1.5
0.178992959,1760031248.362992959,/xwing/agiros_pilot/telemetry.reference.pose.position.z,1.5
0.183557205,1760031248.367557205,/xwing/agiros_pilot/telemetry.reference.pose.position.z,1.5
0.190920638,1760031248.374920638,/xwing/agiros_pilot/telemetry.reference.pose.position.z,1.5
0.190923942,1760031248.374923942,/xwing/agiros_pilot/telemetry.reference.pose.position.z,1.5
0.191018934,1760031248.375018934,/xwing/agiros_pilot/telemetry.reference.pose.position.z,1.5
0.206197341,1760031248.390197341,/xwing/agiros_pilot/telemetry.reference.pose.position.z,1.4999999999999998
0.20622231900000002,1760031248.390222319,/xwing/agiros_pilot/telemetry.reference.pose.position.z,1.5
0.20625459200000001,1760031248.390254592,/xwing/agiros_pilot/telemetry.reference.pose.position.z,1.5
0.206468947,1760031248.390468947,/xwing/agiros_pilot/telemetry.reference.pose.position.z,1.5
0.211925929,1760031248.395925929,/xwing/agiros_pilot/telemetry.reference.pose.position.z,1.5
0.21195028300000002,1760031248.395950283,/xwing/agiros_pilot/telemetry.reference.pose.position.z,1.5
0.21652061800000003,1760031248.400520618,/xwing/agiros_pilot/telemetry.reference.pose.position.z,1.5
0.23716225200000002,1760031248.421162252,/xwing/agiros_pilot/telemetry.reference.pose.position.z,1.5
0.23719335800000002,1760031248.421193358,/xwing/agiros_pilot/telemetry.reference.pose.position.z,1.5
0.24163172100000002,1760031248.425631721,/xwing/agiros_pilot/telemetry.reference.pose.position.z,1.5
0.24167848100000003,1760031248.425678481,/xwing/agiros_pilot/telemetry.reference.pose.position.z,1.5
0.241698497,1760031248.425698497,/xwing/agiros_pilot/telemetry.reference.pose.position.z,1.5
0.24177735300000003,1760031248.425777353,/xwing/agiros_pilot/telemetry.reference.pose.position.z,1.5
0.245093146,1760031248.429093146,/xwing/agiros_pilot/telemetry.reference.pose.position.z,1.5
0.245152312,1760031248.429152312,/xwing/agiros_pilot/telemetry.reference.pose.position.z,1.5
0.253280394,1760031248.437280394,/xwing/agiros_pilot/telemetry.reference.pose.position.z,1.5
0.25329401500000004,1760031248.437294015,/xwing/agiros_pilot/telemetry.reference.pose.position.z,1.5
0.253310209,1760031248.437310209,/xwing/agiros_pilot/telemetry.reference.pose.position.z,1.5
0.258711586,1760031248.442711586,/xwing/agiros_pilot/telemetry.reference.pose.position.z,1.5
0.262444193,1760031248.446444193,/xwing/agiros_pilot/telemetry.reference.pose.position.z,1.5
0.26245776600000004,1760031248.446457766,/xwing/agiros_pilot/telemetry.reference.pose.position.z,1.5
0.267113159,1760031248.451113159,/xwing/agiros_pilot/telemetry.reference.pose.position.z,1.5
0.29643129700000004,1760031248.480431297,/xwing/agiros_pilot/telemetry.reference.pose.position.z,1.5
0.29653770100000004,1760031248.480537701,/xwing/agiros_pilot/telemetry.reference.pose.position.z,1.5
0.296699374,1760031248.480699374,/xwing/agiros_pilot/telemetry.reference.pose.position.z,1.5
0.296705794,1760031248.480705794,/xwing/agiros_pilot/telemetry.reference.pose.position.z,1.5
0.296717006,1760031248.480717006,/xwing/agiros_pilot/telemetry.reference.pose.position.z,1.5
0.29672438300000004,1760031248.480724383,/xwing/agiros_pilot/telemetry.reference.pose.position.z,1.5000000000000002
0.30449712100000004,1760031248.488497121,/xwing/agiros_pilot/telemetry.reference.pose.position.z,1.5
0.304502792,1760031248.488502792,/xwing/agiros_pilot/telemetry.reference.pose.position.z,1.5
0.30450757900000003,1760031248.488507579,/xwing/agiros_pilot/telemetry.reference.pose.position.z,1.5
0.30451388,1760031248.488513880,/xwing/agiros_pilot/telemetry.reference.pose.position.z,1.5
0.304519085,1760031248.488519085,/xwing/agiros_pilot/telemetry.reference.pose.position.z,1.5
0.312631767,1760031248.496631767,/xwing/agiros_pilot/telemetry.reference.pose.position.z,1.5
0.31264361900000004,1760031248.496643619,/xwing/agiros_pilot/telemetry.reference.pose.position.z,1.5
0.31273004800000004,1760031248.496730048,/xwing/agiros_pilot/telemetry.reference.pose.position.z,1.5
0.31928649800000003,1760031248.503286498,/xwing/agiros_pilot/telemetry.reference.pose.position.z,1.5
0.324260877,1760031248.508260877,/xwing/agiros_pilot/telemetry.reference.pose.position.z,1.5
0.324271146,1760031248.508271146,/xwing/agiros_pilot/telemetry.reference.pose.position.z,1.5
0.332904831,1760031248.516904831,/xwing/agiros_pilot/telemetry.reference.pose.position.z,1.5
0.333203521,1760031248.517203521,/xwing/agiros_pilot/telemetry.reference.pose.position.z,1.5
0.347263244,1760031248.531263244,/xwing/agiros_pilot/telemetry.reference.pose.position.z,1.5
0.347268299,1760031248.531268299,/xwing/agiros_pilot/telemetry.reference.pose.position.z,1.5
0.347272157,1760031248.531272157,/xwing/agiros_pilot/telemetry.reference.pose.position.z,1.5
0.347277934,1760031248.531277934,/xwing/agiros_pilot/telemetry.reference.pose.position.z,1.5
0.35132794300000003,1760031248.535327943,/xwing/agiros_pilot/telemetry.reference.pose.position.z,1.5
0.351341241,1760031248.535341241,/xwing/agiros_pilot/telemetry.reference.pose.position.z,1.5
0.351360522,1760031248.535360522,/xwing/agiros_pilot/telemetry.reference.pose.position.z,1.5
0.371880064,1760031248.555880064,/xwing/agiros_pilot/telemetry.reference.pose.position.z,1.5
0.371886147,1760031248.555886147,/xwing/agiros_pilot/telemetry.reference.pose.position.z,1.5
0.37189187900000004,1760031248.555891879,/xwing/agiros_pilot/telemetry.reference.pose.position.z,1.5
0.371904338,1760031248.555904338,/xwing/agiros_pilot/telemetry.reference.pose.position.z,1.5
0.37192590400000003,1760031248.555925904,/xwing/agiros_pilot/telemetry.reference.pose.position.z,1.5
0.396292433,1760031248.580292433,/xwing/agiros_pilot/telemetry.reference.pose.position.z,1.5
0.396325191,1760031248.580325191,/xwing/agiros_pilot/telemetry.reference.pose.position.z,1.5
0.396341924,1760031248.580341924,/xwing/agiros_pilot/telemetry.reference.pose.position.z,1.5
0.39636575300000004,1760031248.580365753,/xwing/agiros_pilot/telemetry.reference.pose.position.z,1.5
0.396388768,1760031248.580388768,/xwing/agiros_pilot/telemetry.reference.pose.position.z,1.5
0.396527367,1760031248.580527367,/xwing/agiros_pilot/telemetry.reference.pose.position.z,1.5
0.39657076900000005,1760031248.580570769,/xwing/agiros_pilot/telemetry.reference.pose.position.z,1.5
0.40050290400000005,1760031248.584502904,/xwing/agiros_pilot/telemetry.reference.pose.position.z,1.5
0.40052923700000004,1760031248.584529237,/xwing/agiros_pilot/telemetry.reference.pose.position.z,1.5
0.40055182300000003,1760031248.584551823,/xwing/agiros_pilot/telemetry.reference.pose.position.z,1.5
0.42046209300000004,1760031248.604462093,/xwing/agiros_pilot/telemetry.reference.pose.position.z,1.4999999999999998
0.420472271,1760031248.604472271,/xwing/agiros_pilot/telemetry.reference.pose.position.z,1.5
0.42047661900000005,1760031248.604476619,/xwing/agiros_pilot/telemetry.reference.pose.position.z,1.5
0.42048248800000004,1760031248.604482488,/xwing/agiros_pilot/telemetry.reference.pose.position.z,1.5
0.424218831,1760031248.608218831,/xwing/agiros_pilot/telemetry.reference.pose.position.z,1.5
0.42422637700000004,1760031248.608226377,/xwing/agiros_pilot/telemetry.reference.pose.position.z,1.5
0.424231935,1760031248.608231935,/xwing/agiros_pilot/telemetry.reference.pose.position.z,1.5
0.427321614,1760031248.611321614,/xwing/agiros_pilot/telemetry.reference.pose.position.z,1.5
0.44724911900000003,1760031248.631249119,/xwing/agiros_pilot/telemetry.reference.pose.position.z,1.5
0.44728856600000005,1760031248.631288566,/xwing/agiros_pilot/telemetry.reference.pose.position.z,1.5
0.44729563600000005,1760031248.631295636,/xwing/agiros_pilot/telemetry.reference.pose.position.z,1.5
0.447300305,1760031248.631300305,/xwing/agiros_pilot/telemetry.reference.pose.position.z,1.4999999999999998
0.44764859700000004,1760031248.631648597,/xwing/agiros_pilot/telemetry.reference.pose.position.z,1.5
0.45177597,1760031248.635775970,/xwing/agiros_pilot/telemetry.reference.pose.position.z,1.5
0.451798089,1760031248.635798089,/xwing/agiros_pilot/telemetry.reference.pose.position.z,1.5
0.459735062,1760031248.643735062,/xwing/agiros_pilot/telemetry.reference.pose.position.z,1.5
0.46397090100000005,1760031248.647970901,/xwing/agiros_pilot/telemetry.reference.pose.position.z,1.5
0.46397572800000003,1760031248.647975728,/xwing/agiros_pilot/telemetry.reference.pose.position.z,1.5
0.463991352,1760031248.647991352,/xwing/agiros_pilot/telemetry.reference.pose.position.z,1.5
0.46814389500000003,1760031248.652143895,/xwing/agiros_pilot/telemetry.reference.pose.position.z,1.5
0.47330980500000003,1760031248.657309805,/xwing/agiros_pilot/telemetry.reference.pose.position.z,1.5000000000000002
0.47688858100000003,1760031248.660888581,/xwing/agiros_pilot/telemetry.reference.pose.position.z,1.5
0.47690176100000004,1760031248.660901761,/xwing/agiros_pilot/telemetry.reference.pose.position.z,1.5
0.48161961900000005,1760031248.665619619,/xwing/agiros_pilot/telemetry.reference.pose.position.z,1.5
0.488224019,1760031248.672224019,/xwing/agiros_pilot/telemetry.reference.pose.position.z,1.5
0.49623264100000003,1760031248.680232641,/xwing/agiros_pilot/telemetry.reference.pose.position.z,1.5
0.49625268000000006,1760031248.680252680,/xwing/agiros_pilot/telemetry.reference.pose.position.z,1.5
0.496257696,1760031248.680257696,/xwing/agiros_pilot/telemetry.reference.pose.position.z,1.4999999999999998
0.501962526,1760031248.685962526,/xwing/agiros_pilot/telemetry.reference.pose.position.z,1.5
0.501978471,1760031248.685978471,/xwing/agiros_pilot/telemetry.reference.pose.position.z,1.5
0.505861966,1760031248.689861966,/xwing/agiros_pilot/telemetry.reference.pose.position.z,1.5
0.5123888600000001,1760031248.696388860,/xwing/agiros_pilot/telemetry.reference.pose.position.z,1.5
0.512410484,1760031248.696410484,/xwing/agiros_pilot/telemetry.reference.pose.position.z,1.5
0.526010344,1760031248.710010344,/xwing/agiros_pilot/telemetry.reference.pose.position.z,1.5
0.526043382,1760031248.710043382,/xwing/agiros_pilot/telemetry.reference.pose.position.z,1.5
0.5334947720000001,1760031248.717494772,/xwing/agiros_pilot/telemetry.reference.pose.position.z,1.5
0.53350136,1760031248.717501360,/xwing/agiros_pilot/telemetry.reference.pose.position.z,1.5
0.5335057360000001,1760031248.717505736,/xwing/agiros_pilot/telemetry.reference.pose.position.z,1.5
0.533512191,1760031248.717512191,/xwing/agiros_pilot/telemetry.reference.pose.position.z,1.5
0.5381793140000001,1760031248.722179314,/xwing/agiros_pilot/telemetry.reference.pose.position.z,1.5
0.53818359,1760031248.722183590,/xwing/agiros_pilot/telemetry.reference.pose.position.z,1.5
0.542948055,1760031248.726948055,/xwing/agiros_pilot/telemetry.reference.pose.position.z,1.5
0.54789628,1760031248.731896280,/xwing/agiros_pilot/telemetry.reference.pose.position.z,1.5
0.551814017,1760031248.735814017,/xwing/agiros_pilot/telemetry.reference.pose.position.z,1.5
0.551824803,1760031248.735824803,/xwing/agiros_pilot/telemetry.reference.pose.position.z,1.5
0.570111243,1760031248.754111243,/xwing/agiros_pilot/telemetry.reference.pose.position.z,1.5
0.570135228,1760031248.754135228,/xwing/agiros_pilot/telemetry.reference.pose.position.z,1.5
0.570154673,1760031248.754154673,/xwing/agiros_pilot/telemetry.reference.pose.position.z,1.5
0.5701986680000001,1760031248.754198668,/xwing/agiros_pilot/telemetry.reference.pose.position.z,1.5
0.5702243020000001,1760031248.754224302,/xwing/agiros_pilot/telemetry.reference.pose.position.z,1.5
0.5747009510000001,1760031248.758700951,/xwing/agiros_pilot/telemetry.reference.pose.position.z,1.5
0.574747026,1760031248.758747026,/xwing/agiros_pilot/telemetry.reference.pose.position.z,1.5
0.578229965,1760031248.762229965,/xwing/agiros_pilot/telemetry.reference.pose.position.z,1.5
0.5823323570000001,1760031248.766332357,/xwing/agiros_pilot/telemetry.reference.pose.position.z,1.5
0.605357125,1760031248.789357125,/xwing/agiros_pilot/telemetry.reference.pose.position.z,1.5
0.6053679510000001,1760031248.789367951,/xwing/agiros_pilot/telemetry.reference.pose.position.z,1.5
0.605372503,1760031248.789372503,/xwing/agiros_pilot/telemetry.reference.pose.position.z,1.5
0.605380028,1760031248.789380028,/xwing/agiros_pilot/telemetry.reference.pose.position.z,1.5
0.6053863620000001,1760031248.789386362,/xwing/agiros_pilot/telemetry.reference.pose.position.z,1.5
0.605398133,1760031248.789398133,/xwing/agiros_pilot/telemetry.reference.pose.position.z,1.5
0.6126106880000001,1760031248.796610688,/xwing/agiros_pilot/telemetry.reference.pose.position.z,1.5
0.6126216830000001,1760031248.796621683,/xwing/agiros_pilot/telemetry.reference.pose.position.z,1.5
0.612648591,1760031248.796648591,/xwing/agiros_pilot/telemetry.reference.pose.position.z,1.5
0.61639179,1760031248.800391790,/xwing/agiros_pilot/telemetry.reference.pose.position.z,1.5
0.6213285080000001,1760031248.805328508,/xwing/agiros_pilot/telemetry.reference.pose.position.z,1.5
0.621383059,1760031248.805383059,/xwing/agiros_pilot/telemetry.reference.pose.position.z,1.5
0.627424006,1760031248.811424006,/xwing/agiros_pilot/telemetry.reference.pose.position.z,1.5
0.627433419,1760031248.811433419,/xwing/agiros_pilot/telemetry.reference.pose.position.z,1.5
0.644800488,1760031248.828800488,/xwing/agiros_pilot/telemetry.reference.pose.position.z,1.5
0.644839677,1760031248.828839677,/xwing/agiros_pilot/telemetry.reference.pose.position.z,1.5
0.6448615560000001,1760031248.828861556,/xwing/agiros_pilot/telemetry.reference.pose.position.z,1.5000000000000002
0.644877918,1760031248.828877918,/xwing/agiros_pilot/telemetry.reference.pose.position.z,1.5
0.6524276480000001,1760031248.836427648,/xwing/agiros_pilot/telemetry.reference.pose.position.z,1.5
0.652446327,1760031248.836446327,/xwing/agiros_pilot/telemetry.reference.pose.position.z,1.5
0.652541841,1760031248.836541841,/xwing/agiros_pilot/telemetry.reference.pose.position.z,1.5
0.6592761180000001,1760031248.843276118,/xwing/agiros_pilot/telemetry.reference.pose.position.z,1.5
0.6593181880000001,1760031248.843318188,/xwing/agiros_pilot/telemetry.reference.pose.position.z,1.5
0.665505525,1760031248.849505525,/xwing/agiros_pilot/telemetry.reference.pose.position.z,1.5
0.6655708570000001,1760031248.849570857,/xwing/agiros_pilot/telemetry.reference.pose.position.z,1.5
0.6810683120000001,1760031248.865068312,/xwing/agiros_pilot/telemetry.reference.pose.position.z,1.5
0.681125086,1760031248.865125086,/xwing/agiros_pilot/telemetry.reference.pose.position.z,1.5
0.6811611080000001,1760031248.865161108,/xwing/agiros_pilot/telemetry.reference.pose.position.z,1.5
0.6811819,1760031248.865181900,/xwing/agiros_pilot/telemetry.reference.pose.position.z,1.5
0.6877326840000001,1760031248.871732684,/xwing/agiros_pilot/telemetry.reference.pose.position.z,1.5
0.687759341,1760031248.871759341,/xwing/agiros_pilot/telemetry.reference.pose.position.z,1.5
0.6877753080000001,1760031248.871775308,/xwing/agiros_pilot/telemetry.reference.pose.position.z,1.5
0.6928251670000001,1760031248.876825167,/xwing/agiros_pilot/telemetry.reference.pose.position.z,1.5
0.7023436670000001,1760031248.886343667,/xwing/agiros_pilot/telemetry.reference.pose.position.z,1.5
0.7023642320000001,1760031248.886364232,/xwing/agiros_pilot/telemetry.reference.pose.position.z,1.5000000000000002
0.7263918300000001,1760031248.910391830,/xwing/agiros_pilot/telemetry.reference.pose.position.z,1.5
0.72641814,1760031248.910418140,/xwing/agiros_pilot/telemetry.reference.pose.position.z,1.5
0.726445365,1760031248.910445365,/xwing/agiros_pilot/telemetry.reference.pose.position.z,1.5
0.7264746870000001,1760031248.910474687,/xwing/agiros_pilot/telemetry.reference.pose.position.z,1.5
0.726489323,1760031248.910489323,/xwing/agiros_pilot/telemetry.reference.pose.position.z,1.5
0.7264998970000001,1760031248.910499897,/xwing/agiros_pilot/telemetry.reference.pose.position.z,1.5
0.733210003,1760031248.917210003,/xwing/agiros_pilot/telemetry.reference.pose.position.z,1.5
0.733241537,1760031248.917241537,/xwing/agiros_pilot/telemetry.reference.pose.position.z,1.5
0.7332708400000001,1760031248.917270840,/xwing/agiros_pilot/telemetry.reference.pose.position.z,1.5
0.733739883,1760031248.917739883,/xwing/agiros_pilot/telemetry.reference.pose.position.z,1.5
0.737655701,1760031248.921655701,/xwing/agiros_pilot/telemetry.reference.pose.position.z,1.5
0.7376778650000001,1760031248.921677865,/xwing/agiros_pilot/telemetry.reference.pose.position.z,1.5
0.7561221890000001,1760031248.940122189,/xwing/agiros_pilot/telemetry.reference.pose.position.z,1.5
0.756137037,1760031248.940137037,/xwing/agiros_pilot/telemetry.reference.pose.position.z,1.5
0.756154549,1760031248.940154549,/xwing/agiros_pilot/telemetry.reference.pose.position.z,1.5
0.7562231030000001,1760031248.940223103,/xwing/agiros_pilot/telemetry.reference.pose.position.z,1.5
0.756242889,1760031248.940242889,/xwing/agiros_pilot/telemetry.reference.pose.position.z,1.5
0.762095414,1760031248.946095414,/xwing/agiros_pilot/telemetry.reference.pose.position.z,1.5
0.7621176940000001,1760031248.946117694,/xwing/agiros_pilot/telemetry.reference.pose.position.z,1.5
0.7773656760000001,1760031248.961365676,/xwing/agiros_pilot/telemetry.reference.pose.position.z,1.5
0.777378545,1760031248.961378545,/xwing/agiros_pilot/telemetry.reference.pose.position.z,1.5
0.777390526,1760031248.961390526,/xwing/agiros_pilot/telemetry.reference.pose.position.z,1.5
0.777466732,1760031248.961466732,/xwing/agiros_pilot/telemetry.reference.pose.position.z,1.5
0.7809959870000001,1760031248.964995987,/xwing/agiros_pilot/telemetry.reference.pose.position.z,1.5000000000000002
0.786143404,1760031248.970143404,/xwing/agiros_pilot/telemetry.reference.pose.position.z,1.5
0.7930934300000001,1760031248.977093430,/xwing/agiros_pilot/telemetry.reference.pose.position.z,1.5
0.7931091170000001,1760031248.977109117,/xwing/agiros_pilot/telemetry.reference.pose.position.z,1.5
0.793122411,1760031248.977122411,/xwing/agiros_pilot/telemetry.reference.pose.position.z,1.5
0.815761771,1760031248.999761771,/xwing/agiros_pilot/telemetry.reference.pose.position.z,1.4999999999999998
0.815772169,1760031248.999772169,/xwing/agiros_pilot/telemetry.reference.pose.position.z,1.5
0.8157821700000001,1760031248.999782170,/xwing/agiros_pilot/telemetry.reference.pose.position.z,1.5
0.815790651,1760031248.999790651,/xwing/agiros_pilot/telemetry.reference.pose.position.z,1.5
0.8158010880000001,1760031248.999801088,/xwing/agiros_pilot/telemetry.reference.pose.position.z,1.5
0.8158085620000001,1760031248.999808562,/xwing/agiros_pilot/telemetry.reference.pose.position.z,1.5
0.819940026,1760031249.003940026,/xwing/agiros_pilot/telemetry.reference.pose.position.z,1.5
0.8199622390000001,1760031249.003962239,/xwing/agiros_pilot/telemetry.reference.pose.position.z,1.5
0.826967467,1760031249.010967467,/xwing/agiros_pilot/telemetry.reference.pose.position.z,1.5
0.826974026,1760031249.010974026,/xwing/agiros_pilot/telemetry.reference.pose.position.z,1.5
0.8329956220000001,1760031249.016995622,/xwing/agiros_pilot/telemetry.reference.pose.position.z,1.5
0.8330210210000001,1760031249.017021021,/xwing/agiros_pilot/telemetry.reference.pose.position.z,1.5
0.833025047,1760031249.017025047,/xwing/agiros_pilot/telemetry.reference.pose.position.z,1.5
0.8403851080000001,1760031249.024385108,/xwing/agiros_pilot/telemetry.reference.pose.position.z,1.5
0.8404213530000001,1760031249.024421353,/xwing/agiros_pilot/telemetry.reference.pose.position.z,1.5
0.8469674460000001,1760031249.030967446,/xwing/agiros_pilot/telemetry.reference.pose.position.z,1.5
0.856214965,1760031249.040214965,/xwing/agiros_pilot/telemetry.reference.pose.position.z,1.5
0.856233664,1760031249.040233664,/xwing/agiros_pilot/telemetry.reference.pose.position.z,1.5
0.856244463,1760031249.040244463,/xwing/agiros_pilot/telemetry.reference.pose.position.z,1.5
0.862669075,1760031249.046669075,/xwing/agiros_pilot/telemetry.reference.pose.position.z,1.5
0.8626877660000001,1760031249.046687766,/xwing/agiros_pilot/telemetry.reference.pose.position.z,1.5
0.86714963,1760031249.051149630,/xwing/agiros_pilot/telemetry.reference.pose.position.z,1.5
0.8671714770000001,1760031249.051171477,/xwing/agiros_pilot/telemetry.reference.pose.position.z,1.5
0.888213444,1760031249.072213444,/xwing/agiros_pilot/telemetry.reference.pose.position.z,1.5
0.888229628,1760031249.072229628,/xwing/agiros_pilot/telemetry.reference.pose.position.z,1.5
0.8882540870000001,1760031249.072254087,/xwing/agiros_pilot/telemetry.reference.pose.position.z,1.5
0.888270073,1760031249.072270073,/xwing/agiros_pilot/telemetry.reference.pose.position.z,1.5
0.8882977320000001,1760031249.072297732,/xwing/agiros_pilot/telemetry.reference.pose.position.z,1.5
0.8883316590000001,1760031249.072331659,/xwing/agiros_pilot/telemetry.reference.pose.position.z,1.5
0.8954268660000001,1760031249.079426866,/xwing/agiros_pilot/telemetry.reference.pose.position.z,1.5000000000000002
0.8960093290000001,1760031249.080009329,/xwing/agiros_pilot/telemetry.reference.pose.position.z,1.5
0.9150079590000001,1760031249.099007959,/xwing/agiros_pilot/telemetry.reference.pose.position.z,1.5
0.9150234420000001,1760031249.099023442,/xwing/agiros_pilot/telemetry.reference.pose.position.z,1.5
0.918134443,1760031249.102134443,/xwing/agiros_pilot/telemetry.reference.pose.position.z,1.5
0.918141434,1760031249.102141434,/xwing/agiros_pilot/telemetry.reference.pose.position.z,1.5
0.9181459630000001,1760031249.102145963,/xwing/agiros_pilot/telemetry.reference.pose.position.z,1.5
0.9181499080000001,1760031249.102149908,/xwing/agiros_pilot/telemetry.reference.pose.position.z,1.5000000000000002
0.9227205530000001,1760031249.106720553,/xwing/agiros_pilot/telemetry.reference.pose.position.z,1.5
0.922726453,1760031249.106726453,/xwing/agiros_pilot/telemetry.reference.pose.position.z,1.5
0.922800088,1760031249.106800088,/xwing/agiros_pilot/telemetry.reference.pose.position.z,1.5
0.9583171560000001,1760031249.142317156,/xwing/agiros_pilot/telemetry.reference.pose.position.z,1.5
0.9583780820000001,1760031249.142378082,/xwing/agiros_pilot/telemetry.reference.pose.position.z,1.5
0.9583827730000001,1760031249.142382773,/xwing/agiros_pilot/telemetry.reference.pose.position.z,1.5
0.958386803,1760031249.142386803,/xwing/agiros_pilot/telemetry.reference.pose.position.z,1.5
0.9584152990000001,1760031249.142415299,/xwing/agiros_pilot/telemetry.reference.pose.position.z,1.5
0.9584426600000001,1760031249.142442660,/xwing/agiros_pilot/telemetry.reference.pose.position.z,1.5
0.958449658,1760031249.142449658,/xwing/agiros_pilot/telemetry.reference.pose.position.z,1.5
0.958455323,1760031249.142455323,/xwing/agiros_pilot/telemetry.reference.pose.position.z,1.5
0.958708922,1760031249.142708922,/xwing/agiros_pilot/telemetry.reference.pose.position.z,1.5
0.9635908870000001,1760031249.147590887,/xwing/agiros_pilot/telemetry.reference.pose.position.z,1.5
0.9635954130000001,1760031249.147595413,/xwing/agiros_pilot/telemetry.reference.pose.position.z,1.5
0.966889179,1760031249.150889179,/xwing/agiros_pilot/telemetry.reference.pose.position.z,1.5
0.966915021,1760031249.150915021,/xwing/agiros_pilot/telemetry.reference.pose.position.z,1.5
0.9704327,1760031249.154432700,/xwing/agiros_pilot/telemetry.reference.pose.position.z,1.5
0.9743731480000001,1760031249.158373148,/xwing/agiros_pilot/telemetry.reference.pose.position.z,1.5
0.978134115,1760031249.162134115,/xwing/agiros_pilot/telemetry.reference.pose.position.z,1.5
0.9816834160000001,1760031249.165683416,/xwing/agiros_pilot/telemetry.reference.pose.position.z,1.5
0.9852951360000001,1760031249.169295136,/xwing/agiros_pilot/telemetry.reference.pose.position.z,1.5
0.9898183840000001,1760031249.173818384,/xwing/agiros_pilot/telemetry.reference.pose.position.z,1.5
0.994442982,1760031249.178442982,/xwing/agiros_pilot/telemetry.reference.pose.position.z,1.5
0.9944924220000001,1760031249.178492422,/xwing/agiros_pilot/telemetry.reference.pose.position.z,1.5
1.00202758,1760031249.186027580,/xwing/agiros_pilot/telemetry.reference.pose.position.z,1.5
1.009986118,1760031249.193986118,/xwing/agiros_pilot/telemetry.reference.pose.position.z,1.5
1.010008713,1760031249.194008713,/xwing/agiros_pilot/telemetry.reference.pose.position.z,1.5000000000000002
1.01002266,1760031249.194022660,/xwing/agiros_pilot/telemetry.reference.pose.position.z,1.5
1.010054028,1760031249.194054028,/xwing/agiros_pilot/telemetry.reference.pose.position.z,1.5
1.032571766,1760031249.216571766,/xwing/agiros_pilot/telemetry.reference.pose.position.z,1.5
1.032585896,1760031249.216585896,/xwing/agiros_pilot/telemetry.reference.pose.position.z,1.5
1.032754624,1760031249.216754624,/xwing/agiros_pilot/telemetry.reference.pose.position.z,1.5
1.032768782,1760031249.216768782,/xwing/agiros_pilot/telemetry.reference.pose.position.z,1.5
1.032853383,1760031249.216853383,/xwing/agiros_pilot/telemetry.reference.pose.position.z,1.5
1.032878679,1760031249.216878679,/xwing/agiros_pilot/telemetry.reference.pose.position.z,1.5
1.037665479,1760031249.221665479,/xwing/agiros_pilot/telemetry.reference.pose.position.z,1.5
1.037741786,1760031249.221741786,/xwing/agiros_pilot/telemetry.reference.pose.position.z,1.5
1.04340598,1760031249.227405980,/xwing/agiros_pilot/telemetry.reference.pose.position.z,1.5
1.043414879,1760031249.227414879,/xwing/agiros_pilot/telemetry.reference.pose.position.z,1.5
1.049136047,1760031249.233136047,/xwing/agiros_pilot/telemetry.reference.pose.position.z,1.5
1.065006557,1760031249.249006557,/xwing/agiros_pilot/telemetry.reference.pose.position.z,1.5
1.065021817,1760031249.249021817,/xwing/agiros_pilot/telemetry.reference.pose.position.z,1.5
1.069229697,1760031249.253229697,/xwing/agiros_pilot/telemetry.reference.pose.position.z,1.5
1.069235097,1760031249.253235097,/xwing/agiros_pilot/telemetry.reference.pose.position.z,1.5
1.069240593,1760031249.253240593,/xwing/agiros_pilot/telemetry.reference.pose.position.z,1.5
1.069256452,1760031249.253256452,/xwing/agiros_pilot/telemetry.reference.pose.position.z,1.5
1.093864192,1760031249.277864192,/xwing/agiros_pilot/telemetry.reference.pose.position.z,1.5000000000000002
1.093876158,1760031249.277876158,/xwing/agiros_pilot/telemetry.reference.pose.position.z,1.5
1.093883261,1760031249.277883261,/xwing/agiros_pilot/telemetry.reference.pose.position.z,1.5
1.093892257,1760031249.277892257,/xwing/agiros_pilot/telemetry.reference.pose.position.z,1.5
1.093929288,1760031249.277929288,/xwing/agiros_pilot/telemetry.reference.pose.position.z,1.5
1.093979046,1760031249.277979046,/xwing/agiros_pilot/telemetry.reference.pose.position.z,1.5
1.119246389,1760031249.303246389,/xwing/agiros_pilot/telemetry.reference.pose.position.z,1.5
1.119260971,1760031249.303260971,/xwing/agiros_pilot/telemetry.reference.pose.position.z,1.5
1.119293313,1760031249.303293313,/xwing/agiros_pilot/telemetry.reference.pose.position.z,1.5
1.119427972,1760031249.303427972,/xwing/agiros_pilot/telemetry.reference.pose.position.z,1.5
1.119455967,1760031249.303455967,/xwing/agiros_pilot/telemetry.reference.pose.position.z,1.5
1.120341281,1760031249.304341281,/xwing/agiros_pilot/telemetry.reference.pose.position.z,1.5
1.120527746,1760031249.304527746,/xwing/agiros_pilot/telemetry.reference.pose.position.z,1.5
1.126756205,1760031249.310756205,/xwing/agiros_pilot/telemetry.reference.pose.position.z,1.5
1.126769078,1760031249.310769078,/xwing/agiros_pilot/telemetry.reference.pose.position.z,1.5
1.126782454,1760031249.310782454,/xwing/agiros_pilot/telemetry.reference.pose.position.z,1.5
1.12684476,1760031249.310844760,/xwing/agiros_pilot/telemetry.reference.pose.position.z,1.5
1.1349274089999999,1760031249.318927409,/xwing/agiros_pilot/telemetry.reference.pose.position.z,1.5
1.13496632,1760031249.318966320,/xwing/agiros_pilot/telemetry.reference.pose.position.z,1.5
1.141611051,1760031249.325611051,/xwing/agiros_pilot/telemetry.reference.pose.position.z,1.5
1.1416271550000001,1760031249.325627155,/xwing/agiros_pilot/telemetry.reference.pose.position.z,1.5
1.155630712,1760031249.339630712,/xwing/agiros_pilot/telemetry.reference.pose.position.z,1.5
1.155637328,1760031249.339637328,/xwing/agiros_pilot/telemetry.reference.pose.position.z,1.5
1.155645407,1760031249.339645407,/xwing/agiros_pilot/telemetry.reference.pose.position.z,1.5
1.15566992,1760031249.339669920,/xwing/agiros_pilot/telemetry.reference.pose.position.z,1.5
1.161218828,1760031249.345218828,/xwing/agiros_pilot/telemetry.reference.pose.position.z,1.5
1.161240561,1760031249.345240561,/xwing/agiros_pilot/telemetry.reference.pose.position.z,1.5
1.161269544,1760031249.345269544,/xwing/agiros_pilot/telemetry.reference.pose.position.z,1.5000000000000002
1.1707741440000001,1760031249.354774144,/xwing/agiros_pilot/telemetry.reference.pose.position.z,1.5
1.170875114,1760031249.354875114,/xwing/agiros_pilot/telemetry.reference.pose.position.z,1.5
1.179766775,1760031249.363766775,/xwing/agiros_pilot/telemetry.reference.pose.position.z,1.5
1.179771214,1760031249.363771214,/xwing/agiros_pilot/telemetry.reference.pose.position.z,1.5
1.179787071,1760031249.363787071,/xwing/agiros_pilot/telemetry.reference.pose.position.z,1.5
1.185963439,1760031249.369963439,/xwing/agiros_pilot/telemetry.reference.pose.position.z,1.5
1.185986961,1760031249.369986961,/xwing/agiros_pilot/telemetry.reference.pose.position.z,1.5
1.18599146,1760031249.369991460,/xwing/agiros_pilot/telemetry.reference.pose.position.z,1.5
1.20666775,1760031249.390667750,/xwing/agiros_pilot/telemetry.reference.pose.position.z,1.5
1.206673605,1760031249.390673605,/xwing/agiros_pilot/telemetry.reference.pose.position.z,1.5
1.2068187400000001,1760031249.390818740,/xwing/agiros_pilot/telemetry.reference.pose.position.z,1.5
1.206877112,1760031249.390877112,/xwing/agiros_pilot/telemetry.reference.pose.position.z,1.5
1.212212552,1760031249.396212552,/xwing/agiros_pilot/telemetry.reference.pose.position.z,1.5
1.212238296,1760031249.396238296,/xwing/agiros_pilot/telemetry.reference.pose.position.z,1.5
1.212254192,1760031249.396254192,/xwing/agiros_pilot/telemetry.reference.pose.position.z,1.5
1.22132484,1760031249.405324840,/xwing/agiros_pilot/telemetry.reference.pose.position.z,1.5
1.221367267,1760031249.405367267,/xwing/agiros_pilot/telemetry.reference.pose.position.z,1.5
1.2278000740000001,1760031249.411800074,/xwing/agiros_pilot/telemetry.reference.pose.position.z,1.5
1.2278272270000001,1760031249.411827227,/xwing/agiros_pilot/telemetry.reference.pose.position.z,1.5
1.2278409350000001,1760031249.411840935,/xwing/agiros_pilot/telemetry.reference.pose.position.z,1.5
1.236424073,1760031249.420424073,/xwing/agiros_pilot/telemetry.reference.pose.position.z,1.5
1.236459534,1760031249.420459534,/xwing/agiros_pilot/telemetry.reference.pose.position.z,1.5
1.240033753,1760031249.424033753,/xwing/agiros_pilot/telemetry.reference.pose.position.z,1.5
1.240063587,1760031249.424063587,/xwing/agiros_pilot/telemetry.reference.pose.position.z,1.5
1.271433515,1760031249.455433515,/xwing/agiros_pilot/telemetry.reference.pose.position.z,1.5
1.27147169,1760031249.455471690,/xwing/agiros_pilot/telemetry.reference.pose.position.z,1.5
1.271524527,1760031249.455524527,/xwing/agiros_pilot/telemetry.reference.pose.position.z,1.5
1.271556296,1760031249.455556296,/xwing/agiros_pilot/telemetry.reference.pose.position.z,1.5
1.274394622,1760031249.458394622,/xwing/agiros_pilot/telemetry.reference.pose.position.z,1.5
1.274640747,1760031249.458640747,/xwing/agiros_pilot/telemetry.reference.pose.position.z,1.5
1.274657088,1760031249.458657088,/xwing/agiros_pilot/telemetry.reference.pose.position.z,1.5
1.274742956,1760031249.458742956,/xwing/agiros_pilot/telemetry.reference.pose.position.z,1.5
1.274756863,1760031249.458756863,/xwing/agiros_pilot/telemetry.reference.pose.position.z,1.5
1.274769764,1760031249.458769764,/xwing/agiros_pilot/telemetry.reference.pose.position.z,1.5
1.2777737660000001,1760031249.461773766,/xwing/agiros_pilot/telemetry.reference.pose.position.z,1.5
1.303578784,1760031249.487578784,/xwing/agiros_pilot/telemetry.reference.pose.position.z,1.5
1.3036802490000001,1760031249.487680249,/xwing/agiros_pilot/telemetry.reference.pose.position.z,1.5
1.303714912,1760031249.487714912,/xwing/agiros_pilot/telemetry.reference.pose.position.z,1.5
1.30374941,1760031249.487749410,/xwing/agiros_pilot/telemetry.reference.pose.position.z,1.5
1.303771197,1760031249.487771197,/xwing/agiros_pilot/telemetry.reference.pose.position.z,1.5
1.328454333,1760031249.512454333,/xwing/agiros_pilot/telemetry.reference.pose.position.z,1.5
1.328469555,1760031249.512469555,/xwing/agiros_pilot/telemetry.reference.pose.position.z,1.5
1.32852945,1760031249.512529450,/xwing/agiros_pilot/telemetry.reference.pose.position.z,1.5
1.328551478,1760031249.512551478,/xwing/agiros_pilot/telemetry.reference.pose.position.z,1.5
1.328595449,1760031249.512595449,/xwing/agiros_pilot/telemetry.reference.pose.position.z,1.5
1.3286105,1760031249.512610500,/xwing/agiros_pilot/telemetry.reference.pose.position.z,1.5
1.328623417,1760031249.512623417,/xwing/agiros_pilot/telemetry.reference.pose.position.z,1.5
1.328655509,1760031249.512655509,/xwing/agiros_pilot/telemetry.reference.pose.position.z,1.5
1.328682937,1760031249.512682937,/xwing/agiros_pilot/telemetry.reference.pose.position.z,1.5000000000000002
1.334064941,1760031249.518064941,/xwing/agiros_pilot/telemetry.reference.pose.position.z,1.5
1.334070426,1760031249.518070426,/xwing/agiros_pilot/telemetry.reference.pose.position.z,1.5
1.3340748,1760031249.518074800,/xwing/agiros_pilot/telemetry.reference.pose.position.z,1.5
1.346125758,1760031249.530125758,/xwing/agiros_pilot/telemetry.reference.pose.position.z,1.5
1.346161884,1760031249.530161884,/xwing/agiros_pilot/telemetry.reference.pose.position.z,1.5
1.378662242,1760031249.562662242,/xwing/agiros_pilot/telemetry.reference.pose.position.z,1.5
1.378686186,1760031249.562686186,/xwing/agiros_pilot/telemetry.reference.pose.position.z,1.5
1.378705969,1760031249.562705969,/xwing/agiros_pilot/telemetry.reference.pose.position.z,1.5
1.378720935,1760031249.562720935,/xwing/agiros_pilot/telemetry.reference.pose.position.z,1.5
1.378732588,1760031249.562732588,/xwing/agiros_pilot/telemetry.reference.pose.position.z,1.5
1.37878498,1760031249.562784980,/xwing/agiros_pilot/telemetry.reference.pose.position.z,1.5
1.37879435,1760031249.562794350,/xwing/agiros_pilot/telemetry.reference.pose.position.z,1.5
1.407365278,1760031249.591365278,/xwing/agiros_pilot/telemetry.reference.pose.position.z,1.5
1.40738035,1760031249.591380350,/xwing/agiros_pilot/telemetry.reference.pose.position.z,1.5
1.4074059110000001,1760031249.591405911,/xwing/agiros_pilot/telemetry.reference.pose.position.z,1.5
1.407426118,1760031249.591426118,/xwing/agiros_pilot/telemetry.reference.pose.position.z,1.4999999999999998
1.407436463,1760031249.591436463,/xwing/agiros_pilot/telemetry.reference.pose.position.z,1.5
1.407460031,1760031249.591460031,/xwing/agiros_pilot/telemetry.reference.pose.position.z,1.4999999999999998
1.407480841,1760031249.591480841,/xwing/agiros_pilot/telemetry.reference.pose.position.z,1.5
1.4075130200000001,1760031249.591513020,/xwing/agiros_pilot/telemetry.reference.pose.position.z,1.5
1.407533007,1760031249.591533007,/xwing/agiros_pilot/telemetry.reference.pose.position.z,1.5
1.407574221,1760031249.591574221,/xwing/agiros_pilot/telemetry.reference.pose.position.z,1.5
1.407590431,1760031249.591590431,/xwing/agiros_pilot/telemetry.reference.pose.position.z,1.5000000000000002
1.432091212,1760031249.616091212,/xwing/agiros_pilot/telemetry.reference.pose.position.z,1.5
1.432106393,1760031249.616106393,/xwing/agiros_pilot/telemetry.reference.pose.position.z,1.5
1.432122925,1760031249.616122925,/xwing/agiros_pilot/telemetry.reference.pose.position.z,1.5
1.432141519,1760031249.616141519,/xwing/agiros_pilot/telemetry.reference.pose.position.z,1.5000000000000002
1.432150102,1760031249.616150102,/xwing/agiros_pilot/telemetry.reference.pose.position.z,1.5
1.43215689,1760031249.616156890,/xwing/agiros_pilot/telemetry.reference.pose.position.z,1.5
1.432162938,1760031249.616162938,/xwing/agiros_pilot/telemetry.reference.pose.position.z,1.5
1.43218537,1760031249.616185370,/xwing/agiros_pilot/telemetry.reference.pose.position.z,1.5
1.436237658,1760031249.620237658,/xwing/agiros_pilot/telemetry.reference.pose.position.z,1.5
1.436246516,1760031249.620246516,/xwing/agiros_pilot/telemetry.reference.pose.position.z,1.5
1.44155845,1760031249.625558450,/xwing/agiros_pilot/telemetry.reference.pose.position.z,1.5
1.441589691,1760031249.625589691,/xwing/agiros_pilot/telemetry.reference.pose.position.z,1.5
1.444856686,1760031249.628856686,/xwing/agiros_pilot/telemetry.reference.pose.position.z,1.5
1.464881622,1760031249.648881622,/xwing/agiros_pilot/telemetry.reference.pose.position.z,1.5
1.464896828,1760031249.648896828,/xwing/agiros_pilot/telemetry.reference.pose.position.z,1.5
1.464902773,1760031249.648902773,/xwing/agiros_pilot/telemetry.reference.pose.position.z,1.5
1.464907035,1760031249.648907035,/xwing/agiros_pilot/telemetry.reference.pose.position.z,1.5
1.464911264,1760031249.648911264,/xwing/agiros_pilot/telemetry.reference.pose.position.z,1.5
1.464918257,1760031249.648918257,/xwing/agiros_pilot/telemetry.reference.pose.position.z,1.5
1.468864669,1760031249.652864669,/xwing/agiros_pilot/telemetry.reference.pose.position.z,1.5000000000000002
1.475005563,1760031249.659005563,/xwing/agiros_pilot/telemetry.reference.pose.position.z,1.5
1.475015696,1760031249.659015696,/xwing/agiros_pilot/telemetry.reference.pose.position.z,1.5
1.480717836,1760031249.664717836,/xwing/agiros_pilot/telemetry.reference.pose.position.z,1.5
1.480722502,1760031249.664722502,/xwing/agiros_pilot/telemetry.reference.pose.position.z,1.5
1.5009400990000001,1760031249.684940099,/xwing/agiros_pilot/telemetry.reference.pose.position.z,1.5
1.50094314,1760031249.684943140,/xwing/agiros_pilot/telemetry.reference.pose.position.z,1.5
1.500946523,1760031249.684946523,/xwing/agiros_pilot/telemetry.reference.pose.position.z,1.5
1.5009526320000002,1760031249.684952632,/xwing/agiros_pilot/telemetry.reference.pose.position.z,1.5
1.503736656,1760031249.687736656,/xwing/agiros_pilot/telemetry.reference.pose.position.z,1.5
1.50374074,1760031249.687740740,/xwing/agiros_pilot/telemetry.reference.pose.position.z,1.5
1.5037730360000001,1760031249.687773036,/xwing/agiros_pilot/telemetry.reference.pose.position.z,1.5
1.5083989070000001,1760031249.692398907,/xwing/agiros_pilot/telemetry.reference.pose.position.z,1.5
1.512670913,1760031249.696670913,/xwing/agiros_pilot/telemetry.reference.pose.position.z,1.5000000000000002
1.518076475,1760031249.702076475,/xwing/agiros_pilot/telemetry.reference.pose.position.z,1.5
1.5181055300000001,1760031249.702105530,/xwing/agiros_pilot/telemetry.reference.pose.position.z,1.5
1.523416968,1760031249.707416968,/xwing/agiros_pilot/telemetry.reference.pose.position.z,1.5
1.530625461,1760031249.714625461,/xwing/agiros_pilot/telemetry.reference.pose.position.z,1.5
1.530664903,1760031249.714664903,/xwing/agiros_pilot/telemetry.reference.pose.position.z,1.5
1.537302189,1760031249.721302189,/xwing/agiros_pilot/telemetry.reference.pose.position.z,1.5
1.537324344,1760031249.721324344,/xwing/agiros_pilot/telemetry.reference.pose.position.z,1.5
1.537338728,1760031249.721338728,/xwing/agiros_pilot/telemetry.reference.pose.position.z,1.5
1.540904162,1760031249.724904162,/xwing/agiros_pilot/telemetry.reference.pose.position.z,1.5
1.5459564239999999,1760031249.729956424,/xwing/agiros_pilot/telemetry.reference.pose.position.z,1.5
1.550937329,1760031249.734937329,/xwing/agiros_pilot/telemetry.reference.pose.position.z,1.5
1.551055925,1760031249.735055925,/xwing/agiros_pilot/telemetry.reference.pose.position.z,1.5
1.5562346690000002,1760031249.740234669,/xwing/agiros_pilot/telemetry.reference.pose.position.z,1.5
1.556247044,1760031249.740247044,/xwing/agiros_pilot/telemetry.reference.pose.position.z,1.5
1.57299702,1760031249.756997020,/xwing/agiros_pilot/telemetry.reference.pose.position.z,1.5
1.5730079479999999,1760031249.757007948,/xwing/agiros_pilot/telemetry.reference.pose.position.z,1.5
1.5730243609999999,1760031249.757024361,/xwing/agiros_pilot/telemetry.reference.pose.position.z,1.5
1.573060129,1760031249.757060129,/xwing/agiros_pilot/telemetry.reference.pose.position.z,1.5
1.5786862830000001,1760031249.762686283,/xwing/agiros_pilot/telemetry.reference.pose.position.z,1.5
1.5788374680000001,1760031249.762837468,/xwing/agiros_pilot/telemetry.reference.pose.position.z,1.5
1.58611707,1760031249.770117070,/xwing/agiros_pilot/telemetry.reference.pose.position.z,1.5
1.5861536360000001,1760031249.770153636,/xwing/agiros_pilot/telemetry.reference.pose.position.z,1.5
1.586167406,1760031249.770167406,/xwing/agiros_pilot/telemetry.reference.pose.position.z,1.5
1.590094239,1760031249.774094239,/xwing/agiros_pilot/telemetry.reference.pose.position.z,1.5
1.597058529,1760031249.781058529,/xwing/agiros_pilot/telemetry.reference.pose.position.z,1.5
1.6004649930000001,1760031249.784464993,/xwing/agiros_pilot/telemetry.reference.pose.position.z,1.5
1.600530142,1760031249.784530142,/xwing/agiros_pilot/telemetry.reference.pose.position.z,1.5
1.607352727,1760031249.791352727,/xwing/agiros_pilot/telemetry.reference.pose.position.z,1.5
1.614790364,1760031249.798790364,/xwing/agiros_pilot/telemetry.reference.pose.position.z,1.5
1.614802984,1760031249.798802984,/xwing/agiros_pilot/telemetry.reference.pose.position.z,1.5
1.621713532,1760031249.805713532,/xwing/agiros_pilot/telemetry.reference.pose.position.z,1.5
1.6217331060000002,1760031249.805733106,/xwing/agiros_pilot/telemetry.reference.pose.position.z,1.5
1.621742893,1760031249.805742893,/xwing/agiros_pilot/telemetry.reference.pose.position.z,1.5
1.62652734,1760031249.810527340,/xwing/agiros_pilot/telemetry.reference.pose.position.z,1.5
1.626574801,1760031249.810574801,/xwing/agiros_pilot/telemetry.reference.pose.position.z,1.5
1.630810896,1760031249.814810896,/xwing/agiros_pilot/telemetry.reference.pose.position.z,1.5
1.634800147,1760031249.818800147,/xwing/agiros_pilot/telemetry.reference.pose.position.z,1.5
1.639370854,1760031249.823370854,/xwing/agiros_pilot/telemetry.reference.pose.position.z,1.5
1.639383677,1760031249.823383677,/xwing/agiros_pilot/telemetry.reference.pose.position.z,1.5
1.6453088820000001,1760031249.829308882,/xwing/agiros_pilot/telemetry.reference.pose.position.z,1.5
1.66024981,1760031249.844249810,/xwing/agiros_pilot/telemetry.reference.pose.position.z,1.5000000000000002
1.6602535330000001,1760031249.844253533,/xwing/agiros_pilot/telemetry.reference.pose.position.z,1.5
1.660260059,1760031249.844260059,/xwing/agiros_pilot/telemetry.reference.pose.position.z,1.5
1.660282,1760031249.844282000,/xwing/agiros_pilot/telemetry.reference.pose.position.z,1.5
1.669139294,1760031249.853139294,/xwing/agiros_pilot/telemetry.reference.pose.position.z,1.5
1.672627055,1760031249.856627055,/xwing/agiros_pilot/telemetry.reference.pose.position.z,1.5
1.672631516,1760031249.856631516,/xwing/agiros_pilot/telemetry.reference.pose.position.z,1.5
1.6726351460000002,1760031249.856635146,/xwing/agiros_pilot/telemetry.reference.pose.position.z,1.5
1.6726473880000001,1760031249.856647388,/xwing/agiros_pilot/telemetry.reference.pose.position.z,1.5
1.675581306,1760031249.859581306,/xwing/agiros_pilot/telemetry.reference.pose.position.z,1.5
1.682953235,1760031249.866953235,/xwing/agiros_pilot/telemetry.reference.pose.position.z,1.5
1.6868382350000002,1760031249.870838235,/xwing/agiros_pilot/telemetry.reference.pose.position.z,1.5
1.686841062,1760031249.870841062,/xwing/agiros_pilot/telemetry.reference.pose.position.z,1.5
1.69322158,1760031249.877221580,/xwing/agiros_pilot/telemetry.reference.pose.position.z,1.5000000000000002
1.693224509,1760031249.877224509,/xwing/agiros_pilot/telemetry.reference.pose.position.z,1.5
1.708306799,1760031249.892306799,/xwing/agiros_pilot/telemetry.reference.pose.position.z,1.5
1.708313317,1760031249.892313317,/xwing/agiros_pilot/telemetry.reference.pose.position.z,1.5
1.708323819,1760031249.892323819,/xwing/agiros_pilot/telemetry.reference.pose.position.z,1.5
1.708341371,1760031249.892341371,/xwing/agiros_pilot/telemetry.reference.pose.position.z,1.5
1.711900161,1760031249.895900161,/xwing/agiros_pilot/telemetry.reference.pose.position.z,1.5
1.711908674,1760031249.895908674,/xwing/agiros_pilot/telemetry.reference.pose.position.z,1.5
1.7179603509999999,1760031249.901960351,/xwing/agiros_pilot/telemetry.reference.pose.position.z,1.5
1.7246783790000002,1760031249.908678379,/xwing/agiros_pilot/telemetry.reference.pose.position.z,1.5
1.724711813,1760031249.908711813,/xwing/agiros_pilot/telemetry.reference.pose.position.z,1.5
1.727746607,1760031249.911746607,/xwing/agiros_pilot/telemetry.reference.pose.position.z,1.5
1.734156639,1760031249.918156639,/xwing/agiros_pilot/telemetry.reference.pose.position.z,1.5
1.7341820810000002,1760031249.918182081,/xwing/agiros_pilot/telemetry.reference.pose.position.z,1.5
1.739527405,1760031249.923527405,/xwing/agiros_pilot/telemetry.reference.pose.position.z,1.5
1.73953244,1760031249.923532440,/xwing/agiros_pilot/telemetry.reference.pose.position.z,1.5
1.757493251,1760031249.941493251,/xwing/agiros_pilot/telemetry.reference.pose.position.z,1.5
1.757500966,1760031249.941500966,/xwing/agiros_pilot/telemetry.reference.pose.position.z,1.5
1.7575071800000002,1760031249.941507180,/xwing/agiros_pilot/telemetry.reference.pose.position.z,1.5
1.7575237540000002,1760031249.941523754,/xwing/agiros_pilot/telemetry.reference.pose.position.z,1.5
1.76063414,1760031249.944634140,/xwing/agiros_pilot/telemetry.reference.pose.position.z,1.5
1.760642238,1760031249.944642238,/xwing/agiros_pilot/telemetry.reference.pose.position.z,1.5
1.765869482,1760031249.949869482,/xwing/agiros_pilot/telemetry.reference.pose.position.z,1.5
1.7967503260000002,1760031249.980750326,/xwing/agiros_pilot/telemetry.reference.pose.position.z,1.5
1.7967590150000001,1760031249.980759015,/xwing/agiros_pilot/telemetry.reference.pose.position.z,1.5
1.796765019,1760031249.980765019,/xwing/agiros_pilot/telemetry.reference.pose.position.z,1.5
1.796770988,1760031249.980770988,/xwing/agiros_pilot/telemetry.reference.pose.position.z,1.5
1.796777816,1760031249.980777816,/xwing/agiros_pilot/telemetry.reference.pose.position.z,1.5
1.796790137,1760031249.980790137,/xwing/agiros_pilot/telemetry.reference.pose.position.z,1.5
1.8008728390000002,1760031249.984872839,/xwing/agiros_pilot/telemetry.reference.pose.position.z,1.5
1.8008779650000002,1760031249.984877965,/xwing/agiros_pilot/telemetry.reference.pose.position.z,1.5
1.800892404,1760031249.984892404,/xwing/agiros_pilot/telemetry.reference.pose.position.z,1.5
1.800906161,1760031249.984906161,/xwing/agiros_pilot/telemetry.reference.pose.position.z,1.5
1.8054868540000002,1760031249.989486854,/xwing/agiros_pilot/telemetry.reference.pose.position.z,1.5
1.805491764,1760031249.989491764,/xwing/agiros_pilot/telemetry.reference.pose.position.z,1.4999999999999998
1.812049307,1760031249.996049307,/xwing/agiros_pilot/telemetry.reference.pose.position.z,1.5
1.812054994,1760031249.996054994,/xwing/agiros_pilot/telemetry.reference.pose.position.z,1.5
1.8165756690000001,1760031250.000575669,/xwing/agiros_pilot/telemetry.reference.pose.position.z,1.5
1.816580555,1760031250.000580555,/xwing/agiros_pilot/telemetry.reference.pose.position.z,1.5
1.8324338610000002,1760031250.016433861,/xwing/agiros_pilot/telemetry.reference.pose.position.z,1.5
1.832469627,1760031250.016469627,/xwing/agiros_pilot/telemetry.reference.pose.position.z,1.5
1.832492059,1760031250.016492059,/xwing/agiros_pilot/telemetry.reference.pose.position.z,1.5
1.832513647,1760031250.016513647,/xwing/agiros_pilot/telemetry.reference.pose.position.z,1.5
1.857041926,1760031250.041041926,/xwing/agiros_pilot/telemetry.reference.pose.position.z,1.5
1.857051507,1760031250.041051507,/xwing/agiros_pilot/telemetry.reference.pose.position.z,1.5
1.857059626,1760031250.041059626,/xwing/agiros_pilot/telemetry.reference.pose.position.z,1.5
1.857093783,1760031250.041093783,/xwing/agiros_pilot/telemetry.reference.pose.position.z,1.5
1.857118087,1760031250.041118087,/xwing/agiros_pilot/telemetry.reference.pose.position.z,1.5
1.857131865,1760031250.041131865,/xwing/agiros_pilot/telemetry.reference.pose.position.z,1.5
1.857142531,1760031250.041142531,/xwing/agiros_pilot/telemetry.reference.pose.position.z,1.5
1.857172961,1760031250.041172961,/xwing/agiros_pilot/telemetry.reference.pose.position.z,1.5
1.86395849,1760031250.047958490,/xwing/agiros_pilot/telemetry.reference.pose.position.z,1.5
1.863973428,1760031250.047973428,/xwing/agiros_pilot/telemetry.reference.pose.position.z,1.5
1.869057133,1760031250.053057133,/xwing/agiros_pilot/telemetry.reference.pose.position.z,1.5
1.8733740490000002,1760031250.057374049,/xwing/agiros_pilot/telemetry.reference.pose.position.z,1.5
1.873382253,1760031250.057382253,/xwing/agiros_pilot/telemetry.reference.pose.position.z,1.5
1.876355292,1760031250.060355292,/xwing/agiros_pilot/telemetry.reference.pose.position.z,1.5
1.880213183,1760031250.064213183,/xwing/agiros_pilot/telemetry.reference.pose.position.z,1.5
1.888610353,1760031250.072610353,/xwing/agiros_pilot/telemetry.reference.pose.position.z,1.5
1.888624354,1760031250.072624354,/xwing/agiros_pilot/telemetry.reference.pose.position.z,1.5
1.895090287,1760031250.079090287,/xwing/agiros_pilot/telemetry.reference.pose.position.z,1.5
1.895118228,1760031250.079118228,/xwing/agiros_pilot/telemetry.reference.pose.position.z,1.4999999999999998
1.91124635,1760031250.095246350,/xwing/agiros_pilot/telemetry.reference.pose.position.z,1.5
1.911260245,1760031250.095260245,/xwing/agiros_pilot/telemetry.reference.pose.position.z,1.5
1.9112882990000002,1760031250.095288299,/xwing/agiros_pilot/telemetry.reference.pose.position.z,1.5
1.911316744,1760031250.095316744,/xwing/agiros_pilot/telemetry.reference.pose.position.z,1.5
1.917081851,1760031250.101081851,/xwing/agiros_pilot/telemetry.reference.pose.position.z,1.5
1.91709506,1760031250.101095060,/xwing/agiros_pilot/telemetry.reference.pose.position.z,1.5
1.917151108,1760031250.101151108,/xwing/agiros_pilot/telemetry.reference.pose.position.z,1.5
1.9238463060000002,1760031250.107846306,/xwing/agiros_pilot/telemetry.reference.pose.position.z,1.5
1.9239417300000001,1760031250.107941730,/xwing/agiros_pilot/telemetry.reference.pose.position.z,1.5
1.9292977470000001,1760031250.113297747,/xwing/agiros_pilot/telemetry.reference.pose.position.z,1.5
1.9351807980000002,1760031250.119180798,/xwing/agiros_pilot/telemetry.reference.pose.position.z,1.5
1.93519689,1760031250.119196890,/xwing/agiros_pilot/telemetry.reference.pose.position.z,1.5
1.940291743,1760031250.124291743,/xwing/agiros_pilot/telemetry.reference.pose.position.z,1.5000000000000002
1.9403066560000002,1760031250.124306656,/xwing/agiros_pilot/telemetry.reference.pose.position.z,1.5
1.955955236,1760031250.139955236,/xwing/agiros_pilot/telemetry.reference.pose.position.z,1.5
1.955977812,1760031250.139977812,/xwing/agiros_pilot/telemetry.reference.pose.position.z,1.5
1.956012869,1760031250.140012869,/xwing/agiros_pilot/telemetry.reference.pose.position.z,1.5
1.956053872,1760031250.140053872,/xwing/agiros_pilot/telemetry.reference.pose.position.z,1.5
1.9602225350000002,1760031250.144222535,/xwing/agiros_pilot/telemetry.reference.pose.position.z,1.5
1.960262662,1760031250.144262662,/xwing/agiros_pilot/telemetry.reference.pose.position.z,1.5
1.971061347,1760031250.155061347,/xwing/agiros_pilot/telemetry.reference.pose.position.z,1.5
1.9710877180000002,1760031250.155087718,/xwing/agiros_pilot/telemetry.reference.pose.position.z,1.5
1.976037446,1760031250.160037446,/xwing/agiros_pilot/telemetry.reference.pose.position.z,1.5
1.97604156,1760031250.160041560,/xwing/agiros_pilot/telemetry.reference.pose.position.z,1.5
1.989809487,1760031250.173809487,/xwing/agiros_pilot/telemetry.reference.pose.position.z,1.5
1.98981347,1760031250.173813470,/xwing/agiros_pilot/telemetry.reference.pose.position.z,1.5
1.989864998,1760031250.173864998,/xwing/agiros_pilot/telemetry.reference.pose.position.z,1.4999999999999998
1.989870577,1760031250.173870577,/xwing/agiros_pilot/telemetry.reference.pose.position.z,1.5
1.993501089,1760031250.177501089,/xwing/agiros_pilot/telemetry.reference.pose.position.z,1.5
1.993507705,1760031250.177507705,/xwing/agiros_pilot/telemetry.reference.pose.position.z,1.5
2.002762963,1760031250.186762963,/xwing/agiros_pilot/telemetry.reference.pose.position.z,1.5
2.002814457,1760031250.186814457,/xwing/agiros_pilot/telemetry.reference.pose.position.z,1.5
2.00665793,1760031250.190657930,/xwing/agiros_pilot/telemetry.reference.pose.position.z,1.5
2.006670868,1760031250.190670868,/xwing/agiros_pilot/telemetry.reference.pose.position.z,1.5
2.021572172,1760031250.205572172,/xwing/agiros_pilot/telemetry.reference.pose.position.z,1.5
2.021709384,1760031250.205709384,/xwing/agiros_pilot/telemetry.reference.pose.position.z,1.5
2.021788996,1760031250.205788996,/xwing/agiros_pilot/telemetry.reference.pose.position.z,1.5
2.021841498,1760031250.205841498,/xwing/agiros_pilot/telemetry.reference.pose.position.z,1.5
2.026746102,1760031250.210746102,/xwing/agiros_pilot/telemetry.reference.pose.position.z,1.5
2.026796581,1760031250.210796581,/xwing/agiros_pilot/telemetry.reference.pose.position.z,1.5
2.031816015,1760031250.215816015,/xwing/agiros_pilot/telemetry.reference.pose.position.z,1.5
2.031827462,1760031250.215827462,/xwing/agiros_pilot/telemetry.reference.pose.position.z,1.5
2.036593534,1760031250.220593534,/xwing/agiros_pilot/telemetry.reference.pose.position.z,1.5
2.039798473,1760031250.223798473,/xwing/agiros_pilot/telemetry.reference.pose.position.z,1.5
2.051796013,1760031250.235796013,/xwing/agiros_pilot/telemetry.reference.pose.position.z,1.5
2.055840676,1760031250.239840676,/xwing/agiros_pilot/telemetry.reference.pose.position.z,1.5
2.055894104,1760031250.239894104,/xwing/agiros_pilot/telemetry.reference.pose.position.z,1.5
2.05593117,1760031250.239931170,/xwing/agiros_pilot/telemetry.reference.pose.position.z,1.5
2.055947841,1760031250.239947841,/xwing/agiros_pilot/telemetry.reference.pose.position.z,1.5
2.067545091,1760031250.251545091,/xwing/agiros_pilot/telemetry.reference.pose.position.z,1.5
2.067584636,1760031250.251584636,/xwing/agiros_pilot/telemetry.reference.pose.position.z,1.5
2.067669007,1760031250.251669007,/xwing/agiros_pilot/telemetry.reference.pose.position.z,1.5
2.072756459,1760031250.256756459,/xwing/agiros_pilot/telemetry.reference.pose.position.z,1.5
2.077223344,1760031250.261223344,/xwing/agiros_pilot/telemetry.reference.pose.position.z,1.5
2.077272961,1760031250.261272961,/xwing/agiros_pilot/telemetry.reference.pose.position.z,1.5
2.08519458,1760031250.269194580,/xwing/agiros_pilot/telemetry.reference.pose.position.z,1.5
2.085205737,1760031250.269205737,/xwing/agiros_pilot/telemetry.reference.pose.position.z,1.5
2.085393585,1760031250.269393585,/xwing/agiros_pilot/telemetry.reference.pose.position.z,1.5
2.090198745,1760031250.274198745,/xwing/agiros_pilot/telemetry.reference.pose.position.z,1.5
2.097159129,1760031250.281159129,/xwing/agiros_pilot/telemetry.reference.pose.position.z,1.5
2.103402482,1760031250.287402482,/xwing/agiros_pilot/telemetry.reference.pose.position.z,1.5
2.103462024,1760031250.287462024,/xwing/agiros_pilot/telemetry.reference.pose.position.z,1.5
2.114372092,1760031250.298372092,/xwing/agiros_pilot/telemetry.reference.pose.position.z,1.5
2.114447471,1760031250.298447471,/xwing/agiros_pilot/telemetry.reference.pose.position.z,1.5
2.114532212,1760031250.298532212,/xwing/agiros_pilot/telemetry.reference.pose.position.z,1.5
2.120034973,1760031250.304034973,/xwing/agiros_pilot/telemetry.reference.pose.position.z,1.5
2.1200639470000002,1760031250.304063947,/xwing/agiros_pilot/telemetry.reference.pose.position.z,1.5
2.120089221,1760031250.304089221,/xwing/agiros_pilot/telemetry.reference.pose.position.z,1.5
2.138127474,1760031250.322127474,/xwing/agiros_pilot/telemetry.reference.pose.position.z,1.5
2.13814114,1760031250.322141140,/xwing/agiros_pilot/telemetry.reference.pose.position.z,1.5
2.138155634,1760031250.322155634,/xwing/agiros_pilot/telemetry.reference.pose.position.z,1.5
2.138167761,1760031250.322167761,/xwing/agiros_pilot/telemetry.reference.pose.position.z,1.5
2.145497031,1760031250.329497031,/xwing/agiros_pilot/telemetry.reference.pose.position.z,1.5
2.145691088,1760031250.329691088,/xwing/agiros_pilot/telemetry.reference.pose.position.z,1.5
2.156325394,1760031250.340325394,/xwing/agiros_pilot/telemetry.reference.pose.position.z,1.5
2.156376435,1760031250.340376435,/xwing/agiros_pilot/telemetry.reference.pose.position.z,1.5
2.156429117,1760031250.340429117,/xwing/agiros_pilot/telemetry.reference.pose.position.z,1.5
2.156472371,1760031250.340472371,/xwing/agiros_pilot/telemetry.reference.pose.position.z,1.5
2.16164893,1760031250.345648930,/xwing/agiros_pilot/telemetry.reference.pose.position.z,1.5
2.161668987,1760031250.345668987,/xwing/agiros_pilot/telemetry.reference.pose.position.z,1.5
2.167366435,1760031250.351366435,/xwing/agiros_pilot/telemetry.reference.pose.position.z,1.5
2.176100822,1760031250.360100822,/xwing/agiros_pilot/telemetry.reference.pose.position.z,1.5
2.176113797,1760031250.360113797,/xwing/agiros_pilot/telemetry.reference.pose.position.z,1.5
2.176138046,1760031250.360138046,/xwing/agiros_pilot/telemetry.reference.pose.position.z,1.5
2.182043745,1760031250.366043745,/xwing/agiros_pilot/telemetry.reference.pose.position.z,1.5
2.182137276,1760031250.366137276,/xwing/agiros_pilot/telemetry.reference.pose.position.z,1.5
2.185419458,1760031250.369419458,/xwing/agiros_pilot/telemetry.reference.pose.position.z,1.5
2.185434843,1760031250.369434843,/xwing/agiros_pilot/telemetry.reference.pose.position.z,1.5
2.201359235,1760031250.385359235,/xwing/agiros_pilot/telemetry.reference.pose.position.z,1.5
2.201365381,1760031250.385365381,/xwing/agiros_pilot/telemetry.reference.pose.position.z,1.5
2.201383167,1760031250.385383167,/xwing/agiros_pilot/telemetry.reference.pose.position.z,1.5
2.201389736,1760031250.385389736,/xwing/agiros_pilot/telemetry.reference.pose.position.z,1.5
2.204900412,1760031250.388900412,/xwing/agiros_pilot/telemetry.reference.pose.position.z,1.5
2.204911124,1760031250.388911124,/xwing/agiros_pilot/telemetry.reference.pose.position.z,1.5
2.211245518,1760031250.395245518,/xwing/agiros_pilot/telemetry.reference.pose.position.z,1.5
2.214747152,1760031250.398747152,/xwing/agiros_pilot/telemetry.reference.pose.position.z,1.5
2.214767358,1760031250.398767358,/xwing/agiros_pilot/telemetry.reference.pose.position.z,1.5
2.21944922,1760031250.403449220,/xwing/agiros_pilot/telemetry.reference.pose.position.z,1.5
2.223807185,1760031250.407807185,/xwing/agiros_pilot/telemetry.reference.pose.position.z,1.5
2.229059085,1760031250.413059085,/xwing/agiros_pilot/telemetry.reference.pose.position.z,1.5
2.233795933,1760031250.417795933,/xwing/agiros_pilot/telemetry.reference.pose.position.z,1.5
2.233814438,1760031250.417814438,/xwing/agiros_pilot/telemetry.reference.pose.position.z,1.5
2.236944764,1760031250.420944764,/xwing/agiros_pilot/telemetry.reference.pose.position.z,1.5
2.242971293,1760031250.426971293,/xwing/agiros_pilot/telemetry.reference.pose.position.z,1.5
2.248707397,1760031250.432707397,/xwing/agiros_pilot/telemetry.reference.pose.position.z,1.5
2.24871856,1760031250.432718560,/xwing/agiros_pilot/telemetry.reference.pose.position.z,1.5
2.257441713,1760031250.441441713,/xwing/agiros_pilot/telemetry.reference.pose.position.z,1.5
2.257465509,1760031250.441465509,/xwing/agiros_pilot/telemetry.reference.pose.position.z,1.5
2.257557235,1760031250.441557235,/xwing/agiros_pilot/telemetry.reference.pose.position.z,1.5
2.2666018,1760031250.450601800,/xwing/agiros_pilot/telemetry.reference.pose.position.z,1.5
2.266880635,1760031250.450880635,/xwing/agiros_pilot/telemetry.reference.pose.position.z,1.5
2.270494079,1760031250.454494079,/xwing/agiros_pilot/telemetry.reference.pose.position.z,1.5
2.27053319,1760031250.454533190,/xwing/agiros_pilot/telemetry.reference.pose.position.z,1.5
2.28673589,1760031250.470735890,/xwing/agiros_pilot/telemetry.reference.pose.position.z,1.5
2.286749066,1760031250.470749066,/xwing/agiros_pilot/telemetry.reference.pose.position.z,1.5
2.286839911,1760031250.470839911,/xwing/agiros_pilot/telemetry.reference.pose.position.z,1.5
2.28686948,1760031250.470869480,/xwing/agiros_pilot/telemetry.reference.pose.position.z,1.5
2.289730338,1760031250.473730338,/xwing/agiros_pilot/telemetry.reference.pose.position.z,1.5
2.289779749,1760031250.473779749,/xwing/agiros_pilot/telemetry.reference.pose.position.z,1.5
2.293342061,1760031250.477342061,/xwing/agiros_pilot/telemetry.reference.pose.position.z,1.5
2.30017759,1760031250.484177590,/xwing/agiros_pilot/telemetry.reference.pose.position.z,1.5
2.305303137,1760031250.489303137,/xwing/agiros_pilot/telemetry.reference.pose.position.z,1.5
2.305324474,1760031250.489324474,/xwing/agiros_pilot/telemetry.reference.pose.position.z,1.5
2.311799799,1760031250.495799799,/xwing/agiros_pilot/telemetry.reference.pose.position.z,1.5
2.31183216,1760031250.495832160,/xwing/agiros_pilot/telemetry.reference.pose.position.z,1.5
2.357656076,1760031250.541656076,/xwing/agiros_pilot/telemetry.reference.pose.position.z,1.5
2.357669231,1760031250.541669231,/xwing/agiros_pilot/telemetry.reference.pose.position.z,1.5
2.357679786,1760031250.541679786,/xwing/agiros_pilot/telemetry.reference.pose.position.z,1.5
2.357695169,1760031250.541695169,/xwing/agiros_pilot/telemetry.reference.pose.position.z,1.5
2.357710495,1760031250.541710495,/xwing/agiros_pilot/telemetry.reference.pose.position.z,1.5
2.357736474,1760031250.541736474,/xwing/agiros_pilot/telemetry.reference.pose.position.z,1.5
2.3577518360000003,1760031250.541751836,/xwing/agiros_pilot/telemetry.reference.pose.position.z,1.5000000000000002
2.357764237,1760031250.541764237,/xwing/agiros_pilot/telemetry.reference.pose.position.z,1.5
2.357783669,1760031250.541783669,/xwing/agiros_pilot/telemetry.reference.pose.position.z,1.5
2.357803357,1760031250.541803357,/xwing/agiros_pilot/telemetry.reference.pose.position.z,1.5
2.357817139,1760031250.541817139,/xwing/agiros_pilot/telemetry.reference.pose.position.z,1.5
2.357832346,1760031250.541832346,/xwing/agiros_pilot/telemetry.reference.pose.position.z,1.5
2.361983455,1760031250.545983455,/xwing/agiros_pilot/telemetry.reference.pose.position.z,1.5
2.361988455,1760031250.545988455,/xwing/agiros_pilot/telemetry.reference.pose.position.z,1.5
2.361992087,1760031250.545992087,/xwing/agiros_pilot/telemetry.reference.pose.position.z,1.5
2.36547837,1760031250.549478370,/xwing/agiros_pilot/telemetry.reference.pose.position.z,1.5
2.365483852,1760031250.549483852,/xwing/agiros_pilot/telemetry.reference.pose.position.z,1.5
2.370985655,1760031250.554985655,/xwing/agiros_pilot/telemetry.reference.pose.position.z,1.5
2.37737838,1760031250.561378380,/xwing/agiros_pilot/telemetry.reference.pose.position.z,1.5
2.377388527,1760031250.561388527,/xwing/agiros_pilot/telemetry.reference.pose.position.z,1.5
2.397989732,1760031250.581989732,/xwing/agiros_pilot/telemetry.reference.pose.position.z,1.5
2.397995864,1760031250.581995864,/xwing/agiros_pilot/telemetry.reference.pose.position.z,1.5
2.398004104,1760031250.582004104,/xwing/agiros_pilot/telemetry.reference.pose.position.z,1.5
2.3980100540000002,1760031250.582010054,/xwing/agiros_pilot/telemetry.reference.pose.position.z,1.5
2.402829902,1760031250.586829902,/xwing/agiros_pilot/telemetry.reference.pose.position.z,1.5
2.402834794,1760031250.586834794,/xwing/agiros_pilot/telemetry.reference.pose.position.z,1.5
2.4028408690000003,1760031250.586840869,/xwing/agiros_pilot/telemetry.reference.pose.position.z,1.5
2.402844961,1760031250.586844961,/xwing/agiros_pilot/telemetry.reference.pose.position.z,1.5
2.40850271,1760031250.592502710,/xwing/agiros_pilot/telemetry.reference.pose.position.z,1.5
2.408508545,1760031250.592508545,/xwing/agiros_pilot/telemetry.reference.pose.position.z,1.5
2.412116873,1760031250.596116873,/xwing/agiros_pilot/telemetry.reference.pose.position.z,1.5
2.420264763,1760031250.604264763,/xwing/agiros_pilot/telemetry.reference.pose.position.z,1.4999999999999998
2.424651494,1760031250.608651494,/xwing/agiros_pilot/telemetry.reference.pose.position.z,1.5
2.424728669,1760031250.608728669,/xwing/agiros_pilot/telemetry.reference.pose.position.z,1.5
2.4297609060000003,1760031250.613760906,/xwing/agiros_pilot/telemetry.reference.pose.position.z,1.5
2.429773426,1760031250.613773426,/xwing/agiros_pilot/telemetry.reference.pose.position.z,1.5
2.448073136,1760031250.632073136,/xwing/agiros_pilot/telemetry.reference.pose.position.z,1.5
2.448091373,1760031250.632091373,/xwing/agiros_pilot/telemetry.reference.pose.position.z,1.5
2.448111919,1760031250.632111919,/xwing/agiros_pilot/telemetry.reference.pose.position.z,1.5
2.448130639,1760031250.632130639,/xwing/agiros_pilot/telemetry.reference.pose.position.z,1.5
2.4519738970000002,1760031250.635973897,/xwing/agiros_pilot/telemetry.reference.pose.position.z,1.5
2.452005483,1760031250.636005483,/xwing/agiros_pilot/telemetry.reference.pose.position.z,1.5
2.457452922,1760031250.641452922,/xwing/agiros_pilot/telemetry.reference.pose.position.z,1.5
2.457470612,1760031250.641470612,/xwing/agiros_pilot/telemetry.reference.pose.position.z,1.5
2.463945226,1760031250.647945226,/xwing/agiros_pilot/telemetry.reference.pose.position.z,1.5
2.469251648,1760031250.653251648,/xwing/agiros_pilot/telemetry.reference.pose.position.z,1.5
2.469284541,1760031250.653284541,/xwing/agiros_pilot/telemetry.reference.pose.position.z,1.5
2.476901293,1760031250.660901293,/xwing/agiros_pilot/telemetry.reference.pose.position.z,1.5
2.476933293,1760031250.660933293,/xwing/agiros_pilot/telemetry.reference.pose.position.z,1.5
2.4769422260000002,1760031250.660942226,/xwing/agiros_pilot/telemetry.reference.pose.position.z,1.5000000000000002
2.484450943,1760031250.668450943,/xwing/agiros_pilot/telemetry.reference.pose.position.z,1.5
2.484590018,1760031250.668590018,/xwing/agiros_pilot/telemetry.reference.pose.position.z,1.5
2.489000687,1760031250.673000687,/xwing/agiros_pilot/telemetry.reference.pose.position.z,1.5
2.489012254,1760031250.673012254,/xwing/agiros_pilot/telemetry.reference.pose.position.z,1.5
2.50571901,1760031250.689719010,/xwing/agiros_pilot/telemetry.reference.pose.position.z,1.5
2.505733811,1760031250.689733811,/xwing/agiros_pilot/telemetry.reference.pose.position.z,1.5
2.505747312,1760031250.689747312,/xwing/agiros_pilot/telemetry.reference.pose.position.z,1.5
2.505805111,1760031250.689805111,/xwing/agiros_pilot/telemetry.reference.pose.position.z,1.5
2.512056194,1760031250.696056194,/xwing/agiros_pilot/telemetry.reference.pose.position.z,1.4999999999999998
2.512087252,1760031250.696087252,/xwing/agiros_pilot/telemetry.reference.pose.position.z,1.5
2.5121108210000003,1760031250.696110821,/xwing/agiros_pilot/telemetry.reference.pose.position.z,1.5
2.518233032,1760031250.702233032,/xwing/agiros_pilot/telemetry.reference.pose.position.z,1.5
2.51826191,1760031250.702261910,/xwing/agiros_pilot/telemetry.reference.pose.position.z,1.5
2.522668338,1760031250.706668338,/xwing/agiros_pilot/telemetry.reference.pose.position.z,1.5
2.529213769,1760031250.713213769,/xwing/agiros_pilot/telemetry.reference.pose.position.z,1.5
2.538050621,1760031250.722050621,/xwing/agiros_pilot/telemetry.reference.pose.position.z,1.5
2.538064486,1760031250.722064486,/xwing/agiros_pilot/telemetry.reference.pose.position.z,1.5
2.538114831,1760031250.722114831,/xwing/agiros_pilot/telemetry.reference.pose.position.z,1.5
2.565465004,1760031250.749465004,/xwing/agiros_pilot/telemetry.reference.pose.position.z,1.5
2.565492943,1760031250.749492943,/xwing/agiros_pilot/telemetry.reference.pose.position.z,1.5
2.565514583,1760031250.749514583,/xwing/agiros_pilot/telemetry.reference.pose.position.z,1.5
2.5655379590000003,1760031250.749537959,/xwing/agiros_pilot/telemetry.reference.pose.position.z,1.5
2.565563257,1760031250.749563257,/xwing/agiros_pilot/telemetry.reference.pose.position.z,1.5
2.565580182,1760031250.749580182,/xwing/agiros_pilot/telemetry.reference.pose.position.z,1.5
2.565605023,1760031250.749605023,/xwing/agiros_pilot/telemetry.reference.pose.position.z,1.5
2.565621389,1760031250.749621389,/xwing/agiros_pilot/telemetry.reference.pose.position.z,1.5
2.5696709269999998,1760031250.753670927,/xwing/agiros_pilot/telemetry.reference.pose.position.z,1.5
2.569685863,1760031250.753685863,/xwing/agiros_pilot/telemetry.reference.pose.position.z,1.5
2.573218584,1760031250.757218584,/xwing/agiros_pilot/telemetry.reference.pose.position.z,1.5
2.608102904,1760031250.792102904,/xwing/agiros_pilot/telemetry.reference.pose.position.z,1.5
2.608106918,1760031250.792106918,/xwing/agiros_pilot/telemetry.reference.pose.position.z,1.5
2.608114965,1760031250.792114965,/xwing/agiros_pilot/telemetry.reference.pose.position.z,1.5
2.6081199660000003,1760031250.792119966,/xwing/agiros_pilot/telemetry.reference.pose.position.z,1.5
2.6081246240000002,1760031250.792124624,/xwing/agiros_pilot/telemetry.reference.pose.position.z,1.5
2.608133379,1760031250.792133379,/xwing/agiros_pilot/telemetry.reference.pose.position.z,1.5
2.6081395990000003,1760031250.792139599,/xwing/agiros_pilot/telemetry.reference.pose.position.z,1.5000000000000002
2.608147547,1760031250.792147547,/xwing/agiros_pilot/telemetry.reference.pose.position.z,1.5
2.60815139,1760031250.792151390,/xwing/agiros_pilot/telemetry.reference.pose.position.z,1.5
2.608153848,1760031250.792153848,/xwing/agiros_pilot/telemetry.reference.pose.position.z,1.5
2.628281252,1760031250.812281252,/xwing/agiros_pilot/telemetry.reference.pose.position.z,1.5
2.628286122,1760031250.812286122,/xwing/agiros_pilot/telemetry.reference.pose.position.z,1.5
2.628290037,1760031250.812290037,/xwing/agiros_pilot/telemetry.reference.pose.position.z,1.5
2.628295832,1760031250.812295832,/xwing/agiros_pilot/telemetry.reference.pose.position.z,1.5
2.628303101,1760031250.812303101,/xwing/agiros_pilot/telemetry.reference.pose.position.z,1.5
2.62830696,1760031250.812306960,/xwing/agiros_pilot/telemetry.reference.pose.position.z,1.5
2.631643751,1760031250.815643751,/xwing/agiros_pilot/telemetry.reference.pose.position.z,1.5
2.631671965,1760031250.815671965,/xwing/agiros_pilot/telemetry.reference.pose.position.z,1.5
2.6387311540000002,1760031250.822731154,/xwing/agiros_pilot/telemetry.reference.pose.position.z,1.5
2.638753524,1760031250.822753524,/xwing/agiros_pilot/telemetry.reference.pose.position.z,1.5000000000000002
2.643328335,1760031250.827328335,/xwing/agiros_pilot/telemetry.reference.pose.position.z,1.5
2.649292189,1760031250.833292189,/xwing/agiros_pilot/telemetry.reference.pose.position.z,1.5
2.649295705,1760031250.833295705,/xwing/agiros_pilot/telemetry.reference.pose.position.z,1.5
2.654807206,1760031250.838807206,/xwing/agiros_pilot/telemetry.reference.pose.position.z,1.5
2.654817488,1760031250.838817488,/xwing/agiros_pilot/telemetry.reference.pose.position.z,1.5
2.69994301,1760031250.883943010,/xwing/agiros_pilot/telemetry.reference.pose.position.z,1.5
2.699953774,1760031250.883953774,/xwing/agiros_pilot/telemetry.reference.pose.position.z,1.5
2.699966918,1760031250.883966918,/xwing/agiros_pilot/telemetry.reference.pose.position.z,1.5
2.699977864,1760031250.883977864,/xwing/agiros_pilot/telemetry.reference.pose.position.z,1.5
2.699987802,1760031250.883987802,/xwing/agiros_pilot/telemetry.reference.pose.position.z,1.5
2.700009873,1760031250.884009873,/xwing/agiros_pilot/telemetry.reference.pose.position.z,1.5
2.700020458,1760031250.884020458,/xwing/agiros_pilot/telemetry.reference.pose.position.z,1.5
2.700031155,1760031250.884031155,/xwing/agiros_pilot/telemetry.reference.pose.position.z,1.5
2.700040568,1760031250.884040568,/xwing/agiros_pilot/telemetry.reference.pose.position.z,1.4999999999999998
2.700049531,1760031250.884049531,/xwing/agiros_pilot/telemetry.reference.pose.position.z,1.5
2.700092826,1760031250.884092826,/xwing/agiros_pilot/telemetry.reference.pose.position.z,1.5
2.700104345,1760031250.884104345,/xwing/agiros_pilot/telemetry.reference.pose.position.z,1.5
2.70202321,1760031250.886023210,/xwing/agiros_pilot/telemetry.reference.pose.position.z,1.5
2.7020387130000003,1760031250.886038713,/xwing/agiros_pilot/telemetry.reference.pose.position.z,1.5
2.708769895,1760031250.892769895,/xwing/agiros_pilot/telemetry.reference.pose.position.z,1.5
2.712574387,1760031250.896574387,/xwing/agiros_pilot/telemetry.reference.pose.position.z,1.5
2.71259101,1760031250.896591010,/xwing/agiros_pilot/telemetry.reference.pose.position.z,1.5
2.719720073,1760031250.903720073,/xwing/agiros_pilot/telemetry.reference.pose.position.z,1.5
2.7197232600000003,1760031250.903723260,/xwing/agiros_pilot/telemetry.reference.pose.position.z,1.5
2.73460505,1760031250.918605050,/xwing/agiros_pilot/telemetry.reference.pose.position.z,1.5
2.734609078,1760031250.918609078,/xwing/agiros_pilot/telemetry.reference.pose.position.z,1.5
2.7346246450000002,1760031250.918624645,/xwing/agiros_pilot/telemetry.reference.pose.position.z,1.5
2.7346285100000003,1760031250.918628510,/xwing/agiros_pilot/telemetry.reference.pose.position.z,1.5
2.753071914,1760031250.937071914,/xwing/agiros_pilot/telemetry.reference.pose.position.z,1.5
2.7530897430000003,1760031250.937089743,/xwing/agiros_pilot/telemetry.reference.pose.position.z,1.5
2.753102873,1760031250.937102873,/xwing/agiros_pilot/telemetry.reference.pose.position.z,1.5
2.7531279140000002,1760031250.937127914,/xwing/agiros_pilot/telemetry.reference.pose.position.z,1.5
2.757360986,1760031250.941360986,/xwing/agiros_pilot/telemetry.reference.pose.position.z,1.5
2.757371156,1760031250.941371156,/xwing/agiros_pilot/telemetry.reference.pose.position.z,1.5
2.762161489,1760031250.946161489,/xwing/agiros_pilot/telemetry.reference.pose.position.z,1.5
2.762167633,1760031250.946167633,/xwing/agiros_pilot/telemetry.reference.pose.position.z,1.5
2.762179873,1760031250.946179873,/xwing/agiros_pilot/telemetry.reference.pose.position.z,1.5
2.766787902,1760031250.950787902,/xwing/agiros_pilot/telemetry.reference.pose.position.z,1.5
2.771581608,1760031250.955581608,/xwing/agiros_pilot/telemetry.reference.pose.position.z,1.5
2.776066799,1760031250.960066799,/xwing/agiros_pilot/telemetry.reference.pose.position.z,1.5
2.776135332,1760031250.960135332,/xwing/agiros_pilot/telemetry.reference.pose.position.z,1.5
2.782678834,1760031250.966678834,/xwing/agiros_pilot/telemetry.reference.pose.position.z,1.5
2.782752147,1760031250.966752147,/xwing/agiros_pilot/telemetry.reference.pose.position.z,1.5000000000000002
2.798088629,1760031250.982088629,/xwing/agiros_pilot/telemetry.reference.pose.position.z,1.5
2.798115123,1760031250.982115123,/xwing/agiros_pilot/telemetry.reference.pose.position.z,1.5
2.798146516,1760031250.982146516,/xwing/agiros_pilot/telemetry.reference.pose.position.z,1.5
2.798163207,1760031250.982163207,/xwing/agiros_pilot/telemetry.reference.pose.position.z,1.5
2.804636843,1760031250.988636843,/xwing/agiros_pilot/telemetry.reference.pose.position.z,1.5
2.804688822,1760031250.988688822,/xwing/agiros_pilot/telemetry.reference.pose.position.z,1.5
2.80976613,1760031250.993766130,/xwing/agiros_pilot/telemetry.reference.pose.position.z,1.5
2.809810911,1760031250.993810911,/xwing/agiros_pilot/telemetry.reference.pose.position.z,1.5
2.815254566,1760031250.999254566,/xwing/agiros_pilot/telemetry.reference.pose.position.z,1.5
2.815259894,1760031250.999259894,/xwing/agiros_pilot/telemetry.reference.pose.position.z,1.5
2.8330386030000003,1760031251.017038603,/xwing/agiros_pilot/telemetry.reference.pose.position.z,1.5
2.8330461,1760031251.017046100,/xwing/agiros_pilot/telemetry.reference.pose.position.z,1.5
2.833055214,1760031251.017055214,/xwing/agiros_pilot/telemetry.reference.pose.position.z,1.4999999999999998
2.833063637,1760031251.017063637,/xwing/agiros_pilot/telemetry.reference.pose.position.z,1.5
2.836341645,1760031251.020341645,/xwing/agiros_pilot/telemetry.reference.pose.position.z,1.5
2.836346258,1760031251.020346258,/xwing/agiros_pilot/telemetry.reference.pose.position.z,1.5
2.8404977540000003,1760031251.024497754,/xwing/agiros_pilot/telemetry.reference.pose.position.z,1.5
2.845666153,1760031251.029666153,/xwing/agiros_pilot/telemetry.reference.pose.position.z,1.5
2.845704152,1760031251.029704152,/xwing/agiros_pilot/telemetry.reference.pose.position.z,1.5
2.852607358,1760031251.036607358,/xwing/agiros_pilot/telemetry.reference.pose.position.z,1.5
2.852616196,1760031251.036616196,/xwing/agiros_pilot/telemetry.reference.pose.position.z,1.5
2.877799504,1760031251.061799504,/xwing/agiros_pilot/telemetry.reference.pose.position.z,1.5000000000000002
2.877815419,1760031251.061815419,/xwing/agiros_pilot/telemetry.reference.pose.position.z,1.5
2.8778266720000003,1760031251.061826672,/xwing/agiros_pilot/telemetry.reference.pose.position.z,1.5
2.877836593,1760031251.061836593,/xwing/agiros_pilot/telemetry.reference.pose.position.z,1.5
2.88386266,1760031251.067862660,/xwing/agiros_pilot/telemetry.reference.pose.position.z,1.5
2.88389437,1760031251.067894370,/xwing/agiros_pilot/telemetry.reference.pose.position.z,1.5
2.883912286,1760031251.067912286,/xwing/agiros_pilot/telemetry.reference.pose.position.z,1.5
2.884036644,1760031251.068036644,/xwing/agiros_pilot/telemetry.reference.pose.position.z,1.5
2.884057738,1760031251.068057738,/xwing/agiros_pilot/telemetry.reference.pose.position.z,1.5
2.907719596,1760031251.091719596,/xwing/agiros_pilot/telemetry.reference.pose.position.z,1.4999999999999998
2.907731429,1760031251.091731429,/xwing/agiros_pilot/telemetry.reference.pose.position.z,1.5
2.907737745,1760031251.091737745,/xwing/agiros_pilot/telemetry.reference.pose.position.z,1.5
2.907774861,1760031251.091774861,/xwing/agiros_pilot/telemetry.reference.pose.position.z,1.5
2.907792423,1760031251.091792423,/xwing/agiros_pilot/telemetry.reference.pose.position.z,1.5
2.9078269690000003,1760031251.091826969,/xwing/agiros_pilot/telemetry.reference.pose.position.z,1.5
2.916998345,1760031251.100998345,/xwing/agiros_pilot/telemetry.reference.pose.position.z,1.5
2.917020728,1760031251.101020728,/xwing/agiros_pilot/telemetry.reference.pose.position.z,1.5
2.917036425,1760031251.101036425,/xwing/agiros_pilot/telemetry.reference.pose.position.z,1.5
2.917047019,1760031251.101047019,/xwing/agiros_pilot/telemetry.reference.pose.position.z,1.5
2.923607554,1760031251.107607554,/xwing/agiros_pilot/telemetry.reference.pose.position.z,1.5
2.923628211,1760031251.107628211,/xwing/agiros_pilot/telemetry.reference.pose.position.z,1.5
2.9297393830000003,1760031251.113739383,/xwing/agiros_pilot/telemetry.reference.pose.position.z,1.5
2.929807865,1760031251.113807865,/xwing/agiros_pilot/telemetry.reference.pose.position.z,1.5
2.935501887,1760031251.119501887,/xwing/agiros_pilot/telemetry.reference.pose.position.z,1.5
2.939740909,1760031251.123740909,/xwing/agiros_pilot/telemetry.reference.pose.position.z,1.5
2.939786373,1760031251.123786373,/xwing/agiros_pilot/telemetry.reference.pose.position.z,1.5
2.943012061,1760031251.127012061,/xwing/agiros_pilot/telemetry.reference.pose.position.z,1.5
2.947617952,1760031251.131617952,/xwing/agiros_pilot/telemetry.reference.pose.position.z,1.5
2.952704187,1760031251.136704187,/xwing/agiros_pilot/telemetry.reference.pose.position.z,1.5
2.952829631,1760031251.136829631,/xwing/agiros_pilot/telemetry.reference.pose.position.z,1.5
2.956659663,1760031251.140659663,/xwing/agiros_pilot/telemetry.reference.pose.position.z,1.5
2.96159479,1760031251.145594790,/xwing/agiros_pilot/telemetry.reference.pose.position.z,1.5
2.961691023,1760031251.145691023,/xwing/agiros_pilot/telemetry.reference.pose.position.z,1.5
2.9659515340000002,1760031251.149951534,/xwing/agiros_pilot/telemetry.reference.pose.position.z,1.5
2.97106925,1760031251.155069250,/xwing/agiros_pilot/telemetry.reference.pose.position.z,1.5
2.9756909780000003,1760031251.159690978,/xwing/agiros_pilot/telemetry.reference.pose.position.z,1.5
2.975880848,1760031251.159880848,/xwing/agiros_pilot/telemetry.reference.pose.position.z,1.5
2.979770511,1760031251.163770511,/xwing/agiros_pilot/telemetry.reference.pose.position.z,1.5
2.985916471,1760031251.169916471,/xwing/agiros_pilot/telemetry.reference.pose.position.z,1.5
2.985978084,1760031251.169978084,/xwing/agiros_pilot/telemetry.reference.pose.position.z,1.5
2.990932634,1760031251.174932634,/xwing/agiros_pilot/telemetry.reference.pose.position.z,1.5
2.9976808850000003,1760031251.181680885,/xwing/agiros_pilot/telemetry.reference.pose.position.z,1.5
2.997689718,1760031251.181689718,/xwing/agiros_pilot/telemetry.reference.pose.position.z,1.5
2.9976988650000003,1760031251.181698865,/xwing/agiros_pilot/telemetry.reference.pose.position.z,1.5
3.000542114,1760031251.184542114,/xwing/agiros_pilot/telemetry.reference.pose.position.z,1.5
3.004713563,1760031251.188713563,/xwing/agiros_pilot/telemetry.reference.pose.position.z,1.5
