cmd,force_z_N
0.0,-0.7207910418510437
0.0,-0.928472101688385
0.0,-0.7981691956520081
0.0,-0.80594402551651
0.0,-0.887103259563446
0.0,-0.808999240398407
0.0,-0.8034682869911194
0.0,-0.8145801424980164
0.0,-0.8140242695808411
0.0,-0.8093412518501282
0.0,-0.763629138469696
0.0,-0.7784752249717712
0.0,-0.7782711386680603
0.0,-0.836837112903595
0.0,-0.8693452477455139
0.0,-0.8693452477455139
0.0,-0.7931432127952576
0.0,-0.8818350434303284
0.0,-0.8027121424674988
0.0,-0.8513792157173157
0.0,-0.8109992146492004
0.0,-0.8130500912666321
0.0,-0.8210572600364685
0.0,-0.8547311425209045
0.0,-0.768223226070404
0.05263157894736842,-0.5074371695518494
0.05263157894736842,-0.5175203084945679
0.05263157894736842,-0.5098010301589966
0.05263157894736842,-0.5525573492050171
0.05263157894736842,-0.5182502269744873
0.05263157894736842,-0.5182502269744873
0.05263157894736842,-0.3444782495498657
0.05263157894736842,-0.4805369973182678
0.05263157894736842,-0.49700427055358887
0.05263157894736842,-0.5633952617645264
0.05263157894736842,-0.6833012104034424
0.05263157894736842,-0.6833012104034424
0.05263157894736842,-0.6833012104034424
0.05263157894736842,-0.6833012104034424
0.05263157894736842,-0.6833012104034424
0.05263157894736842,-0.6833012104034424
0.05263157894736842,-0.6833012104034424
0.05263157894736842,-0.6833012104034424
0.05263157894736842,-0.6833012104034424
0.05263157894736842,-0.5178532004356384
0.05263157894736842,-0.5087852478027344
0.05263157894736842,-0.42215198278427124
0.05263157894736842,-0.4045570492744446
0.05263157894736842,-0.5501511096954346
0.05263157894736842,-0.5810931921005249
0.05263157894736842,-0.45681607723236084
0.05263157894736842,-0.5207562446594238
0.05263157894736842,-0.3444782495498657
0.05263157894736842,-0.6833012104034424
0.05263157894736842,-0.6833012104034424
0.05263157894736842,-0.6833012104034424
0.05263157894736842,-0.6833012104034424
0.05263157894736842,-0.6833012104034424
0.05263157894736842,-0.4870781898498535
0.05263157894736842,-0.5533511638641357
0.05263157894736842,-0.4191220998764038
0.05263157894736842,-0.5284552574157715
0.05263157894736842,-0.4179231524467468
0.05263157894736842,-0.666289210319519
0.05263157894736842,-0.6833012104034424
0.05263157894736842,-0.6833012104034424
0.05263157894736842,-0.6833012104034424
0.05263157894736842,-0.6833012104034424
0.05263157894736842,-0.6833012104034424
0.05263157894736842,-0.6833012104034424
0.05263157894736842,-0.6833012104034424
0.05263157894736842,-0.6833012104034424
0.05263157894736842,-0.6833012104034424
0.05263157894736842,-0.6833012104034424
0.05263157894736842,-0.6833012104034424
0.055,-0.460557222366333
0.055,-0.48284798860549927
0.055,-0.44029515981674194
0.055,-0.5013902187347412
0.055,-0.49551427364349365
0.055,-0.4969141483306885
0.055,-0.4992111921310425
0.055,-0.4597271680831909
0.055,-0.5219669938087463
0.055,-0.40221303701400757
0.055,-0.4170541763305664
0.055,-0.39851808547973633
0.055,-0.5370521545410156
0.055,-0.5258080363273621
0.055,-0.5059590339660645
0.055,-0.45143014192581177
0.055,-0.4099540710449219
0.055,-0.5356581211090088
0.055,-0.5511622428894043
0.055,-0.43587106466293335
0.055,-0.3880821466445923
0.055,-0.3859701156616211
0.055,-0.5591452121734619
0.055,-0.490551233291626
0.055,-0.3819928765296936
0.10526315789473684,0.2535691261291504
0.10526315789473684,0.0799599289894104
0.10526315789473684,-0.07920104265213013
0.10526315789473684,0.07556384801864624
0.10526315789473684,-0.04623126983642578
0.10526315789473684,-0.1414911150932312
0.10526315789473684,-0.1946302056312561
0.10526315789473684,-0.0916932225227356
0.10526315789473684,0.10672992467880249
0.10526315789473684,0.14349907636642456
0.10526315789473684,0.07319986820220947
0.10526315789473684,-0.18533211946487427
0.10526315789473684,-0.09400027990341187
0.10526315789473684,-0.22967123985290527
0.10526315789473684,-0.09107613563537598
0.10526315789473684,0.19574400782585144
0.10526315789473684,0.07504314184188843
0.10526315789473684,0.07504314184188843
0.10526315789473684,0.07504314184188843
0.10526315789473684,0.03503286838531494
0.10526315789473684,0.09176403284072876
0.10526315789473684,0.1741228997707367
0.10526315789473684,0.11187687516212463
0.10526315789473684,-0.11304223537445068
0.10526315789473684,-0.13580620288848877
0.10526315789473684,0.08547782897949219
0.10526315789473684,0.14494693279266357
0.10526315789473684,0.03842806816101074
0.10526315789473684,0.04094982147216797
0.10526315789473684,-0.0517461895942688
0.10526315789473684,-0.13084399700164795
0.10526315789473684,-0.19481533765792847
0.10526315789473684,-0.0254480242729187
0.10526315789473684,0.09910604357719421
0.10526315789473684,-0.08431905508041382
0.10526315789473684,-0.10398226976394653
0.10526315789473684,-0.002575099468231201
0.10526315789473684,0.04661703109741211
0.10526315789473684,-0.059532999992370605
0.10526315789473684,-0.20310014486312866
0.10526315789473684,0.1405719816684723
0.10526315789473684,-0.18433231115341187
0.10526315789473684,0.12689396739006042
0.10526315789473684,0.03249388933181763
0.10526315789473684,0.08142310380935669
0.10526315789473684,0.05398792028427124
0.10526315789473684,-0.06860619783401489
0.10526315789473684,-0.2279713749885559
0.10526315789473684,-0.03861415386199951
0.10526315789473684,0.17639100551605225
0.15789473684210525,0.7598052024841309
0.15789473684210525,0.322506844997406
0.15789473684210525,0.25861674547195435
0.15789473684210525,0.5899559855461121
0.15789473684210525,0.33329200744628906
0.15789473684210525,1.0429152250289917
0.15789473684210525,0.6120009422302246
0.15789473684210525,0.646149754524231
0.15789473684210525,0.2522217929363251
0.15789473684210525,0.3278588354587555
0.15789473684210525,0.9667012095451355
0.15789473684210525,0.8256799578666687
0.15789473684210525,1.0256164073944092
0.15789473684210525,0.8705590963363647
0.15789473684210525,0.34313085675239563
0.15789473684210525,0.5697398781776428
0.15789473684210525,1.0158145427703857
0.15789473684210525,0.7689329385757446
0.15789473684210525,0.2599969506263733
0.15789473684210525,0.25960078835487366
0.15789473684210525,0.1510138213634491
0.15789473684210525,0.3290697932243347
0.15789473684210525,0.740863025188446
0.15789473684210525,0.6956079006195068
0.15789473684210525,0.6587339639663696
0.15789473684210525,0.9783562421798706
0.15789473684210525,0.7533528804779053
0.15789473684210525,0.24061673879623413
0.15789473684210525,0.5418359637260437
0.15789473684210525,0.9098973274230957
0.15789473684210525,0.7951160073280334
0.15789473684210525,0.2883589267730713
0.15789473684210525,0.6912959218025208
0.15789473684210525,1.077268123626709
0.15789473684210525,0.6967170238494873
0.15789473684210525,0.2709689140319824
0.15789473684210525,0.7359018325805664
0.15789473684210525,0.9712560772895813
0.15789473684210525,0.5755738615989685
0.15789473684210525,0.2705707848072052
0.15789473684210525,0.8344981670379639
0.15789473684210525,0.9654390811920166
0.15789473684210525,0.8405638933181763
0.15789473684210525,0.34633868932724
0.15789473684210525,0.6031980514526367
0.15789473684210525,1.0776550769805908
0.15789473684210525,0.7545090913772583
0.15789473684210525,0.27881303429603577
0.15789473684210525,0.5987698435783386
0.15789473684210525,0.39774584770202637
0.21052631578947367,1.3401920795440674
0.21052631578947367,1.2644838094711304
0.21052631578947367,1.4662301540374756
0.21052631578947367,1.340264081954956
0.21052631578947367,1.3129220008850098
0.21052631578947367,1.2595829963684082
0.21052631578947367,1.2385051250457764
0.21052631578947367,1.335123062133789
0.21052631578947367,1.4421770572662354
0.21052631578947367,1.3280138969421387
0.21052631578947367,1.342380166053772
0.21052631578947367,1.2920329570770264
0.21052631578947367,1.439277172088623
0.21052631578947367,1.4740980863571167
0.21052631578947367,1.3019919395446777
0.21052631578947367,1.5757620334625244
0.21052631578947367,1.6185531616210938
0.21052631578947367,1.4425960779190063
0.21052631578947367,1.423232078552246
0.21052631578947367,1.4285361766815186
0.21052631578947367,1.5709580183029175
0.21052631578947367,1.5195131301879883
0.21052631578947367,1.4700169563293457
0.21052631578947367,1.4857468605041504
0.21052631578947367,1.505729079246521
0.21052631578947367,1.4828310012817383
0.21052631578947367,1.619292140007019
0.21052631578947367,1.4754960536956787
0.21052631578947367,1.3799409866333008
0.21052631578947367,1.6352041959762573
0.21052631578947367,1.2732179164886475
0.21052631578947367,1.3770250082015991
0.21052631578947367,1.2702760696411133
0.21052631578947367,1.4536460638046265
0.21052631578947367,1.5291152000427246
0.21052631578947367,1.4496891498565674
0.21052631578947367,1.3869891166687012
0.21052631578947367,1.5011481046676636
0.21052631578947367,1.5296320915222168
0.21052631578947367,1.7921291589736938
0.21052631578947367,1.4207329750061035
0.21052631578947367,1.4548250436782837
0.21052631578947367,1.3969380855560303
0.21052631578947367,1.5011522769927979
0.21052631578947367,1.6070518493652344
0.21052631578947367,1.434603214263916
0.21052631578947367,1.4806392192840576
0.21052631578947367,1.2549928426742554
0.21052631578947367,1.2893638610839844
0.21052631578947367,1.4833271503448486
0.2631578947368421,2.604856252670288
0.2631578947368421,2.431262254714966
0.2631578947368421,2.568213939666748
0.2631578947368421,2.604856252670288
0.2631578947368421,2.560859203338623
0.2631578947368421,2.5755982398986816
0.2631578947368421,2.414485216140747
0.2631578947368421,2.562441349029541
0.2631578947368421,2.321964979171753
0.2631578947368421,2.463420867919922
0.2631578947368421,2.3623180389404297
0.2631578947368421,2.30678391456604
0.2631578947368421,2.3613040447235107
0.2631578947368421,2.4294750690460205
0.2631578947368421,2.238983154296875
0.2631578947368421,2.365129232406616
0.2631578947368421,2.275057315826416
0.2631578947368421,2.244105815887451
0.2631578947368421,2.299666166305542
0.2631578947368421,2.2132651805877686
0.2631578947368421,2.358333110809326
0.2631578947368421,2.2749781608581543
0.2631578947368421,2.2220711708068848
0.2631578947368421,2.213926315307617
0.2631578947368421,2.274667978286743
0.2631578947368421,2.3110692501068115
0.2631578947368421,2.2479031085968018
0.2631578947368421,2.329437255859375
0.2631578947368421,2.398019313812256
0.2631578947368421,2.5544543266296387
0.2631578947368421,2.4458351135253906
0.2631578947368421,2.400050163269043
0.2631578947368421,2.434307098388672
0.2631578947368421,2.535130262374878
0.2631578947368421,2.3330841064453125
0.2631578947368421,2.194620132446289
0.2631578947368421,2.4414730072021484
0.2631578947368421,2.2305760383605957
0.2631578947368421,2.1441869735717773
0.2631578947368421,2.2318673133850098
0.2631578947368421,2.2307851314544678
0.2631578947368421,2.49481201171875
0.2631578947368421,2.617953300476074
0.2631578947368421,2.5786921977996826
0.2631578947368421,2.5633323192596436
0.2631578947368421,2.623561143875122
0.2631578947368421,2.551713466644287
0.2631578947368421,2.5661752223968506
0.2631578947368421,2.49481201171875
0.2631578947368421,2.5755982398986816
0.3157894736842105,3.2589592933654785
0.3157894736842105,3.2654223442077637
0.3157894736842105,3.31079363822937
0.3157894736842105,3.1743669509887695
0.3157894736842105,3.198394298553467
0.3157894736842105,3.2389402389526367
0.3157894736842105,3.2017722129821777
0.3157894736842105,3.131106376647949
0.3157894736842105,3.2868361473083496
0.3157894736842105,3.067502975463867
0.3157894736842105,3.2059133052825928
0.3157894736842105,3.296370029449463
0.3157894736842105,3.205885410308838
0.3157894736842105,3.2300777435302734
0.3157894736842105,3.3302483558654785
0.3157894736842105,3.3302483558654785
0.3157894736842105,3.1534271240234375
0.3157894736842105,3.2852261066436768
0.3157894736842105,3.164933204650879
0.3157894736842105,3.2161271572113037
0.3157894736842105,3.208010196685791
0.3157894736842105,3.2818603515625
0.3157894736842105,3.159872055053711
0.3157894736842105,3.2087323665618896
0.3157894736842105,3.2161271572113037
0.3157894736842105,3.388887882232666
0.3157894736842105,3.5511064529418945
0.3157894736842105,3.4673094749450684
0.3157894736842105,3.5074472427368164
0.3157894736842105,3.3534250259399414
0.3157894736842105,3.4472463130950928
0.3157894736842105,3.5703322887420654
0.3157894736842105,3.524744987487793
0.3157894736842105,3.4377353191375732
0.3157894736842105,3.4574339389801025
0.3157894736842105,3.4982542991638184
0.3157894736842105,3.3563904762268066
0.3157894736842105,3.3487911224365234
0.3157894736842105,3.516571044921875
0.3157894736842105,3.3553223609924316
0.3157894736842105,3.4225873947143555
0.3157894736842105,3.4225873947143555
0.3157894736842105,3.4982542991638184
0.3157894736842105,3.3898861408233643
0.3157894736842105,3.5241782665252686
0.3157894736842105,3.3937602043151855
0.3157894736842105,3.4651081562042236
0.3157894736842105,3.4707493782043457
0.3157894736842105,3.4641144275665283
0.3157894736842105,3.4982542991638184
0.3684210526315789,4.580819606781006
0.3684210526315789,4.581357002258301
0.3684210526315789,4.528905391693115
0.3684210526315789,4.612913131713867
0.3684210526315789,4.363785266876221
0.3684210526315789,4.638435363769531
0.3684210526315789,4.641963958740234
0.3684210526315789,4.583423137664795
0.3684210526315789,4.455140590667725
0.3684210526315789,4.541355609893799
0.3684210526315789,4.380629539489746
0.3684210526315789,4.550837993621826
0.3684210526315789,4.555053234100342
0.3684210526315789,4.5449371337890625
0.3684210526315789,4.059074401855469
0.3684210526315789,4.100548267364502
0.3684210526315789,4.148210048675537
0.3684210526315789,4.010343074798584
0.3684210526315789,4.116317272186279
0.3684210526315789,4.0898284912109375
0.3684210526315789,4.101702690124512
0.3684210526315789,4.056573390960693
0.3684210526315789,4.08552360534668
0.3684210526315789,4.059074401855469
0.3684210526315789,4.230922222137451
0.3684210526315789,4.233639717102051
0.3684210526315789,4.5992631912231445
0.3684210526315789,4.641955375671387
0.3684210526315789,4.138386249542236
0.3684210526315789,4.194782257080078
0.3684210526315789,4.231524467468262
0.3684210526315789,4.013421535491943
0.3684210526315789,4.077812194824219
0.3684210526315789,4.137191295623779
0.3684210526315789,4.189730167388916
0.3684210526315789,4.131091117858887
0.3684210526315789,4.118560314178467
0.3684210526315789,4.553434371948242
0.3684210526315789,4.577175140380859
0.3684210526315789,4.611780643463135
0.3684210526315789,4.502012729644775
0.3684210526315789,4.557821750640869
0.3684210526315789,4.52208137512207
0.3684210526315789,4.53635311126709
0.3684210526315789,4.512208461761475
0.3684210526315789,4.001583099365234
0.3684210526315789,4.108783721923828
0.3684210526315789,4.1519060134887695
0.3684210526315789,4.08552360534668
0.3684210526315789,4.645320415496826
0.42105263157894735,5.252906322479248
0.42105263157894735,5.88272762298584
0.42105263157894735,5.27017879486084
0.42105263157894735,5.279720783233643
0.42105263157894735,5.922153472900391
0.42105263157894735,5.755038738250732
0.42105263157894735,5.760361194610596
0.42105263157894735,5.823728561401367
0.42105263157894735,5.7964043617248535
0.42105263157894735,5.650537490844727
0.42105263157894735,5.849400997161865
0.42105263157894735,5.69491720199585
0.42105263157894735,5.759693622589111
0.42105263157894735,5.850475311279297
0.42105263157894735,5.803253650665283
0.42105263157894735,5.854299545288086
0.42105263157894735,5.838451862335205
0.42105263157894735,5.707808017730713
0.42105263157894735,5.806399822235107
0.42105263157894735,5.655757427215576
0.42105263157894735,5.736649513244629
0.42105263157894735,5.726402759552002
0.42105263157894735,5.726402759552002
0.42105263157894735,5.8315253257751465
0.42105263157894735,5.735940933227539
0.42105263157894735,5.697806358337402
0.42105263157894735,5.807262897491455
0.42105263157894735,5.804038047790527
0.42105263157894735,5.314535140991211
0.42105263157894735,5.314535140991211
0.42105263157894735,5.282466411590576
0.42105263157894735,5.282466411590576
0.42105263157894735,5.27017879486084
0.42105263157894735,5.253082275390625
0.42105263157894735,5.2815046310424805
0.42105263157894735,5.387106895446777
0.42105263157894735,5.124974250793457
0.42105263157894735,5.391205310821533
0.42105263157894735,5.305912017822266
0.42105263157894735,5.008563995361328
0.42105263157894735,5.244449615478516
0.42105263157894735,5.264235496520996
0.42105263157894735,5.228248596191406
0.42105263157894735,5.309639930725098
0.42105263157894735,5.323782444000244
0.42105263157894735,5.387106895446777
0.42105263157894735,5.27017879486084
0.42105263157894735,5.292539596557617
0.42105263157894735,5.2974419593811035
0.42105263157894735,5.259000778198242
0.47368421052631576,7.094913959503174
0.47368421052631576,7.168504238128662
0.47368421052631576,7.2350287437438965
0.47368421052631576,7.175282001495361
0.47368421052631576,7.066686630249023
0.47368421052631576,7.11958122253418
0.47368421052631576,7.1830525398254395
0.47368421052631576,7.113988876342773
0.47368421052631576,7.304330348968506
0.47368421052631576,7.130922794342041
0.47368421052631576,7.147765159606934
0.47368421052631576,7.179053783416748
0.47368421052631576,7.1493024826049805
0.47368421052631576,7.069915294647217
0.47368421052631576,7.020939350128174
0.47368421052631576,7.170849800109863
0.47368421052631576,7.023484230041504
0.47368421052631576,7.064223289489746
0.47368421052631576,7.181698322296143
0.47368421052631576,7.312376499176025
0.47368421052631576,7.2364959716796875
0.47368421052631576,7.275204181671143
0.47368421052631576,7.132506847381592
0.47368421052631576,7.289687633514404
0.47368421052631576,7.135965824127197
0.47368421052631576,6.453155040740967
0.47368421052631576,6.582376480102539
0.47368421052631576,6.58903169631958
0.47368421052631576,6.4317450523376465
0.47368421052631576,6.483030796051025
0.47368421052631576,6.596231937408447
0.47368421052631576,6.381012439727783
0.47368421052631576,6.4443864822387695
0.47368421052631576,6.441230297088623
0.47368421052631576,6.599574089050293
0.47368421052631576,6.527266025543213
0.47368421052631576,6.572091579437256
0.47368421052631576,6.476979732513428
0.47368421052631576,6.547152042388916
0.47368421052631576,6.602179527282715
0.47368421052631576,6.5027570724487305
0.47368421052631576,6.407345294952393
0.47368421052631576,6.514166355133057
0.47368421052631576,6.619218826293945
0.47368421052631576,6.559282302856445
0.47368421052631576,6.602876663208008
0.47368421052631576,6.386914253234863
0.47368421052631576,6.56810998916626
0.47368421052631576,6.430877685546875
0.47368421052631576,6.376072883605957
0.5263157894736842,8.661255836486816
0.5263157894736842,8.696061134338379
0.5263157894736842,8.717275619506836
0.5263157894736842,8.652454376220703
0.5263157894736842,8.639754295349121
0.5263157894736842,8.62218952178955
0.5263157894736842,8.646184921264648
0.5263157894736842,8.646184921264648
0.5263157894736842,7.766814708709717
0.5263157894736842,7.780865669250488
0.5263157894736842,7.780865669250488
0.5263157894736842,7.872707366943359
0.5263157894736842,7.909517288208008
0.5263157894736842,7.957909107208252
0.5263157894736842,7.7865095138549805
0.5263157894736842,7.766814708709717
0.5263157894736842,7.876260757446289
0.5263157894736842,7.971378803253174
0.5263157894736842,7.97029972076416
0.5263157894736842,7.787253379821777
0.5263157894736842,7.82926607131958
0.5263157894736842,7.965496063232422
0.5263157894736842,7.95659875869751
0.5263157894736842,7.99349308013916
0.5263157894736842,7.917893886566162
0.5263157894736842,7.801748752593994
0.5263157894736842,7.8964996337890625
0.5263157894736842,7.771617412567139
0.5263157894736842,7.824134349822998
0.5263157894736842,7.926105976104736
0.5263157894736842,7.937374591827393
0.5263157894736842,7.891634941101074
0.5263157894736842,7.745410442352295
0.5263157894736842,8.520917892456055
0.5263157894736842,8.507140159606934
0.5263157894736842,8.535554885864258
0.5263157894736842,8.574950218200684
0.5263157894736842,8.695575714111328
0.5263157894736842,8.760828018188477
0.5263157894736842,8.742502212524414
0.5263157894736842,8.596698760986328
0.5263157894736842,8.729620933532715
0.5263157894736842,8.652215957641602
0.5263157894736842,8.731966972351074
0.5263157894736842,8.677496910095215
0.5263157894736842,8.672133445739746
0.5263157894736842,8.592355728149414
0.5263157894736842,8.644274711608887
0.5263157894736842,8.628170013427734
0.5263157894736842,8.593032836914062
0.5789473684210527,9.164011001586914
0.5789473684210527,10.09189510345459
0.5789473684210527,9.39006233215332
0.5789473684210527,9.347654342651367
0.5789473684210527,9.235747337341309
0.5789473684210527,9.203728675842285
0.5789473684210527,10.259559631347656
0.5789473684210527,10.144974708557129
0.5789473684210527,10.146934509277344
0.5789473684210527,10.18430233001709
0.5789473684210527,10.004112243652344
0.5789473684210527,10.230623245239258
0.5789473684210527,10.058538436889648
0.5789473684210527,9.142156600952148
0.5789473684210527,9.168926239013672
0.5789473684210527,9.200468063354492
0.5789473684210527,9.206135749816895
0.5789473684210527,9.303410530090332
0.5789473684210527,9.152128219604492
0.5789473684210527,9.277312278747559
0.5789473684210527,9.299101829528809
0.5789473684210527,9.238157272338867
0.5789473684210527,9.161995887756348
0.5789473684210527,9.338176727294922
0.5789473684210527,9.277151107788086
0.5789473684210527,9.343606948852539
0.5789473684210527,9.223276138305664
0.5789473684210527,9.390180587768555
0.5789473684210527,9.188756942749023
0.5789473684210527,10.166259765625
0.5789473684210527,10.114511489868164
0.5789473684210527,10.081229209899902
0.5789473684210527,10.112689971923828
0.5789473684210527,10.064946174621582
0.5789473684210527,10.390654563903809
0.5789473684210527,10.041823387145996
0.5789473684210527,10.282033920288086
0.5789473684210527,10.151768684387207
0.5789473684210527,9.904485702514648
0.5789473684210527,10.155181884765625
0.5789473684210527,9.900039672851562
0.5789473684210527,10.10779857635498
0.5789473684210527,10.11272144317627
0.5789473684210527,10.27235221862793
0.5789473684210527,10.065227508544922
0.5789473684210527,10.024127006530762
0.5789473684210527,9.161800384521484
0.5789473684210527,9.175668716430664
0.5789473684210527,9.266077995300293
0.5789473684210527,9.128625869750977
0.631578947368421,10.873880386352539
0.631578947368421,10.46435260772705
0.631578947368421,10.7774019241333
0.631578947368421,11.74150562286377
0.631578947368421,11.478391647338867
0.631578947368421,11.74732494354248
0.631578947368421,11.549032211303711
0.631578947368421,11.640090942382812
0.631578947368421,11.661659240722656
0.631578947368421,11.834930419921875
0.631578947368421,11.379204750061035
0.631578947368421,11.509374618530273
0.631578947368421,11.745633125305176
0.631578947368421,11.541214942932129
0.631578947368421,11.570298194885254
0.631578947368421,11.77099895477295
0.631578947368421,11.341449737548828
0.631578947368421,11.482892036437988
0.631578947368421,11.887146949768066
0.631578947368421,11.496015548706055
0.631578947368421,11.573427200317383
0.631578947368421,11.755633354187012
0.631578947368421,11.59801197052002
0.631578947368421,11.876378059387207
0.631578947368421,11.373008728027344
0.631578947368421,11.766063690185547
0.631578947368421,11.856146812438965
0.631578947368421,11.556424140930176
0.631578947368421,10.749847412109375
0.631578947368421,10.790125846862793
0.631578947368421,10.684453964233398
0.631578947368421,10.564913749694824
0.631578947368421,10.60500431060791
0.631578947368421,10.59469223022461
0.631578947368421,10.827169418334961
0.631578947368421,10.548117637634277
0.631578947368421,10.574478149414062
0.631578947368421,10.7042875289917
0.631578947368421,10.55077075958252
0.631578947368421,10.628110885620117
0.631578947368421,10.546761512756348
0.631578947368421,10.71767520904541
0.631578947368421,10.692716598510742
0.631578947368421,10.695755004882812
0.631578947368421,10.62094783782959
0.631578947368421,10.942829132080078
0.631578947368421,10.73251724243164
0.631578947368421,10.489108085632324
0.631578947368421,10.633999824523926
0.631578947368421,10.652486801147461
0.6842105263157894,12.970745086669922
0.6842105263157894,13.12156867980957
0.6842105263157894,13.163100242614746
0.6842105263157894,13.201011657714844
0.6842105263157894,13.135354042053223
0.6842105263157894,13.238943099975586
0.6842105263157894,13.052753448486328
0.6842105263157894,13.185928344726562
0.6842105263157894,13.164620399475098
0.6842105263157894,12.88601016998291
0.6842105263157894,11.876873016357422
0.6842105263157894,11.954639434814453
0.6842105263157894,12.010661125183105
0.6842105263157894,12.814446449279785
0.6842105263157894,12.921244621276855
0.6842105263157894,12.921072959899902
0.6842105263157894,12.948244094848633
0.6842105263157894,13.219377517700195
0.6842105263157894,12.956404685974121
0.6842105263157894,13.005791664123535
0.6842105263157894,13.041699409484863
0.6842105263157894,13.137248992919922
0.6842105263157894,12.954195976257324
0.6842105263157894,13.094914436340332
0.6842105263157894,13.26962947845459
0.6842105263157894,13.078880310058594
0.6842105263157894,13.01858901977539
0.6842105263157894,13.261686325073242
0.6842105263157894,12.064964294433594
0.6842105263157894,11.973094940185547
0.6842105263157894,11.985557556152344
0.6842105263157894,12.134791374206543
0.6842105263157894,11.994110107421875
0.6842105263157894,11.847090721130371
0.6842105263157894,11.895401954650879
0.6842105263157894,12.109668731689453
0.6842105263157894,12.088436126708984
0.6842105263157894,12.018414497375488
0.6842105263157894,11.8854398727417
0.6842105263157894,11.949726104736328
0.6842105263157894,12.046123504638672
0.6842105263157894,11.941779136657715
0.6842105263157894,11.974365234375
0.6842105263157894,12.009614944458008
0.6842105263157894,12.144433975219727
0.6842105263157894,11.96672248840332
0.6842105263157894,11.80465316772461
0.6842105263157894,11.881327629089355
0.6842105263157894,12.176575660705566
0.6842105263157894,12.04765796661377
0.7368421052631579,13.279373168945312
0.7368421052631579,13.20704460144043
0.7368421052631579,13.416741371154785
0.7368421052631579,13.315265655517578
0.7368421052631579,13.340020179748535
0.7368421052631579,13.377708435058594
0.7368421052631579,13.25760269165039
0.7368421052631579,13.24594497680664
0.7368421052631579,13.385822296142578
0.7368421052631579,13.251447677612305
0.7368421052631579,13.340871810913086
0.7368421052631579,13.551464080810547
0.7368421052631579,13.509296417236328
0.7368421052631579,13.303642272949219
0.7368421052631579,13.364219665527344
0.7368421052631579,13.303828239440918
0.7368421052631579,13.514923095703125
0.7368421052631579,13.69205379486084
0.7368421052631579,13.280834197998047
0.7368421052631579,13.25427532196045
0.7368421052631579,13.336051940917969
0.7368421052631579,13.468770980834961
0.7368421052631579,13.521743774414062
0.7368421052631579,13.490974426269531
0.7368421052631579,14.76576042175293
0.7368421052631579,14.510133743286133
0.7368421052631579,14.510133743286133
0.7368421052631579,14.46829605102539
0.7368421052631579,14.340309143066406
0.7368421052631579,14.601581573486328
0.7368421052631579,14.389570236206055
0.7368421052631579,14.487990379333496
0.7368421052631579,14.57604694366455
0.7368421052631579,14.555292129516602
0.7368421052631579,14.381361961364746
0.7368421052631579,14.526335716247559
0.7368421052631579,14.538015365600586
0.7368421052631579,14.592315673828125
0.7368421052631579,14.316807746887207
0.7368421052631579,14.391297340393066
0.7368421052631579,14.391297340393066
0.7368421052631579,14.433194160461426
0.7368421052631579,14.571447372436523
0.7368421052631579,14.599637985229492
0.7368421052631579,14.467907905578613
0.7368421052631579,14.37485122680664
0.7368421052631579,14.5029296875
0.7368421052631579,14.751917839050293
0.7368421052631579,14.591714859008789
0.7368421052631579,13.494816780090332
0.7894736842105263,15.001261711120605
0.7894736842105263,14.838445663452148
0.7894736842105263,14.884852409362793
0.7894736842105263,14.866924285888672
0.7894736842105263,14.920859336853027
0.7894736842105263,14.92805004119873
0.7894736842105263,15.010354042053223
0.7894736842105263,15.149185180664062
0.7894736842105263,14.85263729095459
0.7894736842105263,14.84451675415039
0.7894736842105263,14.912053108215332
0.7894736842105263,15.068345069885254
0.7894736842105263,14.922469139099121
0.7894736842105263,15.010354042053223
0.7894736842105263,14.918676376342773
0.7894736842105263,14.98611068725586
0.7894736842105263,15.075865745544434
0.7894736842105263,15.19647216796875
0.7894736842105263,15.062217712402344
0.7894736842105263,14.996598243713379
0.7894736842105263,14.832635879516602
0.7894736842105263,15.067054748535156
0.7894736842105263,15.085347175598145
0.7894736842105263,15.177629470825195
0.7894736842105263,14.964961051940918
0.7894736842105263,16.40035057067871
0.7894736842105263,16.192726135253906
0.7894736842105263,16.058244705200195
0.7894736842105263,16.29491424560547
0.7894736842105263,16.15923500061035
0.7894736842105263,16.071353912353516
0.7894736842105263,15.86120319366455
0.7894736842105263,16.192726135253906
0.7894736842105263,16.236169815063477
0.7894736842105263,16.052371978759766
0.7894736842105263,16.086523056030273
0.7894736842105263,16.041954040527344
0.7894736842105263,16.12510871887207
0.7894736842105263,16.149906158447266
0.7894736842105263,16.10077667236328
0.7894736842105263,16.11026382446289
0.7894736842105263,16.055660247802734
0.7894736842105263,16.003192901611328
0.7894736842105263,16.16407012939453
0.7894736842105263,16.192726135253906
0.7894736842105263,16.026962280273438
0.7894736842105263,16.045408248901367
0.7894736842105263,16.045408248901367
0.7894736842105263,16.045408248901367
0.7894736842105263,16.01964569091797
0.8421052631578947,17.725610733032227
0.8421052631578947,17.692842483520508
0.8421052631578947,17.532421112060547
0.8421052631578947,17.45194435119629
0.8421052631578947,17.691007614135742
0.8421052631578947,17.825334548950195
0.8421052631578947,17.676664352416992
0.8421052631578947,17.715106964111328
0.8421052631578947,17.68126678466797
0.8421052631578947,17.54599952697754
0.8421052631578947,17.412073135375977
0.8421052631578947,17.55331802368164
0.8421052631578947,17.730117797851562
0.8421052631578947,17.62701416015625
0.8421052631578947,17.839452743530273
0.8421052631578947,17.749662399291992
0.8421052631578947,17.776330947875977
0.8421052631578947,17.45956802368164
0.8421052631578947,17.490224838256836
0.8421052631578947,17.55042266845703
0.8421052631578947,17.74370002746582
0.8421052631578947,17.680906295776367
0.8421052631578947,17.460010528564453
0.8421052631578947,17.554841995239258
0.8421052631578947,17.276832580566406
0.8421052631578947,16.427743911743164
0.8421052631578947,16.727828979492188
0.8421052631578947,16.632823944091797
0.8421052631578947,16.509504318237305
0.8421052631578947,16.635807037353516
0.8421052631578947,16.606403350830078
0.8421052631578947,16.703702926635742
0.8421052631578947,16.682348251342773
0.8421052631578947,16.385099411010742
0.8421052631578947,16.600357055664062
0.8421052631578947,16.647064208984375
0.8421052631578947,16.61876106262207
0.8421052631578947,16.66792106628418
0.8421052631578947,16.60017204284668
0.8421052631578947,16.518281936645508
0.8421052631578947,16.705472946166992
0.8421052631578947,16.404150009155273
0.8421052631578947,16.52904510498047
0.8421052631578947,16.526641845703125
0.8421052631578947,16.44770622253418
0.8421052631578947,16.504741668701172
0.8421052631578947,16.570823669433594
0.8421052631578947,16.666854858398438
0.8421052631578947,16.836389541625977
0.8421052631578947,16.836389541625977
0.894736842105263,18.909250259399414
0.894736842105263,18.847820281982422
0.894736842105263,18.962648391723633
0.894736842105263,18.916223526000977
0.894736842105263,18.983863830566406
0.894736842105263,18.9996280670166
0.894736842105263,19.206743240356445
0.894736842105263,19.01117515563965
0.894736842105263,19.12432861328125
0.894736842105263,19.00779151916504
0.894736842105263,19.024702072143555
0.894736842105263,19.03694725036621
0.894736842105263,18.85689926147461
0.894736842105263,19.281700134277344
0.894736842105263,19.113075256347656
0.894736842105263,18.24641990661621
0.894736842105263,18.313739776611328
0.894736842105263,18.263391494750977
0.894736842105263,18.185482025146484
0.894736842105263,18.323551177978516
0.894736842105263,18.224523544311523
0.894736842105263,18.1832218170166
0.894736842105263,18.321365356445312
0.894736842105263,18.257240295410156
0.894736842105263,18.29936408996582
0.894736842105263,18.962373733520508
0.894736842105263,18.828466415405273
0.894736842105263,18.485403060913086
0.894736842105263,18.167999267578125
0.894736842105263,18.127601623535156
0.894736842105263,18.381359100341797
0.894736842105263,18.103612899780273
0.894736842105263,18.02816390991211
0.894736842105263,18.211841583251953
0.894736842105263,18.155242919921875
0.894736842105263,18.155242919921875
0.894736842105263,18.37375831604004
0.894736842105263,18.465473175048828
0.894736842105263,19.145116806030273
0.894736842105263,19.39195442199707
0.894736842105263,19.158784866333008
0.894736842105263,18.947223663330078
0.894736842105263,19.253873825073242
0.894736842105263,19.34933090209961
0.894736842105263,19.148916244506836
0.894736842105263,19.351423263549805
0.894736842105263,18.490259170532227
0.894736842105263,18.04564094543457
0.894736842105263,18.357177734375
0.894736842105263,18.36882972717285
0.9473684210526315,20.48457908630371
0.9473684210526315,20.65894317626953
0.9473684210526315,20.509090423583984
0.9473684210526315,20.756132125854492
0.9473684210526315,20.438753128051758
0.9473684210526315,20.460224151611328
0.9473684210526315,20.577556610107422
0.9473684210526315,20.986412048339844
0.9473684210526315,20.452974319458008
0.9473684210526315,20.788673400878906
0.9473684210526315,20.681535720825195
0.9473684210526315,20.91672706604004
0.9473684210526315,20.612886428833008
0.9473684210526315,20.613208770751953
0.9473684210526315,20.642423629760742
0.9473684210526315,20.317174911499023
0.9473684210526315,20.45176124572754
0.9473684210526315,20.98085594177246
0.9473684210526315,19.966520309448242
0.9473684210526315,20.169023513793945
0.9473684210526315,20.583059310913086
0.9473684210526315,20.825254440307617
0.9473684210526315,20.068965911865234
0.9473684210526315,20.204702377319336
0.9473684210526315,20.384790420532227
0.9473684210526315,20.72518539428711
0.9473684210526315,20.753217697143555
0.9473684210526315,20.760391235351562
0.9473684210526315,20.55764389038086
0.9473684210526315,20.55764389038086
0.9473684210526315,19.99550437927246
0.9473684210526315,20.037506103515625
0.9473684210526315,19.970731735229492
0.9473684210526315,20.126672744750977
0.9473684210526315,20.232807159423828
0.9473684210526315,20.233749389648438
0.9473684210526315,20.202964782714844
0.9473684210526315,20.202964782714844
0.9473684210526315,20.02998161315918
0.9473684210526315,19.93868637084961
0.9473684210526315,19.882699966430664
0.9473684210526315,20.112245559692383
0.9473684210526315,20.29873275756836
0.9473684210526315,20.096837997436523
0.9473684210526315,19.911579132080078
0.9473684210526315,19.93790054321289
0.9473684210526315,20.17751121520996
0.9473684210526315,20.272268295288086
0.9473684210526315,20.62213897705078
0.9473684210526315,20.05066680908203
1.0,22.14774513244629
1.0,21.750886917114258
1.0,21.73336410522461
1.0,21.980501174926758
1.0,21.82655906677246
1.0,21.79853630065918
1.0,22.023611068725586
1.0,21.793968200683594
1.0,21.96025276184082
1.0,21.621532440185547
1.0,21.731870651245117
1.0,22.1752986907959
1.0,22.093841552734375
1.0,21.91712188720703
1.0,21.65067481994629
1.0,21.915916442871094
1.0,21.952627182006836
1.0,21.598617553710938
1.0,21.82655906677246
1.0,21.82655906677246
1.0,21.739704132080078
1.0,21.69719886779785
1.0,21.96404457092285
1.0,21.827260971069336
1.0,21.96809959411621
