cmd,force_z_N
0.0,0.27515473300223026
0.0,0.06747367316488895
0.0,0.1977765792012659
0.0,0.19000174933676395
0.0,0.10884251528982791
0.0,0.18694653445486697
0.0,0.19247748786215457
0.0,0.1813656323552576
0.0,0.1819215052724329
0.0,0.18660452300314578
0.0,0.2323166363835779
0.0,0.21747054988150272
0.0,0.21767463618521365
0.0,0.159108661949679
0.0,0.12660052710776004
0.0,0.12660052710776004
0.0,0.2028025620580164
0.0,0.11411073142294559
0.0,0.19323363238577518
0.0,0.14456655913595828
0.0,0.18494656020407352
0.0,0.18289568358664188
0.0,0.17488851481680545
0.0,0.14121463233236942
0.0,0.2277225487828699
0.05263157894736842,0.4885086053014246
0.05263157894736842,0.4784254663587061
0.05263157894736842,0.4861447446942774
0.05263157894736842,0.44338842564825687
0.05263157894736842,0.47769554787878665
0.05263157894736842,0.47769554787878665
0.05263157894736842,0.6514675253034082
0.05263157894736842,0.5154087775350061
0.05263157894736842,0.4989415042996851
0.05263157894736842,0.4325505130887476
0.05263157894736842,0.3126445644498316
0.05263157894736842,0.3126445644498316
0.05263157894736842,0.3126445644498316
0.05263157894736842,0.3126445644498316
0.05263157894736842,0.3126445644498316
0.05263157894736842,0.3126445644498316
0.05263157894736842,0.3126445644498316
0.05263157894736842,0.3126445644498316
0.05263157894736842,0.3126445644498316
0.05263157894736842,0.47809257441763553
0.05263157894736842,0.4871605270505396
0.05263157894736842,0.5737937920690027
0.05263157894736842,0.5913887255788294
0.05263157894736842,0.4457946651578394
0.05263157894736842,0.41485258275274906
0.05263157894736842,0.5391296976209131
0.05263157894736842,0.47518953019385013
0.05263157894736842,0.6514675253034082
0.05263157894736842,0.3126445644498316
0.05263157894736842,0.3126445644498316
0.05263157894736842,0.3126445644498316
0.05263157894736842,0.3126445644498316
0.05263157894736842,0.3126445644498316
0.05263157894736842,0.5088675850034204
0.05263157894736842,0.4425946109891382
0.05263157894736842,0.5768236749768701
0.05263157894736842,0.4674905174375025
0.05263157894736842,0.5780226224065271
0.05263157894736842,0.3296565645337549
0.05263157894736842,0.3126445644498316
0.05263157894736842,0.3126445644498316
0.05263157894736842,0.3126445644498316
0.05263157894736842,0.3126445644498316
0.05263157894736842,0.3126445644498316
0.05263157894736842,0.3126445644498316
0.05263157894736842,0.3126445644498316
0.05263157894736842,0.3126445644498316
0.05263157894736842,0.3126445644498316
0.05263157894736842,0.3126445644498316
0.05263157894736842,0.3126445644498316
0.055,0.535388552486941
0.055,0.5130977862477747
0.055,0.555650615036532
0.055,0.49455555611853275
0.055,0.5004315012097803
0.055,0.4990316265225855
0.055,0.4967345827222315
0.055,0.536218606770083
0.055,0.4739787810445276
0.055,0.5937327378392664
0.055,0.5788915985227076
0.055,0.5974276893735376
0.055,0.45889362031225833
0.055,0.4701377385259119
0.055,0.4899867408872095
0.055,0.5445156329274622
0.055,0.5859917038083521
0.055,0.46028765374426517
0.055,0.44478353196386966
0.055,0.5600747101903406
0.055,0.6078636282086817
0.055,0.6099756591916529
0.055,0.43680056267981204
0.055,0.505394541561648
0.055,0.6139528983235804
0.10526315789473684,1.2495149009824242
0.10526315789473684,1.0759057038426842
0.10526315789473684,0.9167447322011438
0.10526315789473684,1.07150962287192
0.10526315789473684,0.9497145050168482
0.10526315789473684,0.8544546597600428
0.10526315789473684,0.8013155692220179
0.10526315789473684,0.9042525523305384
0.10526315789473684,1.1026756995320763
0.10526315789473684,1.1394448512196984
0.10526315789473684,1.0691456430554833
0.10526315789473684,0.8106136553883997
0.10526315789473684,0.9019454949498621
0.10526315789473684,0.7662745350003687
0.10526315789473684,0.904869639217898
0.10526315789473684,1.1916897826791253
0.10526315789473684,1.0709889166951623
0.10526315789473684,1.0709889166951623
0.10526315789473684,1.0709889166951623
0.10526315789473684,1.0309786432385888
0.10526315789473684,1.0877098076940026
0.10526315789473684,1.1700686746240105
0.10526315789473684,1.1078226500153985
0.10526315789473684,0.8829035394788233
0.10526315789473684,0.8601395719647852
0.10526315789473684,1.081423603832766
0.10526315789473684,1.1408927076459374
0.10526315789473684,1.0343738430142846
0.10526315789473684,1.0368955963254418
0.10526315789473684,0.9441995852590052
0.10526315789473684,0.865101777851626
0.10526315789473684,0.8011304371953455
0.10526315789473684,0.9704977505803553
0.10526315789473684,1.095051818430468
0.10526315789473684,0.9116267197728601
0.10526315789473684,0.8919635050893274
0.10526315789473684,0.9933706753850428
0.10526315789473684,1.042562805950686
0.10526315789473684,0.9364127748609034
0.10526315789473684,0.7928456299901453
0.10526315789473684,1.1365177565217461
0.10526315789473684,0.8116134636998621
0.10526315789473684,1.1228397422433343
0.10526315789473684,1.0284396641850915
0.10526315789473684,1.0773688786626305
0.10526315789473684,1.049933695137545
0.10526315789473684,0.9273395770192591
0.10526315789473684,0.767974399864718
0.10526315789473684,0.9573316209912744
0.10526315789473684,1.172336780369326
0.15789473684210525,1.7557509773374047
0.15789473684210525,1.3184526198506799
0.15789473684210525,1.2545625203252282
0.15789473684210525,1.585901760399386
0.15789473684210525,1.329237782299563
0.15789473684210525,2.0388609998822655
0.15789473684210525,1.6079467170834985
0.15789473684210525,1.6420955293775048
0.15789473684210525,1.248167567789599
0.15789473684210525,1.3238046103120293
0.15789473684210525,1.9626469843984093
0.15789473684210525,1.8216257327199425
0.15789473684210525,2.021562182247683
0.15789473684210525,1.8665048711896386
0.15789473684210525,1.3390766316056695
0.15789473684210525,1.5656856530309167
0.15789473684210525,2.0117603176236596
0.15789473684210525,1.7648787134290185
0.15789473684210525,1.2559427254796471
0.15789473684210525,1.2555465632081475
0.15789473684210525,1.146959596216723
0.15789473684210525,1.3250155680776086
0.15789473684210525,1.73680880004172
0.15789473684210525,1.6915536754727807
0.15789473684210525,1.6546797388196435
0.15789473684210525,1.9743020170331445
0.15789473684210525,1.7492986553311791
0.15789473684210525,1.236562513649508
0.15789473684210525,1.5377817385793175
0.15789473684210525,1.9058431022763695
0.15789473684210525,1.7910617821813073
0.15789473684210525,1.2843047016263451
0.15789473684210525,1.6872416966557946
0.15789473684210525,2.073213898479983
0.15789473684210525,1.6926627987027612
0.15789473684210525,1.2669146888852563
0.15789473684210525,1.7318476074338403
0.15789473684210525,1.9672018521428551
0.15789473684210525,1.5715196364522424
0.15789473684210525,1.266516559660479
0.15789473684210525,1.8304439418912377
0.15789473684210525,1.9613848560452904
0.15789473684210525,1.8365096681714501
0.15789473684210525,1.3422844641805138
0.15789473684210525,1.5991438263059106
0.15789473684210525,2.0736008518338647
0.15789473684210525,1.7504548662305321
0.15789473684210525,1.2747588091493096
0.15789473684210525,1.5947156184316125
0.15789473684210525,1.3936916225553002
0.21052631578947367,2.3361378543973412
0.21052631578947367,2.260429584324404
0.21052631578947367,2.4621759288907494
0.21052631578947367,2.33620985680823
0.21052631578947367,2.3088677757382836
0.21052631578947367,2.255528771221682
0.21052631578947367,2.23445089989905
0.21052631578947367,2.331068836987063
0.21052631578947367,2.438122832119509
0.21052631578947367,2.3239596717954125
0.21052631578947367,2.338325940907046
0.21052631578947367,2.2879787319303
0.21052631578947367,2.435222946941897
0.21052631578947367,2.4700438612103905
0.21052631578947367,2.2979377143979516
0.21052631578947367,2.5717078083157983
0.21052631578947367,2.6144989364743676
0.21052631578947367,2.43854185277228
0.21052631578947367,2.41917785340552
0.21052631578947367,2.4244819515347924
0.21052631578947367,2.5669037931561913
0.21052631578947367,2.515458905041262
0.21052631578947367,2.4659627311826195
0.21052631578947367,2.4816926353574242
0.21052631578947367,2.501674854099795
0.21052631578947367,2.478776776135012
0.21052631578947367,2.615237914860293
0.21052631578947367,2.4714418285489526
0.21052631578947367,2.3758867614865746
0.21052631578947367,2.631149970829531
0.21052631578947367,2.2691636913419213
0.21052631578947367,2.372970783054873
0.21052631578947367,2.266221844494387
0.21052631578947367,2.4495918386579003
0.21052631578947367,2.5250609748959985
0.21052631578947367,2.4456349247098412
0.21052631578947367,2.382934891521975
0.21052631578947367,2.4970938795209374
0.21052631578947367,2.5255778663754906
0.21052631578947367,2.7880749338269677
0.21052631578947367,2.4166787498593774
0.21052631578947367,2.4507708185315575
0.21052631578947367,2.392883860409304
0.21052631578947367,2.4970980518460717
0.21052631578947367,2.602997624218508
0.21052631578947367,2.43054898911719
0.21052631578947367,2.4765849941373315
0.21052631578947367,2.250938617527529
0.21052631578947367,2.285309635937258
0.21052631578947367,2.4792729251981225
0.2631578947368421,3.600802027523562
0.2631578947368421,3.4272080295682397
0.2631578947368421,3.564159714520022
0.2631578947368421,3.600802027523562
0.2631578947368421,3.556804978191897
0.2631578947368421,3.5715440147519555
0.2631578947368421,3.410430990994021
0.2631578947368421,3.558387123882815
0.2631578947368421,3.3179107540250268
0.2631578947368421,3.4593666427731957
0.2631578947368421,3.3582638137937035
0.2631578947368421,3.302729689419314
0.2631578947368421,3.3572498195767846
0.2631578947368421,3.4254208438992944
0.2631578947368421,3.234928929150149
0.2631578947368421,3.36107500725989
0.2631578947368421,3.27100309067969
0.2631578947368421,3.240051590740725
0.2631578947368421,3.295611941158816
0.2631578947368421,3.2092109554410424
0.2631578947368421,3.3542788856626
0.2631578947368421,3.270923935711428
0.2631578947368421,3.2180169456601586
0.2631578947368421,3.209872090160891
0.2631578947368421,3.270613753140017
0.2631578947368421,3.3070150249600854
0.2631578947368421,3.2438488834500756
0.2631578947368421,3.325383030712649
0.2631578947368421,3.3939650886655297
0.2631578947368421,3.5504001014829125
0.2631578947368421,3.4417808883786645
0.2631578947368421,3.395995938122317
0.2631578947368421,3.4302528732419457
0.2631578947368421,3.5310760372281518
0.2631578947368421,3.3290298812985863
0.2631578947368421,3.190565907299563
0.2631578947368421,3.4374187820554223
0.2631578947368421,3.2265218132138695
0.2631578947368421,3.140132748425051
0.2631578947368421,3.2278130882382836
0.2631578947368421,3.2267309063077416
0.2631578947368421,3.490757786572024
0.2631578947368421,3.613899075329348
0.2631578947368421,3.5746379726529565
0.2631578947368421,3.5592780941129174
0.2631578947368421,3.619506918728396
0.2631578947368421,3.547659241497561
0.2631578947368421,3.5621209972501244
0.2631578947368421,3.490757786572024
0.2631578947368421,3.5715440147519555
0.3157894736842105,4.254905068218752
0.3157894736842105,4.2613681190610375
0.3157894736842105,4.306739413082644
0.3157894736842105,4.170312725842043
0.3157894736842105,4.194340073406741
0.3157894736842105,4.234886013805911
0.3157894736842105,4.197717987835452
0.3157894736842105,4.127052151501223
0.3157894736842105,4.2827819221616235
0.3157894736842105,4.063448750317141
0.3157894736842105,4.201859080135867
0.3157894736842105,4.292315804302737
0.3157894736842105,4.201831185162112
0.3157894736842105,4.226023518383547
0.3157894736842105,4.326194130718752
0.3157894736842105,4.326194130718752
0.3157894736842105,4.149372898876711
0.3157894736842105,4.281171881496951
0.3157894736842105,4.160878979504153
0.3157894736842105,4.212072932064578
0.3157894736842105,4.203955971539065
0.3157894736842105,4.277806126415774
0.3157894736842105,4.155817829906985
0.3157894736842105,4.2046781414151635
0.3157894736842105,4.212072932064578
0.3157894736842105,4.38483365708594
0.3157894736842105,4.547052227795168
0.3157894736842105,4.463255249798342
0.3157894736842105,4.50339301759009
0.3157894736842105,4.349370800793215
0.3157894736842105,4.443192087948367
0.3157894736842105,4.566278063595339
0.3157894736842105,4.520690762341067
0.3157894736842105,4.433681093990847
0.3157894736842105,4.453379713833376
0.3157894736842105,4.494200074017092
0.3157894736842105,4.3523362510800805
0.3157894736842105,4.344736897289797
0.3157894736842105,4.512516819775149
0.3157894736842105,4.3512681358457055
0.3157894736842105,4.418533169567629
0.3157894736842105,4.418533169567629
0.3157894736842105,4.494200074017092
0.3157894736842105,4.385831915676638
0.3157894736842105,4.520124041378542
0.3157894736842105,4.389705979168459
0.3157894736842105,4.4610539310574975
0.3157894736842105,4.4666951530576195
0.3157894736842105,4.460060202419802
0.3157894736842105,4.494200074017092
0.3684210526315789,5.57676538163428
0.3684210526315789,5.577302777111575
0.3684210526315789,5.524851166546389
0.3684210526315789,5.608858906567141
0.3684210526315789,5.3597310417294945
0.3684210526315789,5.634381138622805
0.3684210526315789,5.637909733593508
0.3684210526315789,5.579368912518069
0.3684210526315789,5.4510863655209985
0.3684210526315789,5.537301384747073
0.3684210526315789,5.37657531434302
0.3684210526315789,5.5467837684751
0.3684210526315789,5.550999008953616
0.3684210526315789,5.540882908642336
0.3684210526315789,5.055020176708743
0.3684210526315789,5.096494042217776
0.3684210526315789,5.144155823528811
0.3684210526315789,5.006288849651858
0.3684210526315789,5.112263047039553
0.3684210526315789,5.085774266064211
0.3684210526315789,5.097648464977786
0.3684210526315789,5.052519165813967
0.3684210526315789,5.0814693801999535
0.3684210526315789,5.055020176708743
0.3684210526315789,5.226867996990725
0.3684210526315789,5.229585491955325
0.3684210526315789,5.595208966076418
0.3684210526315789,5.637901150524661
0.3684210526315789,5.13433202439551
0.3684210526315789,5.190728031933352
0.3684210526315789,5.227470242321536
0.3684210526315789,5.009367310345217
0.3684210526315789,5.073757969677493
0.3684210526315789,5.133137070477053
0.3684210526315789,5.18567594224219
0.3684210526315789,5.127036892712161
0.3684210526315789,5.114506089031741
0.3684210526315789,5.549380146801516
0.3684210526315789,5.573120915234133
0.3684210526315789,5.607726418316409
0.3684210526315789,5.497958504498049
0.3684210526315789,5.553767525494143
0.3684210526315789,5.518027149975344
0.3684210526315789,5.532298886120364
0.3684210526315789,5.5081542366147485
0.3684210526315789,4.997528874218508
0.3684210526315789,5.104729496777102
0.3684210526315789,5.147851788342043
0.3684210526315789,5.0814693801999535
0.3684210526315789,5.6412661903501
0.42105263157894735,6.248852097332522
0.42105263157894735,6.878673397839114
0.42105263157894735,6.266124569714114
0.42105263157894735,6.275666558086916
0.42105263157894735,6.9180992477536645
0.42105263157894735,6.750984513104006
0.42105263157894735,6.7563069694638695
0.42105263157894735,6.819674336254641
0.42105263157894735,6.792350136578127
0.42105263157894735,6.646483265698
0.42105263157894735,6.845346772015139
0.42105263157894735,6.6908629768491235
0.42105263157894735,6.755639397442385
0.42105263157894735,6.846421086132571
0.42105263157894735,6.799199425518557
0.42105263157894735,6.85024532014136
0.42105263157894735,6.834397637188479
0.42105263157894735,6.703753792583987
0.42105263157894735,6.802345597088381
0.42105263157894735,6.65170320206885
0.42105263157894735,6.732595288097903
0.42105263157894735,6.722348534405276
0.42105263157894735,6.722348534405276
0.42105263157894735,6.82747110062842
0.42105263157894735,6.731886708080813
0.42105263157894735,6.693752133190676
0.42105263157894735,6.803208672344729
0.42105263157894735,6.799983822643801
0.42105263157894735,6.310480915844485
0.42105263157894735,6.310480915844485
0.42105263157894735,6.27841218644385
0.42105263157894735,6.27841218644385
0.42105263157894735,6.266124569714114
0.42105263157894735,6.249028050243899
0.42105263157894735,6.277450405895754
0.42105263157894735,6.383052670300051
0.42105263157894735,6.120920025646731
0.42105263157894735,6.387151085674807
0.42105263157894735,6.3018577926755395
0.42105263157894735,6.004509770214602
0.42105263157894735,6.2403953903317895
0.42105263157894735,6.26018127137427
0.42105263157894735,6.22419437104468
0.42105263157894735,6.3055857055783715
0.42105263157894735,6.319728218853518
0.42105263157894735,6.383052670300051
0.42105263157894735,6.266124569714114
0.42105263157894735,6.288485371410891
0.42105263157894735,6.293387734234377
0.42105263157894735,6.254946553051516
0.47368421052631576,8.090859734356448
0.47368421052631576,8.164450012981936
0.47368421052631576,8.23097451859717
0.47368421052631576,8.171227776348635
0.47368421052631576,8.062632405102297
0.47368421052631576,8.115526997387454
0.47368421052631576,8.178998314678713
0.47368421052631576,8.109934651196047
0.47368421052631576,8.30027612382178
0.47368421052631576,8.126868569195315
0.47368421052631576,8.143710934460207
0.47368421052631576,8.174999558270022
0.47368421052631576,8.145248257458254
0.47368421052631576,8.06586106950049
0.47368421052631576,8.016885124981448
0.47368421052631576,8.166795574963137
0.47368421052631576,8.019430004894778
0.47368421052631576,8.06016906434302
0.47368421052631576,8.177644097149416
0.47368421052631576,8.3083222740293
0.47368421052631576,8.232441746532961
0.47368421052631576,8.271149956524416
0.47368421052631576,8.128452622234866
0.47368421052631576,8.285633408367678
0.47368421052631576,8.131911598980471
0.47368421052631576,7.449100815594241
0.47368421052631576,7.578322254955813
0.47368421052631576,7.584977471172854
0.47368421052631576,7.42769082719092
0.47368421052631576,7.478976570904299
0.47368421052631576,7.592177712261721
0.47368421052631576,7.376958214581057
0.47368421052631576,7.440332257092043
0.47368421052631576,7.437176071941897
0.47368421052631576,7.595519863903567
0.47368421052631576,7.523211800396487
0.47368421052631576,7.56803735429053
0.47368421052631576,7.472925507366702
0.47368421052631576,7.54309781724219
0.47368421052631576,7.598125302135989
0.47368421052631576,7.498702847302004
0.47368421052631576,7.403291069805666
0.47368421052631576,7.5101121299863305
0.47368421052631576,7.615164601147219
0.47368421052631576,7.555228077709719
0.47368421052631576,7.598822438061282
0.47368421052631576,7.382860028088137
0.47368421052631576,7.564055764019534
0.47368421052631576,7.426823460400149
0.47368421052631576,7.372018658459231
0.5263157894736842,9.65720161134009
0.5263157894736842,9.692006909191653
0.5263157894736842,9.71322139436011
0.5263157894736842,9.648400151073977
0.5263157894736842,9.635700070202395
0.5263157894736842,9.618135296642825
0.5263157894736842,9.642130696117922
0.5263157894736842,9.642130696117922
0.5263157894736842,8.76276048356299
0.5263157894736842,8.776811444103762
0.5263157894736842,8.776811444103762
0.5263157894736842,8.868653141796633
0.5263157894736842,8.905463063061282
0.5263157894736842,8.953854882061526
0.5263157894736842,8.782455288708254
0.5263157894736842,8.76276048356299
0.5263157894736842,8.872206532299563
0.5263157894736842,8.967324578106448
0.5263157894736842,8.966245495617434
0.5263157894736842,8.783199154675051
0.5263157894736842,8.825211846172854
0.5263157894736842,8.961441838085696
0.5263157894736842,8.952544533550784
0.5263157894736842,8.989438854992434
0.5263157894736842,8.913839661419436
0.5263157894736842,8.797694527447268
0.5263157894736842,8.892445408642336
0.5263157894736842,8.767563187420413
0.5263157894736842,8.820080124676272
0.5263157894736842,8.92205175095801
0.5263157894736842,8.933320366680666
0.5263157894736842,8.887580715954348
0.5263157894736842,8.741356217205569
0.5263157894736842,9.516863667309329
0.5263157894736842,9.503085934460207
0.5263157894736842,9.531500660717532
0.5263157894736842,9.570895993053957
0.5263157894736842,9.691521488964602
0.5263157894736842,9.75677379304175
0.5263157894736842,9.738447987377688
0.5263157894736842,9.592644535839602
0.5263157894736842,9.725566708385989
0.5263157894736842,9.648161732494875
0.5263157894736842,9.727912747204348
0.5263157894736842,9.673442684948489
0.5263157894736842,9.66807922059302
0.5263157894736842,9.588301503002688
0.5263157894736842,9.64022048646216
0.5263157894736842,9.624115788281008
0.5263157894736842,9.588978611767336
0.5789473684210527,10.159956776440188
0.5789473684210527,11.087840878307864
0.5789473684210527,10.386008107006594
0.5789473684210527,10.343600117504641
0.5789473684210527,10.231693112194582
0.5789473684210527,10.199674450695559
0.5789473684210527,11.25550540620093
0.5789473684210527,11.140920483410403
0.5789473684210527,11.142880284130618
0.5789473684210527,11.180248104870364
0.5789473684210527,11.000058018505618
0.5789473684210527,11.226569020092532
0.5789473684210527,11.054484211742922
0.5789473684210527,10.138102375805422
0.5789473684210527,10.164872013866946
0.5789473684210527,10.196413838207766
0.5789473684210527,10.202081524670168
0.5789473684210527,10.299356304943606
0.5789473684210527,10.148073994457766
0.5789473684210527,10.273258053600832
0.5789473684210527,10.295047604382082
0.5789473684210527,10.234103047192141
0.5789473684210527,10.157941662609622
0.5789473684210527,10.334122502148196
0.5789473684210527,10.27309688264136
0.5789473684210527,10.339552723705813
0.5789473684210527,10.219221913158938
0.5789473684210527,10.386126362621829
0.5789473684210527,10.184702717602297
0.5789473684210527,11.162205540478274
0.5789473684210527,11.110457264721438
0.5789473684210527,11.077174984753176
0.5789473684210527,11.108635746777102
0.5789473684210527,11.060891949474856
0.5789473684210527,11.386600338757082
0.5789473684210527,11.03776916199927
0.5789473684210527,11.27797969514136
0.5789473684210527,11.14771445924048
0.5789473684210527,10.900431477367922
0.5789473684210527,11.151127659618899
0.5789473684210527,10.895985447704836
0.5789473684210527,11.103744351208254
0.5789473684210527,11.108667218029543
0.5789473684210527,11.268297993481204
0.5789473684210527,11.061173283398196
0.5789473684210527,11.020072781384036
0.5789473684210527,10.157746159374758
0.5789473684210527,10.171614491283938
0.5789473684210527,10.262023770153567
0.5789473684210527,10.12457164460425
0.631578947368421,11.869826161205813
0.631578947368421,11.460298382580325
0.631578947368421,11.773347698986575
0.631578947368421,12.737451397717043
0.631578947368421,12.474337422192141
0.631578947368421,12.743270718395754
0.631578947368421,12.544977986156985
0.631578947368421,12.636036717236086
0.631578947368421,12.65760501557593
0.631578947368421,12.830876194775149
0.631578947368421,12.375150524914309
0.631578947368421,12.505320393383547
0.631578947368421,12.74157890015845
0.631578947368421,12.537160717785403
0.631578947368421,12.566243969738528
0.631578947368421,12.766944729626223
0.631578947368421,12.337395512402102
0.631578947368421,12.478837811291262
0.631578947368421,12.88309272462134
0.631578947368421,12.491961323559329
0.631578947368421,12.569372975170657
0.631578947368421,12.751579129040286
0.631578947368421,12.593957745373293
0.631578947368421,12.87232383424048
0.631578947368421,12.368954502880618
0.631578947368421,12.76200946503882
0.631578947368421,12.852092587292239
0.631578947368421,12.55236991578345
0.631578947368421,11.745793186962649
0.631578947368421,11.786071621716067
0.631578947368421,11.680399739086672
0.631578947368421,11.560859524548098
0.631578947368421,11.600950085461184
0.631578947368421,11.590638005077883
0.631578947368421,11.823115193188235
0.631578947368421,11.544063412487551
0.631578947368421,11.570423924267336
0.631578947368421,11.700233303844973
0.631578947368421,11.546716534435793
0.631578947368421,11.624056660473391
0.631578947368421,11.542707287609622
0.631578947368421,11.713620983898684
0.631578947368421,11.688662373364016
0.631578947368421,11.691700779736086
0.631578947368421,11.616893612682864
0.631578947368421,11.938774906933352
0.631578947368421,11.728463017284914
0.631578947368421,11.485053860485598
0.631578947368421,11.6299455993772
0.631578947368421,11.648432576000735
0.6842105263157894,13.966690861523196
0.6842105263157894,14.117514454662844
0.6842105263157894,14.15904601746802
0.6842105263157894,14.196957432568118
0.6842105263157894,14.131299816906497
0.6842105263157894,14.23488887482886
0.6842105263157894,14.048699223339602
0.6842105263157894,14.181874119579836
0.6842105263157894,14.160566174328372
0.6842105263157894,13.881955944836184
0.6842105263157894,12.872818791210696
0.6842105263157894,12.950585209667727
0.6842105263157894,13.00660690003638
0.6842105263157894,13.810392224133059
0.6842105263157894,13.91719039613013
0.6842105263157894,13.917018734753176
0.6842105263157894,13.944189869701907
0.6842105263157894,14.21532329255347
0.6842105263157894,13.952350460827395
0.6842105263157894,14.001737438976809
0.6842105263157894,14.037645184338137
0.6842105263157894,14.133194767773196
0.6842105263157894,13.950141751110598
0.6842105263157894,14.090860211193606
0.6842105263157894,14.265575253307864
0.6842105263157894,14.074826084911868
0.6842105263157894,14.014534794628664
0.6842105263157894,14.257632099926516
0.6842105263157894,13.060910069286868
0.6842105263157894,12.96904071503882
0.6842105263157894,12.981503331005618
0.6842105263157894,13.130737149059817
0.6842105263157894,12.990055882275149
0.6842105263157894,12.843036495983645
0.6842105263157894,12.891347729504153
0.6842105263157894,13.105614506542727
0.6842105263157894,13.084381901562258
0.6842105263157894,13.014360272228762
0.6842105263157894,12.881385647594973
0.6842105263157894,12.945671879589602
0.6842105263157894,13.042069279491946
0.6842105263157894,12.937724911510989
0.6842105263157894,12.970311009228274
0.6842105263157894,13.005560719311282
0.6842105263157894,13.140379750073
0.6842105263157894,12.962668263256594
0.6842105263157894,12.800598942577883
0.6842105263157894,12.87727340394263
0.6842105263157894,13.17252143555884
0.6842105263157894,13.043603741467043
0.7368421052631579,14.275318943798586
0.7368421052631579,14.202990376293704
0.7368421052631579,14.412687146008059
0.7368421052631579,14.311211430370852
0.7368421052631579,14.335965954601809
0.7368421052631579,14.373654209911868
0.7368421052631579,14.253548466503664
0.7368421052631579,14.241890751659914
0.7368421052631579,14.381768070995852
0.7368421052631579,14.247393452465579
0.7368421052631579,14.33681758576636
0.7368421052631579,14.54740985566382
0.7368421052631579,14.505242192089602
0.7368421052631579,14.299588047802493
0.7368421052631579,14.360165440380618
0.7368421052631579,14.299774014294192
0.7368421052631579,14.510868870556399
0.7368421052631579,14.687999569714114
0.7368421052631579,14.27677997285132
0.7368421052631579,14.250221096813723
0.7368421052631579,14.331997715771243
0.7368421052631579,14.464716755688235
0.7368421052631579,14.517689549267336
0.7368421052631579,14.486920201122805
0.7368421052631579,15.761706196606204
0.7368421052631579,15.506079518139407
0.7368421052631579,15.506079518139407
0.7368421052631579,15.464241825878664
0.7368421052631579,15.33625491791968
0.7368421052631579,15.597527348339602
0.7368421052631579,15.385516011059329
0.7368421052631579,15.48393615418677
0.7368421052631579,15.571992718517825
0.7368421052631579,15.551237904369875
0.7368421052631579,15.37730773621802
0.7368421052631579,15.522281491100832
0.7368421052631579,15.53396114045386
0.7368421052631579,15.588261448681399
0.7368421052631579,15.31275352174048
0.7368421052631579,15.38724311524634
0.7368421052631579,15.38724311524634
0.7368421052631579,15.4291399353147
0.7368421052631579,15.567393147289797
0.7368421052631579,15.595583760082766
0.7368421052631579,15.463853680431887
0.7368421052631579,15.370797001659914
0.7368421052631579,15.498875462353274
0.7368421052631579,15.747863613903567
0.7368421052631579,15.587660633862063
0.7368421052631579,14.490762554943606
0.7894736842105263,15.99720748597388
0.7894736842105263,15.834391438305422
0.7894736842105263,15.880798184216067
0.7894736842105263,15.862870060741946
0.7894736842105263,15.916805111706301
0.7894736842105263,15.923995816052004
0.7894736842105263,16.0062998169065
0.7894736842105263,16.145130955517338
0.7894736842105263,15.848583065807864
0.7894736842105263,15.840462529003664
0.7894736842105263,15.907998883068606
0.7894736842105263,16.06429084473853
0.7894736842105263,15.918414913952395
0.7894736842105263,16.0062998169065
0.7894736842105263,15.914622151196047
0.7894736842105263,15.982056462109133
0.7894736842105263,16.07181152039771
0.7894736842105263,16.192417942822026
0.7894736842105263,16.05816348725562
0.7894736842105263,15.992544018566653
0.7894736842105263,15.828581654369875
0.7894736842105263,16.063000523388432
0.7894736842105263,16.08129295045142
0.7894736842105263,16.17357524567847
0.7894736842105263,15.960906826794192
0.7894736842105263,17.396296345531987
0.7894736842105263,17.188671910107182
0.7894736842105263,17.05419048005347
0.7894736842105263,17.290860020458744
0.7894736842105263,17.155180775463627
0.7894736842105263,17.06729968720679
0.7894736842105263,16.857148968517826
0.7894736842105263,17.188671910107182
0.7894736842105263,17.232115589916752
0.7894736842105263,17.04831775361304
0.7894736842105263,17.08246883088355
0.7894736842105263,17.03789981538062
0.7894736842105263,17.121054493725346
0.7894736842105263,17.14585193330054
0.7894736842105263,17.096722447216557
0.7894736842105263,17.106209599316166
0.7894736842105263,17.05160602265601
0.7894736842105263,16.999138676464604
0.7894736842105263,17.160015904247807
0.7894736842105263,17.188671910107182
0.7894736842105263,17.022908055126713
0.7894736842105263,17.041354023754643
0.7894736842105263,17.041354023754643
0.7894736842105263,17.041354023754643
0.7894736842105263,17.015591465771244
0.8421052631578947,18.721556507885502
0.8421052631578947,18.688788258373783
0.8421052631578947,18.528366886913822
0.8421052631578947,18.447890126049565
0.8421052631578947,18.686953388989018
0.8421052631578947,18.82128032380347
0.8421052631578947,18.672610127270268
0.8421052631578947,18.711052738964604
0.8421052631578947,18.677212559521244
0.8421052631578947,18.541945301830815
0.8421052631578947,18.408018910229252
0.8421052631578947,18.549263798534916
0.8421052631578947,18.726063572704838
0.8421052631578947,18.622959935009526
0.8421052631578947,18.83539851838355
0.8421052631578947,18.745608174145268
0.8421052631578947,18.772276722729252
0.8421052631578947,18.455513798534916
0.8421052631578947,18.48617061311011
0.8421052631578947,18.546368443310307
0.8421052631578947,18.739645802319096
0.8421052631578947,18.676852070629643
0.8421052631578947,18.45595630341773
0.8421052631578947,18.550787770092533
0.8421052631578947,18.272778355419682
0.8421052631578947,17.42368968659644
0.8421052631578947,17.723774754345463
0.8421052631578947,17.628769718945072
0.8421052631578947,17.50545009309058
0.8421052631578947,17.63175281220679
0.8421052631578947,17.602349125683354
0.8421052631578947,17.699648701489018
0.8421052631578947,17.67829402619605
0.8421052631578947,17.381045185864018
0.8421052631578947,17.596302830517338
0.8421052631578947,17.64300998383765
0.8421052631578947,17.614706837475346
0.8421052631578947,17.663866841137455
0.8421052631578947,17.596117817699955
0.8421052631578947,17.514227711498783
0.8421052631578947,17.701418721020268
0.8421052631578947,17.40009578400855
0.8421052631578947,17.524990879833744
0.8421052631578947,17.5225876205564
0.8421052631578947,17.443651997387455
0.8421052631578947,17.500687443554447
0.8421052631578947,17.56676944428687
0.8421052631578947,17.662800633251713
0.8421052631578947,17.832335316479252
0.8421052631578947,17.832335316479252
0.894736842105263,19.90519603425269
0.894736842105263,19.843766056835697
0.894736842105263,19.95859416657691
0.894736842105263,19.912169300854252
0.894736842105263,19.979809605419682
0.894736842105263,19.995573841869877
0.894736842105263,20.20268901520972
0.894736842105263,20.007120930492924
0.894736842105263,20.120274388134526
0.894736842105263,20.003737294018315
0.894736842105263,20.02064784699683
0.894736842105263,20.032893025219487
0.894736842105263,19.852845036327885
0.894736842105263,20.27764590913062
0.894736842105263,20.109021031200932
0.894736842105263,19.242365681469487
0.894736842105263,19.309685551464604
0.894736842105263,19.259337269604252
0.894736842105263,19.18142779999976
0.894736842105263,19.31949695283179
0.894736842105263,19.2204693191648
0.894736842105263,19.179167591869877
0.894736842105263,19.317311131298588
0.894736842105263,19.253186070263432
0.894736842105263,19.295309864819096
0.894736842105263,19.958319508373783
0.894736842105263,19.82441219025855
0.894736842105263,19.48134883576636
0.894736842105263,19.1639450424314
0.894736842105263,19.123547398388432
0.894736842105263,19.377304875195072
0.894736842105263,19.09955867463355
0.894736842105263,19.024109684765385
0.894736842105263,19.20778735810523
0.894736842105263,19.15118869477515
0.894736842105263,19.15118869477515
0.894736842105263,19.369704090893315
0.894736842105263,19.461418949902104
0.894736842105263,20.14106258088355
0.894736842105263,20.387900196850346
0.894736842105263,20.154730641186283
0.894736842105263,19.943169438183354
0.894736842105263,20.249819599926518
0.894736842105263,20.345276676952885
0.894736842105263,20.14486201936011
0.894736842105263,20.34736903840308
0.894736842105263,19.486204945385502
0.894736842105263,19.041586720287846
0.894736842105263,19.353123509228276
0.894736842105263,19.364775502026127
0.9473684210526315,21.480524861156987
0.9473684210526315,21.654888951122807
0.9473684210526315,21.50503619843726
0.9473684210526315,21.752077900707768
0.9473684210526315,21.434698902905033
0.9473684210526315,21.456169926464604
0.9473684210526315,21.573502384960697
0.9473684210526315,21.98235782319312
0.9473684210526315,21.448920094311283
0.9473684210526315,21.784619175732182
0.9473684210526315,21.67748149567847
0.9473684210526315,21.912672840893315
0.9473684210526315,21.608832203686283
0.9473684210526315,21.60915454560523
0.9473684210526315,21.638369404614018
0.9473684210526315,21.3131206863523
0.9473684210526315,21.447707020580815
0.9473684210526315,21.976801716625737
0.9473684210526315,20.962466084301518
0.9473684210526315,21.16496928864722
0.9473684210526315,21.57900508576636
0.9473684210526315,21.821200215160893
0.9473684210526315,21.06491168671851
0.9473684210526315,21.20064815217261
0.9473684210526315,21.380736195385502
0.9473684210526315,21.721131169140385
0.9473684210526315,21.74916347199683
0.9473684210526315,21.756337010204838
0.9473684210526315,21.553589665234135
0.9473684210526315,21.553589665234135
0.9473684210526315,20.991450154125737
0.9473684210526315,21.0334518783689
0.9473684210526315,20.966677510082768
0.9473684210526315,21.122618519604252
0.9473684210526315,21.228752934277104
0.9473684210526315,21.229695164501713
0.9473684210526315,21.19891055756812
0.9473684210526315,21.19891055756812
0.9473684210526315,21.025927388012455
0.9473684210526315,20.934632145702885
0.9473684210526315,20.87864574128394
0.9473684210526315,21.10819133454566
0.9473684210526315,21.294678532421635
0.9473684210526315,21.0927837722898
0.9473684210526315,20.907524906933354
0.9473684210526315,20.933846318066166
0.9473684210526315,21.173456990063237
0.9473684210526315,21.26821407014136
0.9473684210526315,21.618084751904057
0.9473684210526315,21.046612583935307
1.0,23.143690907299565
1.0,22.746832691967533
1.0,22.729309880077885
1.0,22.976446949780033
1.0,22.822504841625737
1.0,22.794482075512455
1.0,23.01955684357886
1.0,22.78991397553687
1.0,22.956198536694096
1.0,22.617478215038822
1.0,22.727816426098393
1.0,23.171244465649174
1.0,23.08978732758765
1.0,22.913067662060307
1.0,22.646620594799565
1.0,22.91186221772437
1.0,22.94857295686011
1.0,22.594563328564213
1.0,22.822504841625737
1.0,22.822504841625737
1.0,22.735649906933354
1.0,22.693144642651127
1.0,22.959990345776127
1.0,22.82320674592261
1.0,22.964045368969487
