velocity_mps,Fx_aero_N,Fy_aero_N,Fz_aero_N
0.018520564300299316,-0.33049244100120356,-0.12103725270371271,1.3144000558001652
0.018518806927653154,-0.37287340930957785,-0.11470888901852608,1.3428466144321949
0.018543156285581428,-0.4140729568023735,-0.10994724866680959,1.368944151829765
0.01859969566001353,-0.4515188053718463,-0.10786940981553242,1.3902002273037497
0.018690956678675767,-0.48381110961711365,-0.10946989585599044,1.4051022860316889
0.018817181157395134,-0.5111560293922199,-0.11503362527559366,1.412770679703403
0.018977235981407926,-0.5346732998861662,-0.12388090153561027,1.4127253566031326
0.01916889626847076,-0.5545826315435518,-0.13432582974638416,1.4051514907439193
0.01938890715652403,-0.5707406027396671,-0.14458057922788056,1.3911945804686596
0.01963314466035693,-0.5852762734421678,-0.15403868010943061,1.37252199680435
0.019896934748475457,-0.6025860745205542,-0.16312259881041133,1.3505588464601703
0.020175165437278257,-0.6259714205567819,-0.17177570304723566,1.3265217459559382
0.02046228083759638,-0.6551618104699103,-0.17870683179033345,1.3020536788256938
0.02075304446505907,-0.6868258390052571,-0.18220426128423467,1.2792666046667496
0.021043981892856663,-0.7170935300063426,-0.18145925062306079,1.260183909594133
0.021333995384027866,-0.7441646344765037,-0.17721704438825747,1.2462532229291563
0.02162332380192604,-0.7680167727252712,-0.17106955968349485,1.2380650673441926
0.0219119826308264,-0.7873358182681256,-0.16407280661483792,1.235515510043787
0.022199167405139247,-0.7985288340012512,-0.15629768028258392,1.2382624612369635
0.022483521412161842,-0.7979627747720979,-0.14733996567021732,1.2458707374562372
0.022763364805914912,-0.7837103802709597,-0.13681989449503476,1.2577220595718004
0.023036168075715627,-0.7562490175709258,-0.12495921281127616,1.272893728499816
0.02329723343829086,-0.7191673880473187,-0.11320922885557416,1.289911144034953
0.02353935835624929,-0.6785761802617467,-0.10396180069930448,1.3066654682411374
0.023754516933507677,-0.6410836070908167,-0.09921506402787504,1.320898677111491
0.023935741963648748,-0.6119022219846839,-0.09949179161533371,1.330977897834268
0.02407789869448271,-0.5934258380326115,-0.10383298282824993,1.3363994033993831
0.02417774237107129,-0.5846525305649604,-0.11034145241209513,1.3378346413694548
0.024233228751890948,-0.5821679050011769,-0.116826132667478,1.3367057107539249
0.0242424079713533,-0.5819271179575056,-0.12150203911453726,1.3346179897141457
0.024202778181866072,-0.5808421196759475,-0.12331903411644941,1.3330292499939749
0.02411075977270696,-0.5774172352947966,-0.12180870121137109,1.3327539018991619
0.023961273189807786,-0.5712678327143021,-0.11687871640010031,1.3332942157824592
0.02374856596580295,-0.5626270187523795,-0.10849302959965301,1.333285748549049
0.023468165874799298,-0.5520801118624313,-0.09638852580229218,1.3320704013087628
0.02311800235823639,-0.5402927074091466,-0.08080309854718634,1.3300708166971
0.022697845538336325,-0.5281975095097392,-0.06363275946113853,1.3275267787871199
0.022208661477165697,-0.5170489585139086,-0.0479720626622351,1.3241377900106361
0.021652866632325386,-0.5077579338627486,-0.03638894488119583,1.3201174133540492
0.021034144258902956,-0.5005937937117126,-0.030307802362644007,1.3164629693235197
0.020356222062860824,-0.49579325495295645,-0.030995826503279256,1.3140850850303878
0.01962245415358542,-0.49394902682666764,-0.04021017436920618,1.3134508826585884
0.01883723638020548,-0.49555562011670906,-0.05896636480443228,1.314785100184823
0.018007350565789462,-0.5005973557509478,-0.08578764954793562,1.317897776524027
0.017141337837842986,-0.5088101347979926,-0.11700532806542495,1.3220496009019223
0.016248343834427026,-0.5199036114260709,-0.1484246446191547,1.3262353629988755
0.015338411688130644,-0.5332155884869749,-0.17583325235701608,1.329581826650508
0.01442332877664311,-0.5474508070904962,-0.1950412634348728,1.3316899365454915
0.013517086733130764,-0.5609948514419074,-0.20321925509447764,1.3325503691359204
0.01263650327886126,-0.5723247334462025,-0.20033071150791,1.332027433957844
0.011801698927437411,-0.5801025009797467,-0.18886922918048005,1.3296642291706628
0.011035779767439847,-0.5833321851361406,-0.1724282853996171,1.3249934273048583
0.010364015936556507,-0.5815322175509243,-0.15443675012551467,1.3177624271421537
0.009811884253776331,-0.5745233711028824,-0.13733023777898706,1.3079595290506347
0.009401395173334302,-0.5626357025013126,-0.1219970072790972,1.295971324373427
0.009147314561352503,-0.5472630209666483,-0.10774052154227112,1.282727699624844
0.009054583275481372,-0.5303417671031361,-0.09308842362769615,1.2694572690417354
0.009116790873462741,-0.5135474245011169,-0.07712123705677415,1.25717184537162
0.009316287989412893,-0.4983456564509732,-0.060194080791550156,1.246378266824522
0.00962709763334616,-0.4857636565153904,-0.043633050240947796,1.237190551828163
0.010020160792193901,-0.47606780021566064,-0.0293279657563995,1.2295747966626136
0.010468164113753222,-0.469612086265673,-0.01959938519101393,1.223455207302197
0.010947610708164789,-0.46754013108668724,-0.016725706453302604,1.218745739919555
0.011438783517373638,-0.4710254930106845,-0.022016851373352624,1.215536625437482
0.01192513619849285,-0.4802179152270316,-0.03513316847595642,1.2142793256616535
0.012392375964080554,-0.49401598424318227,-0.05444639082936772,1.2157789218553698
0.012827786284497378,-0.5107441186641295,-0.07821502764840978,1.2208167146610232
0.01322067142596779,-0.5290593075073995,-0.10474204637816739,1.2292985985624267
0.01356339344404856,-0.5480452856588354,-0.13105866667442662,1.2398134300489885
0.013851596381797459,-0.566685770740286,-0.152938683445485,1.2502203292255565
0.014083283848851639,-0.5836494141899948,-0.16717655574857535,1.2584926592755
0.01425804777849648,-0.5979099658162468,-0.17332216285303956,1.2632680414638944
0.014377422139795006,-0.6096149047947637,-0.17344995558105297,1.264125379541132
0.014445280986005503,-0.6195229084586034,-0.17071667414018074,1.2613534068091594
0.014467166249927848,-0.6277577250608701,-0.16793704101917645,1.2554730179496016
0.014449787813810804,-0.6340151872737096,-0.16696782362158807,1.2471873045924264
0.014401684405808171,-0.6380413594528194,-0.16806527555690934,1.2375998507034547
0.01433379375226213,-0.6394761210755279,-0.16954154381272304,1.2281802084594384
0.014258799525171706,-0.6384222594851212,-0.1691411344874904,1.2204576392282855
0.014189716561808598,-0.6359906337575919,-0.16606144292340097,1.2155727043889244
0.014138825675749755,-0.6337208322163206,-0.16174376397179968,1.2137923898645857
0.014117683876534146,-0.6329328523223748,-0.15893177681303766,1.2144026016635303
0.014137687732874544,-0.634575037003305,-0.1598355356035702,1.2162125458258646
0.014209742509647353,-0.6391218007850097,-0.1649673955693692,1.2181414712586944
0.014343213790397194,-0.6462911358341399,-0.17295394334740363,1.2194523264320316
0.01454523578297753,-0.654989316437104,-0.18096974744245667,1.2197601031896366
0.014819892538283563,-0.6641432953869297,-0.1861151577821104,1.2188366882478148
0.015166742674915561,-0.6734328560372332,-0.18684743347435395,1.2162877227545386
0.0155797942231252,-0.6824724219457905,-0.1831555778224772,1.2112981054552674
0.016048115688023383,-0.6900208577594572,-0.1759842785452566,1.2024987710015576
0.01655763389266394,-0.6949591236140559,-0.1663731869853764,1.1882633017175261
0.01709295854044848,-0.6973476769518594,-0.15467289733992554,1.1675943364900718
0.017638800116470246,-0.6980554006447194,-0.14100890446662445,1.1410016959116953
0.018180992009400047,-0.6975000757934119,-0.12621754411191544,1.1105026873686688
0.018706947036944588,-0.6946287583033397,-0.11159641331690016,1.0787570585844104
0.01920544335354547,-0.6878532448547139,-0.09834001849425977,1.0484570830357622
0.01966609265421088,-0.6771465744717007,-0.08746884555416087,1.0224106409982072
0.020079047314697323,-0.6637256024260603,-0.07932727117937796,1.0035032723795954
0.02043515979484494,-0.6480230413717603,-0.07298135882755934,0.9939783925486552
0.020726324098492736,-0.6300085897803239,-0.06690641245323398,0.9943962818949801
0.02094555852547884,-0.6110989263169079,-0.060508695869104824,1.0033440936460358
0.02108684747438117,-0.5941440134450213,-0.05466710958175554,1.0183337101136993
0.02114530443442065,-0.581700850098622,-0.050726998329096204,1.0367140619214654
0.02111793673861215,-0.5746881195579415,-0.049099689078395514,1.0559897892854728
0.02100452220113881,-0.5722894318966391,-0.048818658226937886,1.0742300968205196
0.020807869127297852,-0.5728883471149376,-0.04824577659158566,1.0903549635952021
0.02053319735384084,-0.5751097933366758,-0.04621052559292849,1.1036006717169011
0.02018734966750868,-0.5784045525880919,-0.04282049819990559,1.1128505902743178
0.01977854747329085,-0.5828481784732072,-0.03936958486471479,1.1170130103672866
0.01931639139147289,-0.588057999582838,-0.0375195603990937,1.1159078306694412
0.018811969516746845,-0.5925632916292002,-0.03844509836453321,1.110316300940821
0.018278020776953115,-0.5946774269671364,-0.04216725766290767,1.1015364164552677
0.017728309155455972,-0.5936563916533981,-0.0474892215588434,1.0912887339262538
0.0171760294572134,-0.5897733340852794,-0.0529073568086771,1.0815833207167374
0.01663257914532864,-0.5839186652847871,-0.05744176888338639,1.0742580159404227
0.0161074888974851,-0.5775487772163155,-0.06061123181592751,1.0706333279292342
0.015608759299774398,-0.5724433661133586,-0.062441142043731294,1.0714080725195272
0.015143020603234374,-0.5700229449443236,-0.06392919172086908,1.0764760311516544
0.01471547286945017,-0.5709708851615954,-0.06712679126692488,1.0847591086731556
0.014329296179474716,-0.5753634647515563,-0.07430659543974934,1.0945426758866095
0.013985020478895827,-0.5828928535570425,-0.0867152387569767,1.104183352246302
0.013680924764500581,-0.5932544656604352,-0.10408719013015276,1.1124337294048472
0.013413955586589558,-0.6065649141351338,-0.12547850674666228,1.1181544178897367
0.01317984676698873,-0.6226272712779273,-0.14968591468771802,1.1201817573300468
0.012972658926234582,-0.6393784508413355,-0.1739336206350184,1.1177738232358239
0.012785094543347406,-0.6526108880650336,-0.19277233845695976,1.111011180397576
0.012609320651028074,-0.6572777394799206,-0.1993611326925408,1.100877109103099
0.012437515049790602,-0.650236025328888,-0.18961056888814226,1.0892298935874227
0.012262965474774984,-0.6331531120353036,-0.16618015335378108,1.078469474119902
0.012081402496457946,-0.6115311820138292,-0.13718435189331987,1.070702760006952
0.011891166281350759,-0.5905774858167243,-0.11081072885613642,1.0668746400979865
0.011692633850661558,-0.5727564653063569,-0.0914479390049789,1.0665878838052105
0.011487727505314767,-0.5575386653407969,-0.07901579555676251,1.0685702993220365
0.011279382202752047,-0.5425160802732298,-0.07070386018963999,1.0714617333921055
0.011071483160567048,-0.5260338683656258,-0.06378513927025731,1.0749293086273866
0.010869340666917984,-0.5089774386818874,-0.057272216457832044,1.0803424298068467
0.010679416194143592,-0.4938811484814161,-0.05159963224556539,1.0900272525571362
0.01050808970993135,-0.4829806237763791,-0.04748316047896887,1.1056451631783482
0.010360567910229025,-0.47692908816046536,-0.04519850067291059,1.127005010514019
0.010240107484217897,-0.4748707732768491,-0.044672373147559494,1.1518803289247512
0.010147020971132759,-0.47600628032114656,-0.046010184034968975,1.176744380206747
0.01007797154977487,-0.48043458589391147,-0.049709155617554096,1.198088487801079
0.010026371691424434,-0.4878389203080625,-0.0561251070591383,1.2136600276358775
0.009983662128991863,-0.49672943845855283,-0.06470790402804585,1.2229850660661048
0.009940495346414176,-0.5057065747670981,-0.07392633528494387,1.2269806749035304
0.009887298057304136,-0.5144641647806198,-0.08197106489689505,1.2269472570407296
0.009814867193713352,-0.5235694772669969,-0.08755750814162833,1.2238024420846063
0.009715582416937998,-0.5340837391574167,-0.0903583887587897,1.2181205558435846
0.009584501764963354,-0.5469560575253094,-0.09100931298307845,1.2103629924084156
0.009419989493800695,-0.5622433324740119,-0.09073198379191884,1.2008469574706822
0.009224495788983413,-0.5793580881627859,-0.0907262277847262,1.1898231053402064
0.009005063111687788,-0.5976979910651032,-0.09165142900484194,1.1776281337113856
0.008772818692816339,-0.6163975342841692,-0.09345431797373412,1.1647110032762384
0.008542146536387357,-0.6342332630899514,-0.09551879875156866,1.1516062377555827
0.00833034648128356,-0.6500887367343544,-0.09700827348438319,1.13885402997273
0.00815684803866546,-0.6631937291779033,-0.09734908556547878,1.1269326496494037
0.008040836766617487,-0.6734760374032753,-0.0967254373611968,1.116190168157539
0.007998143776312023,-0.6818500822341115,-0.09641244379492102,1.1068142046924405
0.008038758054616386,-0.6897307427011355,-0.09863274237481595,1.0989026676835258
0.008165230203259183,-0.6983358906418861,-0.1055012598146416,1.092337982991413
0.008372164962097974,-0.708236803628684,-0.11729762094970053,1.0867531889641084
0.008647140278830638,-0.7189546910314357,-0.1313553897994198,1.0820668330654208
0.0089727867568147,-0.7288939478361798,-0.14307444068584313,1.0787091557918413
0.009329026484148408,-0.7359865747220976,-0.14883176456641625,1.077103436961665
0.009694752047103204,-0.7388491517015836,-0.1481824734790314,1.0774015361571805
0.01004936234843221,-0.7375126034653227,-0.14343342627134187,1.079683090020532
0.010374433700598394,-0.7329633541458093,-0.13761808957781427,1.0841426038913076
0.010654963704816315,-0.725912118760924,-0.13245486794606956,1.0911942764681883
0.01087971274644543,-0.7157246963928398,-0.12717098859102502,1.101222544124385
0.011040976197470378,-0.7007444752283188,-0.11950400289295143,1.1140436311659054
0.011134411726232009,-0.6796834121360738,-0.10809283952812777,1.1288040046834762
0.011158877592905877,-0.6520223917458401,-0.09334779368074222,1.1443617347480157
0.011116102409097122,-0.6179676499081309,-0.07703871449144804,1.1596605771956008
0.01101040457822306,-0.5795138452272007,-0.06200520622534024,1.1738404514849567
0.010848247057013111,-0.5413294772994831,-0.05086107994207633,1.1860560342181017
0.01063742707518442,-0.5097440771731284,-0.04436102075122369,1.195532561608912
0.010386397046925355,-0.48983198477562756,-0.04148873046359653,1.2021574153376213
0.010103895764833873,-0.48283506456270564,-0.04051226604281438,1.2067438648859072
0.009798642462236445,-0.48668539368475766,-0.04002521798511374,1.210389550280178
0.009479235027386752,-0.4985825001092711,-0.03986977404097023,1.2137247812364695
0.009154387334368984,-0.5162615700188511,-0.04093960021185986,1.2168281464582569
0.008833166725160822,-0.5370708654625502,-0.04377720958027658,1.2197585917214528
0.008525017889100098,-0.5569023923939815,-0.04754065251640579,1.2231077573048084
0.008239479566569749,-0.5713997519160268,-0.05041659057096917,1.2277527139275823
0.0079854468548713,-0.5783588312631548,-0.050836275097665334,1.2341111232951691
0.007770404250181104,-0.577889145333746,-0.04804260133678307,1.2419778778546442
0.00760023670236732,-0.5707927206576658,-0.04174198777405575,1.2508447875686037
0.007479413182582329,-0.5579536525206048,-0.03171614151700742,1.2600618971757787
0.007411066510572566,-0.5405065302530084,-0.017810173139337533,1.2688548819702343
0.0073970063488560675,-0.5193895777072493,-9.184379132736656e-05,1.2764282535162004
0.007437765372072706,-0.4949690905825568,0.020990605875181614,1.2822081909639471
0.007532451221710584,-0.467779460700274,0.0444793672822959,1.2859719530686453
0.007678390062769337,-0.4392279820592263,0.06894042523295281,1.2876430124804994
0.007871197702650096,-0.41124021168294306,0.09270874754539489,1.287047272752266
0.008105345148775837,-0.386053889121498,0.11412197676743661,1.284072124091927
0.008374666133126912,-0.36644969337138605,0.13158187247390288,1.2791656922498718
0.008672737093512873,-0.3552369864756206,0.14356656694858355,1.27354722617476
0.008993084523025626,-0.3543771551446357,0.14886067570675257,1.268793290894354
0.009329321452092101,-0.36454330183411693,0.14710534819512436,1.2662752124091703
0.009675487528054081,-0.38447294098570073,0.13938162079809682,1.2669505182205767
0.010026087124137292,-0.4105760732300672,0.12813763722062213,1.2713970597688522
0.010375537452528914,-0.438245216988156,0.11613292532067064,1.2798185434869433
0.01071788922851733,-0.46359211636716896,0.10530549375741789,1.2919597517833938
0.011046971074206241,-0.4839790340134597,0.0964776321306896,1.307064884585256
0.011356323916371007,-0.49863165552536814,0.08927192174878733,1.3241657940931406
0.01163910249429067,-0.5095145878546931,0.08196003049972558,1.3423945680872946
0.011888423327901123,-0.520423115012314,0.07261256695191338,1.3606888238786188
0.012098177292073797,-0.534429678618158,0.06116440670722732,1.377491193752299
0.012264054142398957,-0.5522932724044858,0.04953146540354465,1.3913961310354834
0.012384376953155427,-0.5731183390452497,0.03948424398369708,1.4019731250682406
0.01246031619038482,-0.5957832749367858,0.03132113771658743,1.4095252062062433
0.012495436760116678,-0.6195518907507767,0.024397079423022557,1.4141584825903162
0.012495059388956455,-0.6436078036043885,0.018016239572053092,1.4153110211531645
0.012465640119263568,-0.6661174191653305,0.012004570842425408,1.412384186346178
0.012413800619416137,-0.6844055395053183,0.006798354837673092,1.4059160275270475
0.012345227105553278,-0.696289214962965,0.0029533436934304326,1.3978147767014761
0.012264209104504908,-0.7005982496413904,0.0006412464520930178,1.3905402587795028
0.012173978180557649,-0.6970569998888483,-0.0005178020984362001,1.3863385323653654
0.012077377659425207,-0.6867108300435464,-0.0012923888464411537,1.3868555695837281
0.011977349714507615,-0.6717323812810431,-0.0023344166016849538,1.3930804761128743
0.011877125829283294,-0.6541250644400757,-0.003674274667825591,1.4055095956895116
0.011780728513173709,-0.6349720934407167,-0.004643408906193125,1.424142498320883
0.011694096604758678,-0.6148042058753199,-0.004257351490736745,1.448330488370145
0.011626030299341217,-0.5943506577645497,-0.0018885468573936895,1.4768076901973954
0.011588242079012023,-0.5751828882649304,0.002027949976717498,1.5078589138859464
0.011594319391529457,-0.5595556734351066,0.0057015512829652094,1.5395102915002168
0.011657501078760964,-0.5492518491617763,0.006545217770471326,1.5697502346850412
0.011788047757033005,-0.5448491559316196,0.0025321811166077574,1.596649745819984
0.011991504319080304,-0.5461350355410716,-0.006626998404976463,1.618499541699291
0.012268186666237805,-0.5527117639926087,-0.019615218060559922,1.6341462705948937
0.012613328241773457,-0.5641320715526229,-0.03445586915601149,1.6433053763834597
0.013017294945449573,-0.579719144182818,-0.04912037922342513,1.6464846622777385
0.013465866034999515,-0.5985678443348572,-0.06191766027477846,1.6443640020187336
0.013941085581360795,-0.6196953954413061,-0.07165789826143003,1.6373157468038297
0.014423048142709559,-0.6420187222330965,-0.07739883522341527,1.625783615934462
0.014892190995617583,-0.6646941112803315,-0.07869187207630544,1.6107755100991508
0.015331269203833814,-0.6875572064802126,-0.07619452113340731,1.5936766328684082
0.015726759550812507,-0.7107256240043243,-0.07148361277219835,1.5758635170138646
0.01606978786217243,-0.7342920683845275,-0.06635859971471496,1.5586094273792859
0.01635635282258112,-0.7586365984342776,-0.062161950429439686,1.543037725602365
0.01658660807622545,-0.7838388922919489,-0.059021637742464966,1.529867336953046
0.016763540345700368,-0.8084301111459955,-0.055776280561358464,1.519337903878599
0.016891729693629787,-0.8297118091047808,-0.05119668223489833,1.511541738331736
0.016976492465609016,-0.8455724767938727,-0.045370724272780334,1.5065114690390435
0.017023480760482056,-0.8558787196165084,-0.04004159630822108,1.5038603953313119
0.01703878780580217,-0.8626058818052137,-0.03781785952341428,1.5025836999671938
0.01702895332516804,-0.8683484525849361,-0.04050870289732973,1.5012507783989697
0.0170004087532745,-0.8741893638360186,-0.047735051501359406,1.4984160589983997
0.016958961879965317,-0.8795486380557868,-0.05722122252219079,1.4930476088445963
0.016909639700950555,-0.8835988397507569,-0.066174634765521,1.4849642609809302
0.01685616481385324,-0.8861211068572817,-0.07246502194674001,1.4751241269213056
0.016799928399708914,-0.8882010328794827,-0.07535088395476768,1.465101586745088
0.01673959558622856,-0.8920273096927175,-0.07546974472366294,1.4560803268482725
0.016671853128894933,-0.8985559328544411,-0.07399825442536646,1.4486504321259717
0.01659221513236384,-0.9060792323718089,-0.07187210750472953,1.4433143428196802
0.016495190412074916,-0.9114794164844061,-0.0696541670781977,1.4405543290325669
0.016374343043623046,-0.9113490996993014,-0.06762266921734661,1.4404256205491368
0.016222632418036963,-0.9027138875526166,-0.06604733548976145,1.4425521788739581
0.01603296899052129,-0.8846675838573977,-0.06577400698946463,1.446632982242977
0.01579904110805252,-0.8589474561021164,-0.06815437717205428,1.4525795532326162
0.015516500179723227,-0.8288630726581966,-0.07409055895543977,1.4599418004430864
0.015183981290951724,-0.7978668554339214,-0.08329330474033733,1.4675401686226173
0.014803326036851486,-0.7681498302871946,-0.09426132956904681,1.4739011129126363
0.014379186667860082,-0.7405354106864199,-0.10488759273912221,1.4778715651931875
0.013918430788388059,-0.715511641630398,-0.11346370807025051,1.478891276774647
0.013429305270632807,-0.6933421526873591,-0.11937423952937312,1.4770137231918798
0.012920799439913318,-0.6737695320367859,-0.12312864035987685,1.4725689310044268
0.012402812021927372,-0.6565680925900187,-0.12600429100675606,1.4656726954421817
0.011886344899473522,-0.641943931684876,-0.1291015484267577,1.4564332006020064
0.01138290006266734,-0.6302336635939136,-0.13207530942874485,1.4455962636706727
0.0109038502424708,-0.621714869227321,-0.1329951005907833,1.4344607089354722
0.010460277151948975,-0.6166982547494436,-0.12988681944379601,1.4243568190306026
0.010062087860296364,-0.6158158780056008,-0.12269625782804487,1.41672167036639
0.009716483652707303,-0.6204144852998018,-0.11387160312890336,1.4132334457515008
0.009427695183432127,-0.6318908645383736,-0.10692665962356421,1.415093417542264
0.009198229918648616,-0.649798847292077,-0.10429371715640903,1.4222199229566745
0.009029891416935538,-0.6710344884096556,-0.10622589584776862,1.4332929456701224
0.008923526422640677,-0.691428351030813,-0.11128518466222048,1.4464755363128987
0.008878224739020828,-0.707805693305035,-0.11757475304317831,1.4603520769560547
0.00889076000428976,-0.7184633509060027,-0.1235256727881921,1.4742726300404867
0.0089551995425362,-0.7227783749452058,-0.1280400609207471,1.4876742299907306
0.009063305348212869,-0.721278136715941,-0.1306453867103795,1.4994235544667631
0.009206544509001994,-0.716181090904476,-0.13200073162171447,1.5079736910191452
0.009378173574637046,-0.711347205758727,-0.13393848690320662,1.5117987334293923
0.009573663145111372,-0.7105259464537854,-0.1382960376475551,1.5099031434303902
0.009790426987771272,-0.7153380911150495,-0.14569493916218007,1.5024066851199316
0.010027824246186902,-0.7252399422768806,-0.15540967139680034,1.4903451000876644
0.010286773804417358,-0.7385206790374709,-0.16571068964980515,1.47486304426945
0.010568860597057226,-0.7529641111332953,-0.17439091257804334,1.4570310501994241
0.010875521264717353,-0.7666850430957587,-0.17983647804504943,1.4380802809348694
0.011207531810259502,-0.7785532217515715,-0.18192720857759354,1.419398990865433
0.01156488016458992,-0.7874716340034681,-0.18188392261882436,1.4023965879927733
0.011946589334029268,-0.7919459311784305,-0.18118630688770168,1.3881748469781343
0.01235013788145149,-0.7908035921952352,-0.18039059259354756,1.3771660204148946
0.01277122802387861,-0.7839811570301846,-0.17887715616748434,1.3691746227476262
0.01320451071213384,-0.7724113794567872,-0.17557633274545154,1.363776317749684
0.013644746447571625,-0.7573960822443582,-0.16999375043407844,1.3607864525883613
0.014087892163049297,-0.7406348076597709,-0.16312265200481904,1.3604212008447762
0.014531894171319868,-0.7246461622351473,-0.15755394596646133,1.362961805200903
0.01497689858134902,-0.7122313063129687,-0.15652362714430745,1.3682659968114417
0.015424822102215293,-0.7051143476084696,-0.16278823197659434,1.3755420686115103
0.015878213481230467,-0.7026387017210661,-0.17791656784227128,1.383555903790988
0.01633865930556562,-0.7018178788411041,-0.20212082643874768,1.3911028286845584
0.016805217385229308,-0.6997363393202148,-0.2351868919926309,1.3973307164624365
0.017273070436516297,-0.6956002132657968,-0.27831218640894395,1.4017347339568134
0.01773250811659942,-0.6902132108379014,-0.3353661686679057,1.403931775912926
0.018167772082956904,-0.6853402970616292,-0.41231367089613424,1.4033871140478886
0.018555144465992136,-0.683249182806208,-0.5144313830047333,1.3992437643281561
0.018860775041467943,-0.6847833107018735,-0.6425809338956757,1.3902820369842896
0.0190389126306254,-0.6886049199884224,-0.7909046175428975,1.375001324668104
0.01903132135805063,-0.6927254781931613,-0.9473436319608616,1.3518456038990359
0.01876969034656764,-0.6955344235947298,-1.0969850995445822,1.319504909412961
0.01818246832251803,-0.6961377919688511,-1.2265776299898965,1.2772236728846467
0.017207277083692744,-0.6946499893942668,-1.327860325570543,1.2251136744422078
0.015813569707824597,-0.6915995612651801,-1.3985755327932257,1.164368965616049
0.014052554992302096,-0.6872945753290529,-1.4409979054074398,1.09729623579806
0.012184775964471534,-0.6819147215189905,-1.458688493314399,1.0272999078020488
0.010968268215333279,-0.6756158987856665,-1.4536068257322612,0.9586908915486585
0.011802391341976195,-0.6686929058578983,-1.4255179814881735,0.8959479245704299
0.015577726164391003,-0.6617544384668069,-1.3736038440684748,0.8429169756129189
0.021905643663452583,-0.6551630819808729,-1.2985085629033362,0.8027662087572901
0.030217885817227497,-0.6480691239671651,-1.2033383463121525,0.778244383756998
0.040218325663471804,-0.638526582556082,-1.0939406140482484,0.7713404565928113
0.05177806597742438,-0.6248875667616606,-0.9784191942984252,0.7827408400889732
0.06484302401462147,-0.6069049968443307,-0.8649204044226911,0.8116344515746511
0.0793921154229356,-0.5860353541694387,-0.7589874857376279,0.8554551929301473
0.09541892348979811,-0.5653436655574189,-0.6624679876652705,0.9099349757355962
0.11292226319637504,-0.5485750521370432,-0.5740454027068475,0.9702302490288993
0.1318980123268474,-0.538633468248217,-0.49101147729614103,1.0321903322034334
0.1523329552279526,-0.5367325376071158,-0.41157209389176974,1.0924708459526513
0.17420575846089645,-0.5426625370557028,-0.3362885252169644,1.1478510669153852
0.19749395738523293,-0.5555997954984194,-0.26769011323291186,1.1950720786159115
0.22218059817163632,-0.5744359272193083,-0.20825253288163814,1.2316093363991576
0.24825726966882433,-0.5973131117892426,-0.1582835209313227,1.2565225520975847
0.275721960991156,-0.6213765850186588,-0.11519873894241714,1.270821016496891
0.3045675418742603,-0.6434372606337332,-0.07439638973809237,1.2772118955136647
0.33476352138779986,-0.660927564744953,-0.03148901676735963,1.2787496723204135
0.36624416478772026,-0.6719443307842157,0.01534924832396807,1.277211139626186
0.39890931146478853,-0.6746436841969774,0.06512876398418808,1.273042296395757
0.43263701193507936,-0.6676562862009155,0.11590268091331304,1.2666696923617433
0.467305702892407,-0.6510404704871673,0.16663491017717444,1.2593610212237731
0.5028145561402861,-0.6261661838639148,0.2178874034281496,1.2529047200385177
0.5390920415292383,-0.5952065958264525,0.27095745402796795,1.2488836424386602
0.5760924646483601,-0.560817581401839,0.32605140945196304,1.2482066754240744
0.613786105571548,-0.5257866694231526,0.3813092763122164,1.2507492448600945
0.6521539701923857,-0.49349572196736485,0.43313576220257793,1.255200398423799
0.6911855326156084,-0.46822448511710185,0.477336761977485,1.2593916154090943
0.7308649040849476,-0.4535980505614999,0.5110207903633223,1.260792925477676
0.7711531895772601,-0.45096308028326065,0.5341528385187104,1.2569833718689627
0.8119889455438462,-0.45958589290288576,0.5493408785043892,1.2462746143924284
0.8533013386350123,-0.4777964500418544,0.5601436822310107,1.2280657096566137
0.8950168012121221,-0.5036798361952166,0.5695898802772864,1.20244632539132
0.9370616098529113,-0.5348285685604796,0.5800397905674242,1.1698353930492686
0.9793723781182159,-0.5680337205129254,0.593671273381895,1.1314291702409214
1.0219115061901152,-0.5997238517823268,0.6126665452887814,1.0896972152332318
1.0646736103375736,-0.6266808275639437,0.639143175994795,1.048112276249554
1.107675481301067,-0.6469976085901031,0.6747589364498455,1.0105603067322317
1.1509407042314377,-0.6607978271445615,0.7199263283552534,0.9809908841191498
1.1944976500694824,-0.6696363084502873,0.7732975363501521,0.9631049240611007
1.2383929768713104,-0.6757899094885013,0.831808809083214,0.9598149583894289
1.282704633348924,-0.6821595258191209,0.8908887960298493,0.9726212800494375
1.3275430179640277,-0.691489296466009,0.9451714095036946,1.0012105325807592
1.3730442917383059,-0.7055328965652726,0.9900286333386584,1.0433277547059068
1.419357000647884,-0.7250703479221838,1.0229135828773122,1.0948530113860477
1.4666161357389564,-0.7497794594141731,1.0437625944942575,1.1505264209678512
1.5149104745560968,-0.7781191999804502,1.0549573676714832,1.2052966058761474
1.5642521531091063,-0.8081410323046471,1.0613136918250068,1.2550988631531088
1.6145478927413448,-0.8382150354802315,1.0697430763060758,1.2968944088300358
1.6655901878754555,-0.8668543518848268,1.0877915511369074,1.3289736668039887
1.717107814347292,-0.892701366442796,1.1212870785828708,1.3512921415663504
1.7688637925013404,-0.9150745583922765,1.1727513576371398,1.3651462060902029
1.8207272954665552,-0.9343829466161718,1.241289181707101,1.372308341173407
1.872682788507704,-0.951873014285689,1.323210241474417,1.3739411449001309
1.9247999759073586,-0.9684218795810723,1.413109711389309,1.3702317748235733
1.9771909255451536,-0.9831750272350818,1.505782718023554,1.361637518835345
2.029951790447256,-0.993207371396293,1.5985122846230864,1.350586743645339
2.083076856170219,-0.9944211367304179,1.6922910285553252,1.3415408700175029
2.1364031070801377,-0.9837711522637613,1.7911961881066774,1.3392136980879543
2.189664986778143,-0.9613648222878591,1.9002247804612382,1.346731101947199
2.242614969480446,-0.9298599127040691,2.0224001738224624,1.3650267322883833
2.2951093936646774,-0.8927216189203375,2.1564224586662273,1.3930482336564094
2.3471349465458777,-0.8540882459979703,2.296350655526769,1.4283635446304417
2.3987963903712854,-0.8186546407426062,2.4339512352568913,1.468437702719151
2.450278332569772,-0.79047355596296,2.562100246908648,1.5119658256841066
2.5017958330085843,-0.7722251112933584,2.6769307225876755,1.5593663014921737
2.553552024862617,-0.7650296694699436,2.7785158105231793,1.6123972034278313
2.6057146105732074,-0.7681458357281526,2.870444341787323,1.673059405832145
2.6584161011864382,-0.7794294734286624,2.957867333421772,1.7421501691892023
2.7117617002495282,-0.7966530210851631,3.045010521535538,1.8180243929812698
2.765824470835446,-0.8180568597082647,3.1338264203009465,1.8962412808447282
2.820635128206854,-0.8427564940898372,3.22386082597536,1.9705392835586009
2.8761830581515295,-0.8720637002264194,3.3130367943009658,2.03455501031481
2.932432535840349,-0.9089185989751538,3.399316851361786,2.083498808146628
2.9893483536123266,-0.9551175639320932,3.48232685468004,2.11510731185343
3.04690972605624,-1.0104581224064266,3.563607131448673,2.1295928022300625
3.1050809790331324,-1.0737611652480537,3.6453004823211024,2.129185535305725
3.1637269554724434,-1.142722859149952,3.7285910818928905,2.1172184288170097
3.2225287710863295,-1.213488934952252,3.813205239128237,2.096673605401122
3.28103616071192,-1.281663062352895,3.8981088425292136,2.069587849922868
3.3388733881504544,-1.3434671868323314,3.982648343526176,2.037868456408784
3.3958926485714818,-1.3959979672658502,4.067266314359354,2.004148852170313
3.452165254589516,-1.4370534697459654,4.153560850444655,1.9719070244204497
3.507915923536363,-1.46489143437318,4.244025059693469,1.9452834206066212
3.563471117389419,-1.478033153899698,4.341707315689332,1.9288945311331718
3.619204376838898,-1.4751987851109252,4.449809512220109,1.9276139329784072
3.675476282421172,-1.4553890790823556,4.57119635233593,1.9462739155538835
3.732594127972175,-1.4181256252957257,4.7077912975411,1.989234923312776
3.790806402626167,-1.3638578293776709,4.859843226232187,2.059767134833026
3.8503198969415386,-1.294538430190969,5.025062670597011,2.1591909270656506
3.9113152917695984,-1.2143588360437771,5.197647624620933,2.2857343403104466
3.9738974136320246,-1.1299647340510546,5.368057790892587,2.4333607428127166
4.037917044578367,-1.0488962669717985,5.525369397579648,2.5916859409668342
4.102834768140772,-0.9770266088976377,5.661541294012867,2.748225579645385
4.16789049064418,-0.9174185572908351,5.7738034627073755,2.892132969279171
4.232452083420782,-0.8708158803117813,5.863905291279341,3.0168102137230868
4.296211544703003,-0.8363912881470307,5.936462204160774,3.120200068616685
4.359165297259517,-0.812306344688323,5.99780376734646,3.203792880920638
4.421493049933427,-0.7961646745772026,6.055176704802156,3.271503442506144
4.483426720859063,-0.7853623325830501,6.116083020120696,3.3287256681021464
4.545165424451527,-0.7773585693873529,6.187668681738798,3.3815418423331387
4.606848106841063,-0.7698923734842125,6.27607869254483,3.436041733057166
4.668569704194491,-0.7611691599476108,6.38570352494301,3.4976927572075263
4.730426312788249,-0.7500385632391287,6.518258471570532,3.5706957013406018
4.7925611241729245,-0.736179010361173,6.671661295661545,3.6572619661806693
4.855169061376016,-0.7204571835574586,6.838498092330952,3.7565742012477954
4.918441654830932,-0.7051473212130771,7.0052231769246704,3.8636305062039384
4.982496655005165,-0.6929028894872559,7.155230363039033,3.969683982969629
5.047348084912887,-0.6851185337194517,7.2748246513185,4.065116278482784
5.112912764616676,-0.6817166518138871,7.356525874776216,4.142399925039579
5.179034840353985,-0.681993322478041,7.398650758595249,4.197161660470431
5.2455258579391355,-0.6851158136562285,7.404395405618673,4.228163266848276
5.312208282623917,-0.6903226751482888,7.3812072074776856,4.237147136106838
5.3789532925004195,-0.6970563213527132,7.338950994483811,4.228062192105194
5.445711511174194,-0.7049302657406737,7.287004833170005,4.205551203588421
5.512517037108774,-0.7136365629996079,7.2324615149771265,4.1738003022237455
5.5794369382454025,-0.7229041084979327,7.180123351614758,4.136275212227539
5.646486273153241,-0.7324814175312326,7.133130676253321,4.095845595807775
5.713574825410869,-0.7421137038252994,7.093582198830576,4.0549690080561565
5.780544594131086,-0.7515169950947788,7.063111719923743,4.015902398523005
5.847291689357623,-0.7603523497048825,7.043396342853371,3.9809148751684917
5.913867204907046,-0.7682039182237066,7.036575697266298,3.952479969959604
5.980470026564986,-0.7745655215715841,7.045560829484545,3.933428176116089
6.04737019821771,-0.7788414565343075,7.074206564733736,3.927040673887918
6.114833399472787,-0.7803681992099207,7.127313769458958,3.9370627673452665
6.183062931424683,-0.778464294557564,7.210419794085743,3.9676106335169323
6.252169135858167,-0.7725156514286996,7.329328578392578,4.022937752655191
6.322178816484483,-0.762102293172509,7.489328981750847,4.107018415519953
6.393052110489418,-0.7471699025984352,7.694053757312156,4.222896228412642
6.464688631792594,-0.728244863571744,7.943945311155036,4.371737944622442
6.536948189974416,-0.7066847537506488,8.23432086516004,4.5515313971478495
6.609678810140259,-0.6849475884485882,8.553070920212564,4.755377381242457
6.6826977428924685,-0.6668290038764446,8.879836897394462,4.970251769274751
6.7556816132955655,-0.6570821265238813,9.190680724899792,5.178673864017712
6.82807697425356,-0.6601047541771756,9.467306924671938,5.363765225981727
6.899222857731276,-0.6785714823168956,9.702570484670874,5.514135602682893
6.968594664103075,-0.7119873980635733,9.897939268057364,5.626290563543283
7.035887430177926,-0.7557852920140516,10.058328444114553,5.705058135109486
7.100911830153777,-0.8031421031965694,10.190071928921002,5.761382858410961
7.163527819507537,-0.8479702441624929,10.301049934813669,5.808052835629318
7.223716245783073,-0.8860836548464047,10.400273300348308,5.85666944577669
7.281667142216069,-0.9150090905223326,10.496905502142418,5.916897945053213
7.337792985280648,-0.9336732653686542,10.599320568774106,5.9964021511956895
7.3926753016713285,-0.9421636965117872,10.714198989681034,6.100593370317759
7.446959264745488,-0.9415773214375642,10.84558193269033,6.232135381400078
7.501221497898245,-0.9339567076189879,10.993823983489747,6.390165423770293
7.555844756919779,-0.922180897742342,11.154527111741773,6.569330884198867
7.610967061588725,-0.9092282418143064,11.318974855400489,6.759707042536113
7.666565689950065,-0.8966959479902961,11.477959828671946,6.9492881754788325
7.722583889596848,-0.8839959317439003,11.62598876740061,7.128088131750568
7.778973710071856,-0.8691360581767094,11.760982573351061,7.2903206114156704
7.835686451072762,-0.8503484883061516,11.881284522050498,7.433525088668847
7.892691687680056,-0.827397626106226,11.984498627936743,7.556878469132024
7.950012563744144,-0.8013716689426094,12.068290243603988,7.660711145951045
8.007705512611757,-0.7733592650062475,12.131412701313184,7.746893453390012
8.065807714108516,-0.7437485848769092,12.174396038430078,7.8188126366396276
8.124356177378306,-0.7123758277740116,12.199749649717852,7.880829122543092
8.18343719779215,-0.6787793717684458,12.21170618328661,7.937764459988812
8.243155430717314,-0.6423968509225729,12.215854522777972,7.994565530564418
8.30358255385782,-0.6027748738622772,12.218824279296014,8.056086147694879
8.364775528250137,-0.5597977094249724,12.22795956689739,8.126950092926604
8.426795385897826,-0.5139392632259802,12.250911428270207,8.211455678878366
8.489679170100999,-0.466538201387525,12.295073711455286,8.3134778286956
8.55342039531588,-0.42008901727935716,12.366787766629768,8.43631866971844
8.617986945668436,-0.37853211239024975,12.470249006002424,8.582451974174843
8.683360313530494,-0.3475136973779825,12.606065618915173,8.75310213931099
8.749515492297597,-0.3341757207922137,12.770157257667256,8.947154079612286
8.816290210563325,-0.3454991133881342,12.95457590089575,9.15855718856127
8.88325525456537,-0.38555154044415707,13.1500011403764,9.373601785728082
8.949737486559268,-0.45391732693729586,13.347433217241225,9.572244551869023
9.015002510050458,-0.5464010370338526,13.538373584629895,9.73474934139493
9.078466653392546,-0.6568564391623264,13.714635452669087,9.84891902242275
9.139827271011953,-0.7784190867195222,13.8682894780437,9.913534957806599
9.199064902124253,-0.9032500808783026,13.992456410120104,9.93764920917975
9.256341839959505,-1.0223768843184726,14.083312156231504,9.936134589633788
9.311882566054237,-1.1274432759529234,14.141554044783813,9.923751372123826
9.365851065262573,-1.2128616721529075,14.171958445393654,9.911927576348194
9.418274094137606,-1.276326585371294,14.181998346171008,9.908838168875919
9.469125774351115,-1.3181120732462026,14.18066866641228,9.920405783323716
9.518503668418063,-1.3402356051626634,14.177639206062318,9.951098918198714
9.566731982667362,-1.3457986352032307,14.182594102156934,10.004481381112152
9.614337533980883,-1.3384918075950052,14.204672325059473,10.083488629273539
9.661924104082935,-1.3222407402062781,14.251919563386513,10.190410432574376
9.710030161631252,-1.3009621731671772,14.330664436976772,10.3265607501612
9.759065479963697,-1.2783987016729204,14.444741671905524,10.491618188349872
9.809345680597225,-1.2580018813610976,14.594502181993498,10.682627247509824
9.861136247404094,-1.242836473982433,14.775575542882441,10.892665529762763
9.91456881805849,-1.235453770625235,14.978226418940203,11.110155538633931
9.969498620248656,-1.2380152090318017,15.189303553100872,11.320948144992624
10.025573601380694,-1.2527641247446957,15.396025717528543,11.512782309579126
10.082515377314364,-1.2817630851475352,15.587296993104056,11.67830693199957
10.140318948372187,-1.326240284042631,15.75236512228865,11.814969011568142
10.199233286616295,-1.3869965607664991,15.88117334362659,11.92375413021154
10.259553726417726,-1.4636667632257128,15.96695232403601,12.007899821404562
10.321294206852508,-1.551891818449529,16.008434255389368,12.071302548260167
10.38397404318615,-1.6431102175007297,16.0104934563531,12.117643300868401
10.446703685317827,-1.7282118130025312,15.982601416034411,12.1506948109587
10.508476899732111,-1.800455023567291,15.93585631004723,12.174493084660455
10.568522783687298,-1.8556755040751718,15.881044481298883,12.193014757225844
10.626486167803955,-1.8914598054217708,15.828417148511795,12.20995945417704
10.682210055200068,-1.906401670956851,15.788011443674309,12.2287060386778
10.735391825528795,-1.899565927587794,15.769854107868712,12.252315239921716
10.785567131249593,-1.8701733231218252,15.783937399861246,12.283553181014168
10.8322786120794,-1.8175134262373551,15.839859543018125,12.32491159752719
10.875103386232349,-1.7410894102330523,15.94602578942229,12.378601453111145
10.913729511148304,-1.6409961648805138,16.108314493237774,12.44649698381277
10.948219054876056,-1.5185296346056598,16.328129976274226,12.530007093877408
10.979147770254178,-1.377018470763713,16.599795818158128,12.629851120295841
11.007441039468336,-1.2228501361313704,16.907275510508168,12.745715312128583
11.034068523501121,-1.065071619164944,17.22306562740656,12.87586967069103
11.059848870976595,-0.9117292134229679,17.514938006284893,13.017159243870815
11.085474540743816,-0.7672694502540454,17.75772060773904,13.165751480398699
11.111635001292518,-0.634936558261125,17.938937094170306,13.318057252330112
11.139065209277007,-0.5184779799380275,18.056006809671718,13.470857773410442
11.168450917052246,-0.42031222431289883,18.111751801032177,13.620824906487334
11.200230789372014,-0.3408278396576045,18.111863758131875,13.764382088932168
11.234416467059011,-0.279410094258832,18.06390483184143,13.898320253336207
11.270597678152125,-0.2350604669712038,17.97679378078346,14.02067410086198
11.308199495031555,-0.2067631572163946,17.860240677960558,14.131024017487306
11.346823505965435,-0.19387950076331364,17.72419697755593,14.23013797485461
11.386487647170542,-0.19639730624669294,17.578494983679246,14.31947763718285
11.427665529209884,-0.21501687174865813,17.432670453594497,14.40081657163106
11.470950671995203,-0.25106983708728287,17.29586301019048,14.475962432902039
11.516440602522554,-0.3062612612611713,17.176691448268596,14.546570135450946
11.563453676403899,-0.38222094439586884,17.083005325249367,14.614030388992587
11.610882483762454,-0.47984876780962793,17.021420649235928,14.679416637377743
11.65769783327983,-0.5984425277165922,16.99655734466287,14.743472865437889
11.703150873113316,-0.7346072373021032,17.009911871790347,14.806624925919413
11.746716135602302,-0.881312918030872,17.059175541099165,14.868876543079375
11.78795668148888,-1.0284016179080862,17.139608090758294,14.929624336414015
11.826469519331399,-1.1653336656298472,17.246401632250844,14.988073128350607
11.861973061565992,-1.2841285352757905,17.374523822441382,15.044392090984166
11.894433567653286,-1.3799839276502381,17.516142724020366,15.100253526146302
11.924124325866456,-1.4501626606897255,17.65944512560805,15.157773512308662
11.951581743902635,-1.493482768398398,17.79030335987026,15.217903782950277
11.977471761533279,-1.5113936509050705,17.89525162744256,15.27995637219951
12.002477840550286,-1.5085533613031004,17.964466616899713,15.342385524321857
12.027288635819074,-1.49095451760001,17.993563365651276,15.403722922275978
12.052576478507786,-1.4635934092432221,17.983342381346176,15.463040868384747
12.078870497119159,-1.4296807149132815,17.938358152348215,15.52007732805545
12.10641821780237,-1.3906690922171607,17.86555174256675,15.575266834048701
12.135170753615073,-1.3463644973450435,17.77327072090802,15.629760216573025
12.164902995733147,-1.2950970511407085,17.670606350983117,15.685435813702343
12.195352713730244,-1.2339446078255063,17.56696211882776,15.744896109129952
12.226215008868552,-1.159018128724237,17.47175966987706,15.811435345773525
12.256969534276935,-1.0658318913972815,17.39418005033992,15.888957726097196
12.286836525566663,-0.9497929607352592,17.342834047445443,15.981820582945186
12.315072658456716,-0.8068524699081884,17.325263512991178,16.094569833926567
12.34127319612076,-0.6350569340987033,17.346767160230073,16.231406566445497
12.3653291878825,-0.4372206765825879,17.407567658740874,16.39520175440437
12.3872140283268,-0.22211612178248077,17.499865349102677,16.585985765366917
12.406915439997498,-0.0025665038164152734,17.609038023397677,16.799430119358338
12.424511332334733,0.20782720480846384,17.718509740638478,17.02674545138506
12.440200205219648,0.3976854690540066,17.813574108055775,17.25636319084147
12.454237234690034,0.5595915989123392,17.88359033594314,17.476406909331963
12.466848898120405,0.6901722008679873,17.923625421214126,17.67656595599932
12.478139132956573,0.7886215805243987,17.934261909238355,17.848016710344645
12.488043831220914,0.854441947853188,17.919793027541587,17.982835012737336
12.496445137416988,0.8861505035956712,17.886598448272274,18.074810738606345
12.503378771477179,0.8811916980310059,17.842057733370634,18.120309134537052
12.509162300567017,0.8361110837353792,17.793554277558634,18.11818915277358
12.514359956017268,0.7469061572931275,17.747494814695813,18.069672337461192
12.519620559676229,0.6097636177830293,17.708351339800767,17.978678268872912
12.525494300186443,0.4222149159016051,17.67764870112847,17.85261380704405
12.53227595585849,0.1844824180094585,17.65318814635103,17.702725631142695
12.539945052464597,-0.09963008760597473,17.62979092362156,17.54252563776078
12.548320678275081,-0.4228841082969498,17.602110620009707,17.385262266866455
12.557305230461571,-0.7758792935840666,17.566934029373797,17.24261632544421
12.566986219744447,-1.1484548527475862,17.5226628435799,17.124283665334143
12.577614112302909,-1.5299436426222137,17.467721908935534,17.037539383667866
12.589487174161947,-1.90866109742312,17.40043718726595,16.986673001584407
12.602708844452565,-2.2717808478718893,17.320209307108975,16.972307814799827
12.617039327050426,-2.6065586182230365,17.22842279893995,16.991263298938684
12.632030817556686,-2.902587619956394,17.128236728290723,17.037374707292578
12.647228199027674,-3.1532302987221117,17.0233050691401,17.102834388956698
12.662211031134289,-3.3563438914008645,16.916583609027473,17.179273483783316
12.67654106414191,-3.514651868642184,16.810573898910985,17.25873071557854
12.689763714246793,-3.634126783972449,16.70826695266559,17.33528487035089
12.701529224164076,-3.72146467283359,16.613200207916424,17.406100098161875
12.711720520324267,-3.783239809423624,16.528542439510094,17.47060303310701
12.720436941401037,-3.826100932563983,16.45574045013577,17.529265619542777
12.727877842048553,-3.856706084725518,16.39276715318896,17.583136285181087
