angle_of_attack_deg,CL,CD,CL_CD,velocity_mps
43.02584876777889,0.8623018945780252,1.4477919070975147,0.5955979518535532,5.047348084912887
42.739937584870965,0.8553601898917399,1.4267237626046616,0.5995275415680846,5.112912764616677
42.477425064969104,0.8440206485732366,1.3984621147093286,0.6035348685495591,5.179034840353984
42.240501710332005,0.8284433831035193,1.3642665619842216,0.6072445123173028,5.245525857939136
42.03013972975355,0.8093367646488533,1.3260452862709862,0.6103387063983345,5.312208282623917
41.846289166886834,0.7877325568352221,1.285927303248092,0.6125793851992218,5.37895329250042
41.68793051042732,0.7646622254711886,1.2457179577009445,0.6138325459173839,5.445711511174194
41.55308401095165,0.740953894953438,1.2066314045295272,0.614068133956555,5.512517037108774
41.43883818208577,0.7172269842461974,1.169378361159784,0.6133403935525551,5.5794369382454025
41.34144056860415,0.6939588138618962,1.1343568836742866,0.6117640963340283,5.646486273153241
41.25645911585023,0.6715397328011319,1.1018024150934649,0.6094919775099207,5.713574825410869
41.178945962976236,0.6503028411671857,1.0718767301149534,0.6066955489339126,5.780544594131086
41.103562906615224,0.6305336625953502,1.044706880330962,0.6035507896674273,5.847291689357621
41.024689150888335,0.6124835186656854,1.0204172726712777,0.6002284899212929,5.913867204907046
40.93652865794282,0.5963991423797478,0.9991795417366633,0.5968888647805537,5.980470026564985
40.83322616446221,0.5825529611448275,0.9812573635769132,0.5936800912460841,6.047370198217708
40.70901306172364,0.5712565321987335,0.967018933768321,0.5907397593261651,6.114833399472787
40.558381300994235,0.5628538800478159,0.956912156541716,0.5881980662481953,6.183062931424681
40.37626598244293,0.5576927407756541,0.9514000140952467,0.5861811357081146,6.252169135858167
40.158248286768305,0.5560697537484196,0.9508533121275554,0.5848112917686707,6.322178816484484
39.900744342582016,0.5581528855085239,0.9554113549299845,0.5842016453204525,6.393052110489418
39.60113365706862,0.5638802653317244,0.964817016412958,0.5844427033714232,6.464688631792594
39.25795187794593,0.5728249383665738,0.9782242785258921,0.5855762844377476,6.5369481899744155
38.87132616562203,0.5840232902215922,0.993990541577352,0.5875541725922511,6.609678810140258
38.44360761828826,0.5958884669244587,1.009682302921509,0.5901742213364236,6.682697742892468
37.980022810735974,0.6064863442977276,1.0227225964422983,0.5930115814463207,6.755681613295565
37.48930678798328,0.6141568353553695,1.031448646556431,0.5954313260337127,6.828076974253561
36.98374615178651,0.6180002944806918,1.035571590314006,0.5967721597042895,6.899222857731274
36.47736338885959,0.6179943137141213,1.0356893332515464,0.5966985406457084,6.968594664103074
35.98282027085519,0.614904302067158,1.0326315457997894,0.5954730945105007,7.035887430177926
35.50953077362325,0.6100001343614221,1.027261988703659,0.593811647923049,7.100911830153777
35.06362303643889,0.6046222149873166,1.0205157048299598,0.592467330120576,7.163527819507537
34.648526395977875,0.5998877525263907,1.0133399223979176,0.5919906432840956,7.223716245783072
34.265548309362785,0.5966335947850449,1.0065787774768318,0.5927341288478384,7.281667142216069
33.91439489279322,0.5954383687680951,1.000891251563112,0.5949081559436072,7.337792985280647
33.59363382513122,0.5966308175444925,0.9966962493518954,0.5986084706668203,7.3926753016713285
33.3011402339846,0.6002764883852051,0.99413047340294,0.6038206296300684,7.446959264745488
33.034524858285906,0.6061389059290215,0.9930070180614404,0.6104074743718553,7.501221497898245
32.79150592360472,0.6136240477911826,0.9927753702405999,0.6180895156996615,7.555844756919778
32.57015321303538,0.6217927721390138,0.9926004867715645,0.626428034667573,7.610967061588724
32.36885258074481,0.6295774000054,0.9916960362553198,0.634849164449696,7.666565689950065
32.18596173789326,0.6361256833073011,0.9896479451084201,0.6427797748187797,7.722583889596846
32.0193895506239,0.640978446412711,0.9863492993820099,0.6498493452711546,7.778973710071857
31.86637336145611,0.6439870482320608,0.9817314960289967,0.6559706506679948,7.835686451072761
31.723523513896232,0.6451601210143127,0.9756633670581758,0.6612527873819235,7.892691687680057
31.586948147179285,0.644603275319147,0.9680132809661758,0.6659033383045131,7.950012563744144
31.45233218809461,0.6425337219758852,0.9587365662039047,0.6701879792895691,8.007705512611757
31.315060756169473,0.639274044443308,0.9479369724198581,0.6743845456420154,8.065807714108516
31.170412737353402,0.6352017158491541,0.9358686748652124,0.678729540701808,8.124356177378308
31.013753859912654,0.6307001278400141,0.9228955574860407,0.6833927444155785,8.18343719779215
30.84070340478801,0.6261384594140565,0.9094628515684433,0.688470626737025,8.243155430717314
30.647261806874777,0.6218654695647413,0.8960780653226784,0.6939858184566912,8.303582553857819
30.429914699575978,0.6181995218382608,0.8832765813833658,0.699893481687641,8.364775528250135
30.185760346998034,0.6154214487446532,0.8715839850837511,0.7060954070706231,8.426795385897826
29.91267910278664,0.6137731564617495,0.8614800952688418,0.7124635378481925,8.489679170100999
29.60955604627693,0.6134499893759824,0.8533483620591225,0.7188740456418219,8.55342039531588
29.276569837902,0.6145798628028641,0.84740258471679,0.7252513432060599,8.617986945668434
28.915538460640814,0.6171897524405379,0.8435935404091233,0.7316198179285294,8.683360313530494
28.53030367458736,0.621140306165695,0.8415603269386026,0.7380817349417106,8.749515492297597
28.12713565250181,0.6259871157366749,0.8407384923426707,0.7445681641049314,8.816290210563325
27.714763711879616,0.630852052109978,0.8405698963143051,0.750505169023255,8.883255254565372
27.30324353430874,0.6345444572830397,0.8406079756992089,0.7548637124867599,8.949737486559266
26.901968442312036,0.6359776545230174,0.8404781487550541,0.7566855312827504,9.015002510050458
26.518396903594528,0.6345746383144653,0.8398094833723764,0.7556173761761816,9.078466653392546
26.158028370819903,0.630415126592481,0.8381993354683046,0.7521064500003618,9.139827271011953
25.824743099257645,0.6241370077892227,0.8352613176017651,0.747235619123991,9.19906490212425
25.520849755799784,0.6166430862417462,0.8307667535765089,0.7422577800403212,9.256341839959505
25.246939416481627,0.6087623759614639,0.8247500409615681,0.7381174243422596,9.311882566054237
25.001923332246513,0.6011055087019501,0.8174933037593802,0.7353032813075413,9.365851065262571
24.78335694752909,0.5941070930029818,0.8094469686555589,0.7339666661412332,9.418274094137605
24.587852358944627,0.5880854019718923,0.8011394137953806,0.7340612530659507,9.469125774351113
24.41144566537101,0.5832693191768067,0.7930963001845442,0.7354331611941088,9.518503668418061
24.249905141924355,0.5798159989012093,0.7857881620634032,0.7378782563711969,9.566731982667358
24.098985153386373,0.5778262834590868,0.7796071962791007,0.7411761797687189,9.614337533980885
23.95465717250801,0.577354673496772,0.7748611399782125,0.7451072762692177,9.661924104082935
23.813340350020667,0.5784042644686789,0.7717647698714032,0.749456682979073,9.710030161631252
23.67212188166806,0.5808968212024553,0.7704107298450745,0.7540092559698858,9.759065479963697
23.528984635664955,0.5846170114515236,0.770716061622307,0.7585374699732926,9.809345680597223
23.383059123317256,0.5891426791341695,0.7723586735135118,0.762783793769489,9.861136247404096
23.234859438305804,0.5938302950910618,0.774769364556883,0.766460733033665,9.914568818058488
23.086312089029896,0.5979572487102024,0.7772680461159741,0.7693063566647811,9.969498620248654
22.94026523323002,0.6009555081881428,0.7792536498834849,0.7711937034587227,10.025573601380694
22.79961918722879,0.6025250566818381,0.7802247318881492,0.7722455237005255,10.082515377314365
22.666738251278783,0.6025865981741306,0.7796776942299354,0.7728662787621682,10.140318948372185
22.543358043404467,0.6012115046693526,0.7771283324412662,0.7736322040658803,10.199233286616293
22.430652963655973,0.5985722165921424,0.77227024470448,0.7750812888309835,10.259553726417725
22.329252656265094,0.5948811735018796,0.7651223320669835,0.7774981183649762,10.321294206852507
22.2391809494388,0.5903630971742702,0.7560715090254253,0.7808297100554235,10.38397404318615
22.15981768732142,0.5852721406651767,0.7457621540774323,0.7847973210552909,10.44670368531783
22.090010325271727,0.5798808049427862,0.7348971979015406,0.7890638399463429,10.508476899732111
22.028267674425784,0.5744299469198978,0.7240956525230269,0.7933067197925721,10.5685227836873
21.972912612147603,0.5691010170225688,0.7138651150790102,0.7972108525835218,10.626486167803957
21.92218781762359,0.5640399746872173,0.7046550162427528,0.800448392028626,10.682210055200068
21.874340241612543,0.5593944609243195,0.6969161610928573,0.802671098983143,10.735391825528797
21.827676138353702,0.5553162123362896,0.6911030588252138,0.8035215663485156,10.785567131249595
21.780596574441464,0.5519459560008351,0.6876389998254369,0.8026681967429838,10.8322786120794
21.73164932094336,0.5494135971159473,0.6868830783091073,0.7998648015432742,10.875103386232347
21.67960269406131,0.5478318347097635,0.6890698600630722,0.7950309053697749,10.913729511148304
21.623511652686606,0.5472678506316152,0.694200358246822,0.7883427948855171,10.948219054876057
21.562757231703692,0.5477217067711758,0.7019193074533209,0.780320046698274,10.979147770254178
21.497081871959008,0.549125618487455,0.7114001673516587,0.7718941373473699,11.007441039468336
21.426677704593974,0.5513455003606879,0.7213415161148494,0.7643335203129225,11.034068523501123
21.352273417962774,0.5541817515521914,0.7302823128515187,0.7588596105902253,11.059848870976593
21.275011896765257,0.5573984084149377,0.7370940930218172,0.7562106570804973,11.085474540743814
21.196125574730072,0.5607661356762171,0.7411929621285275,0.7565723965660379,11.111635001292518
21.116692001962672,0.5640675631948889,0.742407760197262,0.7597813404378386,11.139065209277007
21.03755778203783,0.5670828790599651,0.7408022888324761,0.765498281536005,11.168450917052246
20.959298547638383,0.5696070096837809,0.7365955430921651,0.7732968452291281,11.200230789372013
20.882180362557477,0.5714984471323795,0.730141462605454,0.7827229056301614,11.234416467059008
20.80617259885209,0.5727156706595186,0.7219013920744184,0.7933433526329672,11.270597678152123
20.731007672753027,0.5733013503397054,0.7123810783132155,0.8047677960458615,11.308199495031557
20.656236485413526,0.57333084826223,0.7020610325336746,0.816639610650821,11.346823505965434
20.581271212101118,0.572866824578141,0.6913527646640647,0.8286172470224722,11.386487647170542
20.505449436998575,0.5719400584612053,0.680591178666552,0.8403577307318886,11.427665529209886
20.42812149664818,0.5705729392745331,0.670075126615454,0.8515059231576654,11.470950671995205
20.34873166654134,0.5688340465335356,0.6601341554449797,0.8616946144064268,11.51644060252255
20.26688884175779,0.5668606398128277,0.6511449153847794,0.870559880632691,11.563453676403897
20.182449264492867,0.5648191039600289,0.6434673481048884,0.8777743045123135,11.610882483762454
20.095613539743578,0.5628523594041326,0.6373605751765986,0.8830988004667459,11.65769783327983
20.007028294627663,0.5610569624289645,0.6329253684559738,0.8864504258958379,11.703150873113314
19.91784271774574,0.5594788550563935,0.6300939960323442,0.8879291956097075,11.7467161356023
19.829611948656275,0.5581151029587117,0.6287034401116135,0.8877239527411239,11.787956681488879
19.74408121553166,0.5569384737121106,0.6285918795416165,0.8860096540180519,11.826469519331397
19.66299265748428,0.5559420927860722,0.6295834526977948,0.8830316146381406,11.861973061565994
19.58786769535919,0.5551543462008551,0.6313812346434127,0.8792696325754951,11.894433567653286
19.519750283278835,0.5545965847620092,0.6335203767486167,0.8754202786774763,11.924124325866456
19.459101439273933,0.5542322047341207,0.6354346949881792,0.8722095427029819,11.951581743902633
19.405871929025388,0.5539696621742066,0.636577172783852,0.8702317422893756,11.977471761533279
19.359607400912054,0.5537044232803009,0.6365360115642293,0.8698713241985364,12.002477840550284
19.31952791906205,0.553345259273292,0.6350966887045,0.8712771915110444,12.027288635819074
19.284598713101254,0.5528217443809099,0.6322322494095123,0.874396623861494,12.052576478507786
19.253605664970312,0.5520956208941242,0.6280637980182843,0.8790438529258655,12.078870497119157
19.225235935491643,0.5511734917582592,0.6228247173076329,0.8849576396710862,12.10641821780237
19.198158188423,0.5501083710145928,0.6168252218241405,0.8918383223482051,12.135170753615073
19.171099434735073,0.5489890694034109,0.6104142238164801,0.8993713579773397,12.164902995733145
19.142914688128926,0.5479280559590911,0.6039484388789256,0.9072431033603977,12.195352713730248
19.11264463002647,0.5470622371989771,0.5977818694581416,0.9151536122933029,12.22621500886855
19.07957567881664,0.5465676284452812,0.5922732109054293,0.922830238444857,12.256969534276935
19.04331456339071,0.5466604021587494,0.5877782464928302,0.9300453111690442,12.286836525566661
19.00385814023567,0.5475649149639493,0.5846053254238586,0.9366403129598754,12.315072658456714
18.961642178800297,0.5494733182481458,0.5829500376927812,0.9425736044583286,12.34127319612076
18.917576465148716,0.5525173502307795,0.5828082976808868,0.948025881629364,12.365329187882498
18.87300416352402,0.5567275513483857,0.5839027118029329,0.9534594378375276,12.387214028326799
18.82946450043724,0.56197441517313,0.5857341596803908,0.9594359589319754,12.406915439997498
18.788355905797008,0.5679511230317332,0.5877395148564387,0.9663313571310492,12.424511332334735
18.750758778098255,0.5742306440530219,0.5894148765460587,0.9742384641137838,12.440200205219647
18.71743841784573,0.5803642983144338,0.5903915400427402,0.9830159461150757,12.45423723469003
18.688881511716016,0.5859619530496547,0.5904952160889508,0.9923229470505895,12.466848898120405
18.665313947288887,0.5907028950603651,0.5897457569166951,1.001622967408316,12.478139132956569
18.646709357993668,0.5943196953197714,0.5882999242772783,1.0102324865142183,12.488043831220914
18.632804978861174,0.5966113553098741,0.5863860239353411,1.0174378838446583,12.496445137416988
18.62312878969112,0.5974501254251885,0.5842485777796218,1.0225957719823902,12.503378771477179
18.617024271634445,0.5967665626856417,0.582104341077343,1.0251883048666792,12.509162300567018
18.613668156046213,0.5945512822206505,0.580114361305302,1.0248863360007834,12.51435995601727
18.612083527656367,0.5908867673284346,0.5783680563759973,1.0216448865275458,12.519620559676229
18.611146865054117,0.5859966065435579,0.5768666649757619,1.0158267796028113,12.525494300186441
18.609592032793763,0.5802746050944034,0.5755116272946446,1.00827607570874,12.532275955858488
18.60607879633144,0.5742344451753347,0.5741341651752127,1.000174663005974,12.539945052464601
18.599420732796517,0.5684008940689835,0.5725731769500826,0.9927131010496926,12.548320678275081
18.588863476535973,0.563230521171124,0.5707283182106075,0.9868627562340379,12.55730523046157
18.574176637479543,0.5590772260457717,0.5685342888667829,0.9833658883779118,12.566986219744447
18.555556119647672,0.5561710672635898,0.5659119000985651,0.9827873687860929,12.577614112302907
18.53348492106987,0.5546016391955726,0.562775776628321,0.9854753211257484,12.589487174161947
18.50861080974863,0.5543121738582715,0.5590953605103662,0.991444774915106,12.602708844452565
18.481648104605796,0.5551146406398793,0.5549378059726864,1.0003186567292575,12.617039327050428
18.45332145574576,0.5567266446634228,0.5504484670774639,1.011405568296485,12.632030817556684
18.42435327725971,0.5588234170408665,0.5457910253468421,1.0238779882551543,12.647228199027676
18.39545631212332,0.5610907957267092,0.5411048027467865,1.0369355305616061,12.662211031134289
18.367319301241885,0.5632748566544098,0.5365162899418087,1.0498746584459786,12.676541064141912
18.340595738067364,0.5652273775407751,0.532167737507718,1.0621225935018572,12.689763714246789
18.31586792745513,0.5669088531089086,0.5282072566593512,1.0732697174462398,12.701529224164076
18.293605036338104,0.5683407810180563,0.5247484230279328,1.0830728708768698,12.711720520324267
18.27418550414966,0.5695663600716805,0.5218292493620961,1.091480327649032,12.720436941401037
18.257980543832932,0.5706427886518114,0.5193674895760041,1.0987264318692112,12.727877842048551
