time_s,angle_of_attack_deg
2.5027933760000005,131.3629123097362
2.5127933760000003,132.2639475309262
2.5227933760000005,133.1032463663299
2.532013021,133.1578347685349
2.532017009,133.21189787769924
2.5320215260000003,133.26543107743453
2.532030214,133.3184297987059
2.5320356520000002,133.370889521244
2.532062057,133.42280577495072
2.532067688,133.47417414129802
2.5320724180000003,133.524990254719
2.5320769690000002,133.57524980399063
2.532086554,133.62494853360664
2.532101897,133.67408224514054
2.5321084050000002,133.722646798597
2.5321217220000003,133.77063811375143
2.5321269190000004,133.81805217147667
2.5327933760000003,133.86488501505573
2.535479868,134.04346192170746
2.535493277,134.21498567362568
2.538859275,134.3792460211165
2.5427933760000005,134.53604174361064
2.5527933760000003,135.10608818993938
2.562793376,135.56697750012515
2.5727933760000004,135.91390627967306
2.582793376,136.14386412807323
2.590192551,136.15223751398642
2.5902254960000004,136.16037230381076
2.5902347750000003,136.16826666434957
2.590240241,136.17591876252357
2.5902470490000002,136.18332676558722
2.5902565820000003,136.19048884134767
2.5902657380000003,136.1974031583864
2.590284881,136.2040678862833
2.59032798,136.2104811958434
2.590334876,136.2166412593263
2.590346801,136.22254625067808
2.590353833,136.2281943457654
2.59035985,136.23358372261256
2.590366096,136.23871256164088
2.5903759930000003,136.24357904591014
2.59040885,136.24818136136273
2.5927933760000004,136.25251769707023
2.59595366,136.25114675686862
2.602793376,136.2327134158849
2.6127933760000004,136.07532911878977
2.617333736,136.04463734883652
2.6173387690000003,136.01316632666797
2.6173490630000003,135.98090481553103
2.617351642,135.94784147821136
2.6173542050000003,135.91396487815638
2.617368758,135.87926348068893
2.6205393480000003,135.84372565431403
2.620543071,135.80733967212075
2.622793376,135.77009371328256
2.6327933760000004,135.30526376952395
2.642793376,134.66676291971768
2.6527933760000004,133.8365597894295
2.662793376,132.79092550724593
2.6697874390000003,132.70859793100655
2.66982505,132.625769042051
2.669846454,132.54243497147723
2.66986277,132.45859181787173
2.669886248,132.37423564708337
2.669928773,132.2893624919983
2.6699710760000004,132.20396835231568
2.6699923990000003,132.11804919432421
2.6700278340000003,132.03160095067966
2.670038366,131.944619520184
2.670054918,131.857100767565
2.6700842490000003,131.76904052325813
2.6701069840000002,131.68043458318937
2.6701258510000003,131.59127870855968
2.6727933760000004,131.5015686256318
2.6827933760000002,129.93993369025722
2.6846757820000002,129.0306556647934
2.6927933760000005,128.08098247338953
2.7027933760000002,125.90592596974776
2.7127933760000005,123.40747235422492
2.7227933760000003,120.59539952758266
2.723106484,120.42823929831783
2.723139313,120.26049461739039
2.723301637,120.09216543601926
2.723309617,119.92325174636967
2.723315019,119.75375358212071
2.7233235430000002,119.58367101903265
2.723329196,119.41300417551395
2.7233354070000004,119.24175321318789
2.7233414970000003,119.06991833745856
2.723349622,118.89749979807559
2.7233547220000003,118.72449788969826
2.72335969,118.55091295245781
2.723377534,118.37674537251834
2.723391737,118.20199558263594
2.7234043910000003,118.02666406271553
2.728842023,117.85075134036558
2.728861353,117.67425799145009
2.7327933760000005,117.49718464063784
2.7427933760000003,114.156126497957
2.7513276760000003,112.41033965607424
2.7527933760000005,110.63163422859677
2.7627933760000003,106.99982778720837
2.7727933760000005,103.35053949104645
2.7827933760000003,99.78149448961207
2.7927933760000005,96.39130397666098
2.8014536740000002,95.99731820667274
2.801475883,95.60437923528146
2.801491869,95.21252343698866
2.8016042310000002,94.82178652780408
2.801637306,94.43220355076684
2.8016533470000002,94.0438088623673
2.801676193,93.65663611987415
2.8027933760000003,93.27071826957044
2.807582031,93.08302695556493
2.807605687,92.8956924841902
2.807615905,92.70871893488004
2.8076264880000004,92.52211033109036
2.807687898,92.33587064009818
2.807832532,92.15000377281778
2.807951477,91.96451358363403
2.807969083,91.77940387025237
2.807989252,91.59467837356583
2.808000523,91.41034077753851
2.80834961,91.22639470910548
2.8083811290000003,91.04284373808899
2.808420279,90.85969137713089
2.8089492700000003,90.67694108164072
2.812793376,90.4945962497598
2.8227933760000004,88.1178159259295
2.832793376,86.173361579489
2.834210357,86.03379483709134
2.8342268020000003,85.89482598998092
2.834241264,85.75645881714983
2.8342580230000003,85.6186969431024
2.8342679430000004,85.48154383928124
2.8342817620000003,85.34500282554387
2.836579607,85.20907707168782
2.83659556,85.07376959902136
2.836609793,84.93908328197818
2.8366355050000003,84.80502084977294
2.8427933760000004,84.67158488809596
2.843756695,84.30828672200346
2.843816891,83.95198223514505
2.852793376,83.60276219432357
2.8627933760000004,82.94186947682256
2.872793376,82.65219534881285
2.8827933760000004,82.68742813096871
2.883198535,82.710640896533
2.8832111460000003,82.7339264727036
2.8832373650000003,82.75728140411152
2.883256132,82.78070226896175
2.88328921,82.80418567998494
2.883305419,82.82772828534051
2.883385683,82.85132676947158
2.883400287,82.87497785391226
2.8834217200000003,82.89867829804794
2.883443048,82.92242489982914
2.883459839,82.94621449643942
2.8834760630000003,82.97004396491833
2.892793376,82.99391022273988
2.8965748220000003,83.09818822776981
2.8965796470000003,83.20238976216527
2.89658542,83.306437881626
2.896589862,83.41025901814335
2.9027933760000004,83.51378303911017
2.912793376,84.18816023694048
2.9199826690000004,84.44816533055076
2.9200322200000004,84.70541142272131
2.9227933760000004,84.95948174410495
2.9327933760000002,85.77344206530435
2.9427933760000005,86.58088466524272
2.9527933760000002,87.33896398327664
2.9627933760000005,88.01136443886392
2.967803045,88.04295547021873
2.967816565,88.07447848322373
2.9678316860000002,88.10593188157294
2.9678475900000003,88.13731409747457
2.967861989,88.16862359174968
2.967876098,88.19985885391469
2.967889597,88.23101840224805
2.967947538,88.26210078384139
2.9679982490000003,88.2931045746352
2.968014386,88.32402837943977
2.9680341660000003,88.35487083194134
2.968047748,88.38563059469391
2.968062915,88.41630635909695
2.968077774,88.44689684535957
2.968091225,88.47740080245116
2.968108854,88.50781700803903
2.9681879770000004,88.53814426841336
2.9727933760000003,88.56838141839984
2.973434231,88.6747467482879
2.973446997,88.78004360609738
2.973522769,88.88416778348001
2.9827933760000005,88.98702400088446
2.984940277,89.05381311156674
2.9849733580000004,89.12002585723772
2.9849866840000003,89.18559121649169
2.9927933760000003,89.25044371068923
3.0027933760000005,89.3466352801571
3.0127933760000003,89.26794616026986
3.0227933760000005,89.01220444494824
3.0327933760000003,88.58336863277896
3.0368224440000002,88.28064114553362
3.0427933760000005,87.98968273441211
3.0466018210000003,87.94121164702263
3.0466153,87.89294940829802
3.04665982,87.84489801266346
3.046680653,87.79705939844874
3.0466988290000003,87.74943544791614
3.04671203,87.70202798731849
3.046728813,87.6548387869864
3.046747738,87.60786956144455
3.0468161780000003,87.56112196955588
3.046834177,87.51459761469354
3.046915928,87.46829804493957
3.046945257,87.4222247533098
3.0469602200000003,87.37637917800434
3.046972941,87.33076270268272
3.047049776,87.28537665676335
3.0527933760000003,87.24022231574618
3.05932417,87.08614450871423
3.059430744,86.93371678211294
3.0594395480000003,86.78297880699162
3.0594439380000003,86.63396753086667
3.059468093,86.48671718141826
3.0627933760000006,86.34125927901235
3.063965187,85.98498038278449
3.072086304,85.63529027969015
3.0727933760000004,85.29251502684707
3.079489647,84.8837579589588
3.0795343490000002,84.48025949594708
3.082793376,84.08239069501197
3.0927933760000004,82.68034257955642
3.102793376,81.02422171254393
3.1127933760000004,78.9987114333902
3.1220307380000003,78.80936287408538
3.122049129,78.61827667115345
3.122066632,78.4254361233415
3.122079996,78.23082443061246
3.1220912700000003,78.03442469712382
3.122592906,77.83621993439642
3.122614743,77.63619306467963
3.122627834,77.43432692452022
3.12264071,77.23060426854181
3.122661941,77.02500777344238
3.122679542,76.81752004221708
3.1227105920000002,76.60812360861395
3.122793376,76.39680094183014
3.122912393,75.84914837241531
3.126465532,75.28490517836794
3.131807735,74.70355094873402
3.131818617,74.1045571500589
3.131827774,73.48738860338199
3.1327933760000004,72.85150525179891
3.136014653,71.68207193403403
3.1421167150000002,70.4418315692619
3.142158249,69.12778440529226
3.142793376,67.73740370293675
3.15103012,65.41968615003351
3.1510465670000003,62.91814781176995
3.1527933760000004,60.25880245930831
3.155334137,57.12296489596168
3.155347726,54.08059958521399
3.162793376,51.37160191546569
3.163336706,50.00861539817828
3.1633454320000003,49.071727419254835
3.170133034,48.58910594348874
3.170145759,48.54229739141147
3.1727933760000004,48.87420805111254
3.1827933760000002,55.461451142495314
3.1927933760000005,62.52889440172541
3.2027933760000002,67.34485416874351
3.2030087060000003,67.68428773636589
3.203065312,68.00458110225915
3.203078508,68.30701862691826
3.203093024,68.59278157313939
3.203125032,68.86295698521344
3.2031538200000003,69.1185458821297
3.203190853,69.36047077810477
3.207979687,69.58958255889362
3.2079959380000003,69.80666675118256
3.208018498,70.01244922690441
3.2081219930000002,70.20760138595706
3.2127933760000005,70.39274486054192
3.213987786,71.17740960741033
3.220034372,71.80469918757827
3.2227933760000003,72.30831177332618
3.2327933760000005,73.50402457969444
3.2375720400000003,73.81186139326489
3.237620936,74.04960555407702
3.2427933760000003,74.22991540949528
3.248602538,74.30564440105105
3.248610192,74.37341285685109
3.248616212,74.43377421594342
3.24862174,74.4872321230218
3.2486261080000003,74.5342458709824
3.248629359,74.57523514946158
3.248641642,74.61058419978457
3.2527933760000005,74.64064546059261
3.2627933760000003,74.83556426496655
3.2727933760000005,74.88095943503822
3.2827933760000003,74.82282291677711
3.2927933760000005,74.6942398769395
3.296650612,74.6876233289219
3.296653712,74.68020327004382
3.2966564220000003,74.67200055918639
3.296661369,74.66303534295002
3.296666277,74.65332708574458
3.2966718630000003,74.64289459837103
3.296676247,74.63175606518256
3.2966803760000003,74.61992906990582
3.2966846260000002,74.60743062019921
3.296689335,74.59427717101919
3.296698108,74.58048464686121
3.2967056,74.56606846293839
3.2967099380000002,74.55104354535594
3.2967144150000003,74.53542435033653
3.3027933760000003,74.51922488254823
3.303089061,74.48943326802909
3.3030916280000002,74.45359717321725
3.30974142,74.41213741532621
3.309767312,74.36543683452946
3.3127933760000006,74.31384447896147
3.315922215,74.25151951800862
3.31593545,74.17502421694307
3.3227933760000004,74.08584520480146
3.331130378,74.05173077428938
3.3311348720000002,74.0143474310269
3.331139095,73.97386626131139
3.331146081,73.93044668729128
3.331149275,73.88423744370797
3.332793376,73.83537745833527
3.3385511720000003,73.77479241595098
3.340666102,73.70807869565475
3.3406850660000003,73.6356819691594
3.3427933760000004,73.55800598561716
3.34406326,73.4126615438642
3.352793376,73.2482965362291
3.3627933760000004,72.90224837021711
3.365548179,72.71638567900709
3.372793376,72.51849894683234
3.3827933760000004,72.09883992712051
3.392793376,71.64816150673181
3.397952098,71.61713319993692
3.39797204,71.58601384224792
3.397978381,71.55480480593216
3.398000295,71.52350743622029
3.39800409,71.49212305197346
3.3980158670000002,71.46065294633101
3.3980258940000003,71.42909838733891
3.398033589,71.39746061856007
3.398037778,71.36574085966686
3.39804544,71.33394030701656
3.398054557,71.30206013421014
3.3980598090000003,71.27010149263519
3.398068109,71.2380655119933
3.398072955,71.20595330081252
3.4027933760000004,71.17376594694535
3.412793376,70.6843583557046
3.4142239190000003,70.62292610369651
3.414230422,70.56135129497558
3.414237995,70.49963755787167
3.4142440030000003,70.43778840211314
3.414247925,70.37580722370357
3.414264299,70.31369730955971
3.4204219190000003,70.25146184192434
3.4227933760000004,70.18910390256656
3.42580637,70.10743874151991
3.4258116010000004,70.02560430857324
3.42976759,69.94360607413131
3.429781991,69.86144928462666
3.432734329,69.77913897409756
3.4327933760000002,69.69667997505539
3.4380064740000003,69.45593783334124
3.4427933760000005,69.21415905766857
3.4527933760000002,68.74624255081993
3.4627933760000005,68.29539391997972
3.4727933760000003,67.86262741306972
3.4827933760000005,67.44854469582843
3.488762603,67.42402011770882
3.491552609,67.39947844382428
3.491569454,67.3749198372005
3.4915914470000002,67.35034445887462
3.491605233,67.3257524679261
3.491634335,67.30114402150689
3.4916465260000003,67.27651927487116
3.4916598480000003,67.2518783814043
3.491671879,67.22722149265155
3.4916886920000003,67.20254875834613
3.491733933,67.17786032643664
3.491751303,67.15315634311425
3.49176738,67.12843695283914
3.491803446,67.1037022983667
3.491820762,67.07895252077294
3.4927933760000003,67.0541877594799
3.494602485,66.96131941520642
3.4986127440000003,66.8681529406892
3.4986564710000003,66.77469896657398
3.5027933760000005,66.68096764142372
3.5127933760000003,66.32970528201926
3.5227933760000005,65.99988101601835
3.5327933760000003,65.68966561772065
3.533264242,65.64125487825031
3.533283883,65.59264838037896
3.533302896,65.5438501652802
3.5333312290000003,65.49486416620347
3.5333445400000003,65.44569421208476
3.5427933760000005,65.39634403101347
3.545320911,65.35683094239155
3.54533175,65.31716590857273
3.545375838,65.27735153701411
3.545388238,65.23739037718795
3.545427112,65.19728492219795
3.545461844,65.15703761034202
3.5527933760000003,65.11665082662317
3.5627933760000006,64.84687081083285
3.5727933760000004,64.58289706218245
3.582793376,64.32043592476352
3.5927933760000004,64.05522315988028
3.597736788,64.00136744363977
3.597752899,63.94722250788195
3.597997291,63.89279440364772
3.5981142430000004,63.83808901968597
3.602793376,63.78311208792075
3.6127933760000004,63.500248669989624
3.6188542480000003,63.482954520009024
3.618898598,63.46564020654593
3.618917605,63.44830585161849
3.6189383420000003,63.43095157630279
3.618951074,63.41357750074201
3.618966999,63.3961837441557
3.618991228,63.37877042484857
3.619005548,63.361337660219526
3.619031964,63.34388556677041
3.619066468,63.32641426011475
3.6191774310000002,63.308923854986276
3.619212514,63.29141446524744
3.619268437,63.27388620389781
3.619278022,63.25633918308246
3.619292074,63.23877351409997
3.6193538640000003,63.22118930741072
3.622793376,63.2035866726448
3.632788648,63.048157142703246
3.6327933760000004,62.891607744707365
3.632793905,62.86203446815222
3.632799688,62.83243321599329
3.632805232,62.80280424454741
3.632809276,62.77314780720986
3.632817394,62.74346415449708
3.632823406,62.71375353408851
3.641681886,62.6840161908677
3.6416895030000003,62.65425236696281
3.6416929970000003,62.624462301786316
3.641700073,62.594646232074005
3.642793376,62.564804391923474
3.649600501,62.451953467646845
3.649604962,62.33887534957773
3.6527933760000004,62.225577484971474
3.6612895510000003,62.156057504254015
3.661297535,62.08650102357249
3.661302135,62.016908773673
3.661321746,61.947281469384265
3.662793376,61.87761981008654
3.6727933760000004,61.52515323549204
3.678605605,61.47469219721211
3.678614666,61.424246616886826
3.678626843,61.37381629863881
3.678639906,61.32340105049507
3.6786480260000003,61.27300068429884
3.678656105,61.2226150156234
3.6827933760000002,61.172243863688465
3.687069282,60.997093027926994
3.6927933760000005,60.82224015086102
3.693294401,60.73590131424234
3.693303712,60.649655114487466
3.6933090660000003,60.56349959744972
3.7027933760000002,60.477432867821804
3.7127933760000005,60.13902839343249
3.7227933760000003,59.807379154160024
3.7327933760000005,59.48232322497886
3.7427933760000003,59.163530602321956
3.7474178890000003,59.14264252670632
3.747431943,59.12175947056529
3.747444069,59.10088140952499
3.747452995,59.08000831938949
3.747460895,59.05914017613927
3.747523026,59.038276955929724
3.747535429,59.017418635089555
3.7475452000000002,58.996565190119384
3.747556782,58.97571659769026
3.747564563,58.95487283464215
3.7476227460000002,58.93403387798253
3.747635155,58.913199704884974
3.747654895,58.892370292687666
3.747689726,58.87154561889212
3.7527933760000005,58.850725661161626
3.7627933760000003,58.543581646975845
3.7727933760000005,58.24144365647618
3.7827933760000003,57.9433153351259
3.7927933760000005,57.648098473977555
3.8009205550000003,57.59919641726258
3.8009239640000003,57.55030427845801
3.800930042,57.50142196326646
3.800933758,57.452549379166214
3.80093832,57.403686435376564
3.8027933760000003,57.354833042824005
3.8127933760000006,57.062947268199075
3.8178763360000003,57.0491060057601
3.817881839,57.03526574355383
3.8178867110000003,57.02142647875813
3.817892638,57.00758820856476
3.817896424,56.9937509301791
3.817918568,56.979914640820084
3.8179226230000003,56.966079337720295
3.817925029,56.95224501812566
3.817927599,56.93841167929556
3.818019821,56.92457931850268
3.818026813,56.91074793303296
3.818036542,56.89691752018552
3.818045832,56.88308807727256
3.818050488,56.86925960161935
3.8180559130000002,56.85543209056411
3.8222415450000002,56.84160554145796
3.822247311,56.82777995166489
3.8222515610000003,56.813955318561604
3.822348941,56.80013163953753
3.8224838780000003,56.78630891199473
3.8227933760000004,56.77248713334783
3.828455169,56.6281987601701
3.832793376,56.48405104165474
3.833598264,56.4268608916837
3.833602774,56.36970098445052
3.841199358,56.31257096140715
3.8412204450000003,56.25547047039284
3.8427933760000004,56.198399165501314
3.844572174,56.12774184682558
3.849361409,56.05714532236703
3.849377836,55.98660869905963
3.852793376,55.916131102864625
3.8533735350000002,55.84639184419004
3.8613200940000003,55.77672864055426
3.8613357550000003,55.70714038300732
3.8627933760000004,55.63762598555225
3.8660437400000003,55.545959983497575
3.8661185170000003,55.454457060506996
3.872793376,55.36311408505318
3.872876525,55.29537095306299
3.872903348,55.22773611323429
3.8776947010000002,55.16020800611337
3.8827933760000004,55.09278510337265
3.887129654,55.048324364638745
3.887173147,55.003918739326565
3.891834361,54.95956769786301
3.891854156,54.91527071768251
3.891865873,54.87102728311332
3.892793376,54.826836885266076
3.896786193,54.69584656828847
3.9027933760000004,54.565394823598325
3.912793376,54.308384047372684
3.9227933760000004,54.05546808575309
3.9327933760000002,53.80607937240718
3.9427933760000005,53.55952002370481
3.9527933760000002,53.31510428520583
3.9577985360000003,53.29883513633883
3.95781244,53.28257697758079
3.957856637,53.26632976863073
3.957881521,53.25009346938744
3.9579029290000003,53.23386803994811
3.957918954,53.217653440607286
3.9579318800000003,53.201449631855496
3.957948944,53.18525657437816
3.95830413,53.16907422905433
3.958319667,53.15290255695559
3.958345952,53.13674151934479
3.958360159,53.120591077674966
3.9584008280000003,53.104451193588105
3.9586305530000003,53.088321828914076
3.9627933760000005,53.072202945669474
3.9727933760000003,52.82998577767254
3.9827933760000005,52.58700263660423
3.9927933760000003,52.34101052028765
4.002793376,52.08911847593095
4.012793376,51.82803750477148
4.022793376,51.55432114593169
4.032793376,51.264600308339816
4.042793376,50.95586196865895
4.052793376,50.62579824710235
4.062793376,50.27319937455862
4.072793376,49.89837278186246
4.082793376,49.503579845534404
4.0927933759999995,49.09346499492581
4.095717265,49.08394799960435
4.09572108,49.074431355711226
4.095725032,49.06491506297568
4.09572969,49.055399121127465
4.095733157,49.045883529896955
4.095738323,49.036368289015016
4.095741347,49.026853398213134
4.095745783,49.017338857223336
4.095749628,49.00782466577819
4.095753547,48.99831082361089
4.095758989,48.988797330455114
4.095762431,48.979284186045135
4.095772494,48.969771390115795
4.095776556,48.96025894240246
4.095780247,48.95074684264107
4.0957836940000005,48.94123509056814
4.095790075,48.93172368592068
4.095794961,48.92221262843631
4.09580138,48.91270191785317
4.0958069980000005,48.90319155390997
4.095811189,48.89368153634595
4.095816529,48.884171864900914
4.095821156,48.8746625393152
4.09582547,48.8651535593297
4.095830901,48.855644924685855
4.095835165,48.84613663512564
4.0958390080000004,48.83662869039157
4.095843837,48.827121090226754
4.0958483910000005,48.81761383437473
4.095852124,48.80810692257971
4.095862407,48.798600354586334
4.0967022570000005,48.78909413013984
4.096706754,48.779588248986016
4.096711313,48.77008271087114
4.09671841,48.76057751554204
4.096722463,48.75107266274609
4.096726053,48.74156815223118
4.096730364,48.7320639837458
4.096737802,48.72256015703886
4.096742334,48.71305667185987
4.0967485560000005,48.70355352795886
4.096753318,48.6940507250864
4.0967610510000005,48.684548262993545
4.102793376,48.67504614143192
4.1050653850000005,48.59127668800548
4.105072285,48.50753078260342
4.105079257,48.42380828054603
4.108532171,48.340109040020586
4.112793376,48.256432922035756
4.122793376,47.84468918053518
4.1327933759999995,47.44453095569555
4.142793376,47.05831052687107
4.152793376,46.68643510951107
4.162793376,46.32778196307061
4.1727933759999996,45.98013422253764
4.182793376,45.64064238230245
4.192793376,45.306286669367076
4.202793376,44.974334030471894
4.212793376,44.642792011824355
4.222793376,44.310862146792296
4.232793376,43.97938650014304
4.242793376,43.6512521472161
4.244776642,43.642837929358855
4.244798267,43.634423560201625
4.244805387,43.62600904001341
4.2448112280000005,43.61759436906291
4.244817139,43.60917954761866
4.244823237,43.60076457594895
4.244827075,43.59234945432184
4.244833081,43.58393418300524
4.244837741,43.57551876226674
4.244842564,43.56710319237383
4.244849695,43.55868747359369
4.244859739,43.55027160619333
4.2448649650000005,43.54185559043953
4.244870236,43.53343942659888
4.244874004,43.52502311493773
4.244878126000001,43.51660665572221
4.2448825260000005,43.50819004921828
4.2448888380000005,43.49977329569165
4.24489316,43.4913563954078
4.2448986490000005,43.48293934863204
4.2449057560000005,43.47452215562947
4.24491299,43.46610481666494
4.244919183,43.45768733200314
4.244924186,43.44926970190847
4.244929279,43.440851926645195
4.244935099,43.43243400647735
4.2449388390000005,43.42401594166875
4.244944005,43.415597732483
4.244946977000001,43.40717937918352
4.244951594,43.39876088203344
4.24496415,43.39034224129582
4.244970041,43.3819234572334
4.244975032,43.37350453010876
4.244979275,43.36508546018426
4.244985286,43.356666247722046
4.244988957,43.34824689298407
4.245000079,43.33982739623209
4.252793376,43.33140775772764
4.262793376,43.02584876777889
4.272793376,42.739937584870965
4.282793376,42.477425064969104
4.292793376,42.240501710332005
4.295425103,42.21045529517117
4.295429929,42.180407088940036
4.295436167,42.15035710708517
4.29544224,42.12030536497829
4.295460365,42.09025187791685
4.295465279,42.060196661124905
4.302793376,42.03013972975355
4.312793376,41.846289166886834
4.322793376,41.68793051042732
4.332793376,41.55308401095165
4.342793376,41.43883818208577
4.352793376,41.34144056860415
4.362793376,41.25645911585023
4.372793376,41.178945962976236
4.3827933759999995,41.103562906615224
4.392793376,41.024689150888335
4.402793376,40.93652865794282
4.412793376,40.83322616446221
4.4227933759999996,40.70901306172364
4.432793376,40.558381300994235
4.442793376,40.37626598244293
4.452793376,40.158248286768305
4.462793376,39.900744342582016
4.472793376,39.60113365706862
4.482793376,39.25795187794593
4.492793376,38.87132616562203
4.502793376,38.44360761828826
4.512793376,37.980022810735974
4.522793376,37.48930678798328
4.529598743,37.482384101586945
4.529603436,37.475461335140615
4.529609364,37.468538488738595
4.529616247,37.46161556247502
4.529621964,37.45469255644409
4.529630487,37.44776947073995
4.52963503,37.4408463054568
4.529641536000001,37.433923060688755
4.529648541,37.426999736529886
4.5296666000000005,37.42007633307433
4.529675544,37.413152850416175
4.529689355,37.40622928864947
4.529695468,37.39930564786828
4.529731878,37.39238192816664
4.5297517030000005,37.38545812963855
4.529755963,37.378534252378046
4.529763432,37.371610296479076
4.529768549,37.36468626203561
4.529774109,37.35776214914163
4.529777913,37.35083795789104
4.529786114,37.34391368837779
4.529792997,37.33698934069575
4.529797514,37.33006491493885
4.529803038,37.32314041120093
4.529807113,37.316215829575846
4.529814256,37.30929117015743
4.529818618,37.30236643303951
4.529823863,37.29544161831591
4.529827994000001,37.288516726080424
4.529832541,37.28159175642678
4.529837148,37.27466670944878
4.5298410680000005,37.26774158524015
4.529847568,37.26081638389462
4.529858108,37.25389110550588
4.529867653,37.24696575016764
4.529872182,37.24004031797355
4.529877334,37.23311480901731
4.529881607,37.226189223392545
4.529886692,37.2192635611929
4.529895988,37.21233782251194
4.5299018030000004,37.20541200744333
4.529906671,37.19848611608058
4.529912106,37.1915601485173
4.529917641,37.18463410484701
4.529922574,37.17770798516327
4.529926796,37.17078178955957
4.529931136,37.1638555181294
4.529935844,37.156929170966315
4.529940316,37.150002748163686
4.529945486,37.143076249815024
4.529950617,37.13614967601376
4.529956846,37.12922302685328
4.52996366,37.12229630242702
4.529970152,37.11536950282838
4.529980216,37.10844262815069
4.529985116,37.101515678487324
4.529990076,37.09458865393161
4.52999559,37.087661554576925
4.530000193,37.0807343805165
4.53000853,37.07380713184369
4.53001416,37.06687980865171
4.5300204200000005,37.059952411033876
4.530024712,37.05302493908342
4.53002834,37.04609739289355
4.530031896,37.03916977255749
4.530035998,37.03224207816844
4.5300405580000005,37.02531430981958
4.530047863,37.01838646760408
4.530053971,37.011458551615064
4.530072077,37.00453056194571
4.5300876720000005,36.99760249868909
4.530105331000001,36.990674361938325
4.532793376,36.98374615178651
4.542793376,36.47736338885959
4.543443625,36.44646403892231
4.543448866,36.415563374159646
4.543455968,36.384661402193544
4.543462058,36.35375813064148
4.543466279,36.322853567116304
4.54347634,36.29194771922627
4.543481021,36.2610405945752
4.543485861,36.23013220076231
4.5434918810000005,36.19922254538231
4.543495802,36.168311636025415
4.5435069640000005,36.1373994802773
4.543511615,36.106486085719226
4.543516791,36.07557145992792
4.548711432,36.04465561047566
4.5521956480000005,36.013738544930284
4.552793376,35.98282027085519
4.562793376,35.50953077362325
4.572793376,35.06362303643889
4.582793376,34.648526395977875
4.592793376,34.265548309362785
4.602793376,33.91439489279322
4.612793376,33.59363382513122
4.622793376,33.3011402339846
4.6327933759999995,33.034524858285906
4.642793376,32.79150592360472
4.644928086,32.78359827893066
4.644932959,32.77569079691284
4.644939203,32.767783477506455
4.644944553,32.75987632066676
4.644949232,32.75196932634923
4.6449597570000005,32.74406249450951
4.644966051,32.736155825103324
4.644971905,32.72824931808664
4.644976389,32.720342973415526
4.6449799800000005,32.7124367910462
4.6449827290000005,32.70453077093505
4.6450118840000005,32.69662491303866
4.6450175,32.6887192173137
4.64502788,32.68081368371701
4.645030911,32.67290831220561
4.645035312,32.665003102736684
4.645043354,32.657098055267525
4.645048549,32.64919316975556
4.645053407,32.64128844615847
4.64505828,32.63338388443399
4.6450635590000005,32.62547948454006
4.645076138,32.61757524643473
4.645080754,32.609671170076275
4.645086202,32.60176725542306
4.645092247,32.59386350243358
4.645095496000001,32.58595991106657
4.645099083,32.578056481280825
4.652793376,32.57015321303538
4.662214878,32.50303476377104
4.662247385,32.435934579986316
4.662793376,32.36885258074481
4.666738626,32.34852167475971
4.66674878,32.32819320461473
4.666756108,32.30786716576405
4.666790166,32.28754355368271
4.666798937,32.26722236386651
4.666859628,32.246903591831995
4.671853583,32.22658723311641
4.671870936,32.20627328327742
4.6727933759999996,32.18596173789326
4.679694976,32.13041277441819
4.67974665,32.07488876397428
4.682793376,32.0193895506239
4.692793376,31.86637336145611
4.694303057,31.837781262821196
4.694320665,31.80920027546666
4.694350265,31.780630352524888
4.694368157,31.7520714474261
4.702793376,31.723523513896232
4.70659266,31.700739736707927
4.706620431,31.6779644866677
4.706641859,31.655197733116875
4.7067102290000005,31.632439445554866
4.7123053530000005,31.609689593638137
4.712793376,31.586948147179285
4.722793376,31.45233218809461
4.732793376,31.315060756169473
4.742793376,31.170412737353402
4.752793376,31.013753859912654
4.762793376,30.84070340478801
4.772793376,30.647261806874777
4.782793376,30.429914699575978
4.792793376,30.185760346998034
4.802793376,29.91267910278664
4.812793376,29.60955604627693
4.822793376,29.276569837902
4.832793376,28.915538460640814
4.842793376,28.53030367458736
4.852793376,28.12713565250181
4.854664264,28.1181689749629
4.854667289,28.109202384522025
4.854671522,28.10023588151194
4.854675086,28.0912694662655
4.854678322,28.082303139115776
4.854697956,28.073336900396022
4.854703609,28.064370750439622
4.8547083440000005,28.05540468958026
4.854713163,28.046438718151613
4.854717208,28.037472836487687
4.854721282,28.02850704492258
4.854724463,28.019541343790625
4.854727458,28.010575733426283
4.854732172,28.001610214164216
4.85473859,27.992644786339262
4.854744974,27.983679450286484
4.854750011,27.97471420634102
4.854754582,27.965749054838316
4.8547631430000004,27.956783996113888
4.854768061000001,27.94781903050347
4.854771994,27.938854158343016
4.854776441,27.929889379968614
4.854789233,27.92092469571656
4.854806813000001,27.911960105923292
4.85481126,27.902995610925498
4.854814923,27.894031211059946
4.854820478,27.885066906663752
4.854830469,27.87610269807402
4.854834250000001,27.867138585628165
4.8548393,27.858174569663763
4.8548578110000005,27.84921065051854
4.854861244,27.840246828530464
4.854869444,27.83128310403761
4.854874542,27.82231947737832
4.854879423,27.813355948891047
4.854883319,27.804392518914483
4.854888305,27.795429187787498
4.854893567,27.7864659558491
4.854903731,27.777502823438564
4.85490902,27.76853979089532
4.85491857,27.759576858558923
4.854922138,27.75061402676921
4.859302158,27.74165129586616
4.85930589,27.732688666189937
4.859323044,27.723726138080913
4.862793376,27.714763711879616
4.871225677,27.632451757808738
4.871231553,27.550143483714255
4.871237451,27.467839168284595
4.871242422,27.38553909143073
4.872793376,27.30324353430874
4.87479025,27.169485711190543
4.8793577070000005,27.03572691928451
4.8827933759999995,26.901968442312036
4.892793376,26.518396903594528
4.898501058,26.338239311467586
4.902793376,26.158028370819903
4.903300048,26.124713799634726
4.903305743,26.0913960625649
4.903312677,26.0580751838002
4.903317478,26.024751187541106
4.903323018,25.991424097999147
4.90332788,25.95809393939718
4.910881365,25.924760735969624
4.910887722,25.89142451196281
4.910891596,25.85808529163518
4.912793376,25.824743099257645
4.915101699,25.67284461151696
4.9227933759999996,25.520849755799784
4.932793376,25.246939416481627
4.942793376,25.001923332246513
4.952793376,24.78335694752909
4.962793376,24.587852358944627
4.972793376,24.41144566537101
4.982793376,24.249905141924355
4.992793376,24.098985153386373
5.002793376,23.95465717250801
5.012793376,23.813340350020667
5.022793376,23.67212188166806
5.032793376,23.528984635664955
5.042793376,23.383059123317256
5.052793376,23.234859438305804
5.060609355,23.23148175829388
5.060612291,23.22810415047866
5.060621971,23.224726615031496
5.06062492,23.221349152123718
5.06062888,23.217971761926734
5.06063317,23.21459444461201
5.060636689,23.21121720035096
5.060641751,23.20784002931511
5.060647374,23.204462931675906
5.060664399,23.201085907604966
5.060669231,23.197708957273786
5.060675393,23.194332080854007
5.060680489,23.19095527851727
5.060685946,23.187578550435187
5.060690345,23.18420189677951
5.060694984,23.180825317721876
5.060699442,23.177448813434097
5.060704394,23.174072384087925
5.060710832,23.17069602985519
5.060716008,23.16731975090765
5.060721572,23.16394354741724
5.060724803,23.160567419555814
5.060727922,23.157191367495333
5.060734647,23.15381539140771
5.060740155,23.15043949146497
5.060744592,23.147063667839074
5.060752518,23.1436879207021
5.060757351,23.140312250226092
5.060762841,23.13693665658317
5.0607661870000005,23.133561139945467
5.060769212,23.13018570048513
5.060774598,23.12681033837436
5.0607800780000005,23.123435053785403
5.0607838560000005,23.120059846890456
5.0607939680000005,23.11668471786182
5.060797459,23.11330966687182
5.060800883,23.109934694092793
5.060804394,23.10655979969711
5.060811243,23.103184983857197
5.060815078,23.099810246745413
5.060824724,23.096435588534305
5.060829626,23.09306100939634
5.060848106,23.089686509503995
5.062793376,23.086312089029896
5.0650322270000006,23.057089518365466
5.0650422740000005,23.0278734332386
5.067933879,22.998663947777185
5.070992675,22.969461176282216
5.072793376,22.94026523323002
5.0740375040000005,22.905088581160978
5.077169159,22.8699218858518
5.080314072,22.834765352642595
5.082793376,22.79961918722879
5.084626269,22.766386039046974
5.0873726580000005,22.733161380320585
5.090450528,22.699945390999623
5.092793376,22.666738251278783
5.09308451,22.625600386616906
5.09670035,22.584473530594018
5.102793376,22.543358043404467
5.103861237,22.515176636576783
5.10855788,22.486998571013046
5.112717353,22.458823971707385
5.112793376,22.430652963655973
5.1188952400000005,22.405302005529496
5.118907543,22.37995156755153
5.118954691,22.354601750800768
5.122793376,22.329252656265094
5.126004625,22.284220527833053
5.1327933759999995,22.2391809494388
5.142793376,22.15981768732142
5.152793376,22.090010325271727
5.162793376,22.028267674425784
5.1727933759999996,21.972912612147603
5.182793376,21.92218781762359
5.192793376,21.874340241612543
5.202793376,21.827676138353702
5.212793376,21.780596574441464
5.222793376,21.73164932094336
5.232793376,21.67960269406131
5.242793376,21.623511652686606
5.252793376,21.562757231703692
5.262793376,21.497081871959008
5.272793376,21.426677704593974
5.275394897,21.42512703748934
5.275399309,21.423576394696163
5.2754039,21.422025776232406
5.275410109,21.420475182115975
5.275425695,21.418924612364915
5.2754474060000005,21.417374066997137
5.275453423,21.415823546030616
5.275458708,21.414273049483327
5.275462034,21.412722577373252
5.275472824,21.411172129718317
5.275478486,21.40962170653659
5.275483529,21.408071307845944
5.275489327,21.406520933664446
5.275495605000001,21.40497058401003
5.275509974,21.403420258900702
5.2755152160000005,21.401869958354446
5.2755340010000005,21.400319682389238
5.275548271,21.398769431023158
5.275551442,21.39721920427409
5.275581432,21.395669002160066
5.2756040010000005,21.394118824699135
5.2756082730000005,21.39256867190929
5.275613656,21.39101854380847
5.27561752,21.38946844041479
5.275637487,21.387918361746163
5.275645296,21.386368307820653
5.275651269,21.384818278656283
5.2756556880000005,21.38326827427109
5.275659878,21.381718294683033
5.275676186,21.380168339910206
5.275681565,21.37861840997061
5.275685962,21.37706850488224
5.275696396,21.375518624663194
5.2757009560000006,21.373968769331462
5.275712186,21.37241893890508
5.2757467380000005,21.37086913340214
5.2757527070000005,21.369319352840627
5.27575876,21.367769597238606
5.2757802830000005,21.36621986661414
5.275790686,21.364670160985277
5.275799871,21.363120480370057
5.275815177,21.361570824786536
5.2758190670000005,21.360021194252788
5.275847576,21.358471588786873
5.281315426,21.356922008406844
5.281320265,21.355372453130773
5.281323704,21.353822922976704
5.282793376,21.352273417962774
5.292793376,21.275011896765257
5.297799237,21.265148997499125
5.297803486,21.255286692583034
5.297821441,21.245424986124902
5.297827009,21.23556388223618
5.297838735,21.225703385031878
5.297850307,21.215843498630658
5.301597183,21.205984227154804
5.302793376,21.196125574730072
5.306580161,21.16964494440554
5.309073977,21.14316706219798
5.312793376,21.116692001962672
5.3160729,21.100864273712215
5.316112053,21.085036973278687
5.322725807,21.06921011496997
5.322731493,21.053383713109717
5.322793376,21.03755778203783
5.327201787,21.011471407569015
5.3272064320000005,20.98538497736014
5.332793376,20.959298547638383
5.342793376,20.882180362557477
5.352793376,20.80617259885209
5.362793376,20.731007672753027
5.372793376,20.656236485413526
5.3827933759999995,20.581271212101118
5.392793376,20.505449436998575
5.402793376,20.42812149664818
5.412793376,20.34873166654134
5.4227933759999996,20.26688884175779
5.432793376,20.182449264492867
5.442793376,20.095613539743578
5.452793376,20.007028294627663
5.461908857,20.003952458892964
5.461912157,20.000876656249314
5.4619198010000005,19.997800886758064
5.461924721,19.994725150480615
5.461928029,19.991649447478192
5.461943818,19.9885737778123
5.461960438,19.985498141544227
5.461966544,19.982422538735474
5.4619705220000005,19.97934696944739
5.461976956,19.97627143374141
5.4619824480000005,19.973195931678983
5.461986413,19.97012046332161
5.461994005,19.96704502873074
5.461999696,19.96396962796788
5.462005121,19.960894261094474
5.462015787,19.957818928172134
5.462019831,19.954743629262364
5.46202419,19.95166836442669
5.462028436,19.948593133726714
5.462032733,19.945517937224018
5.46204089,19.942442774980165
5.462052656,19.939367647056844
5.4620584910000005,19.93629255351559
5.462063711,19.933217494418113
5.4620669490000004,19.93014246982605
5.462070462,19.927067479801106
5.462074836,19.923992524404923
5.462078211000001,19.920917603699227
5.462793376,19.91784271774574
5.472793376,19.829611948656275
5.482793376,19.74408121553166
5.486201398,19.740219726330594
5.486208288,19.736358248854508
5.486213362,19.73249678329337
5.486221851,19.728635329837218
5.486230334,19.724773888676072
5.486236987,19.720912460000015
5.486252263,19.71705104399929
5.48625737,19.713189640863973
5.4862623280000005,19.709328250784356
5.486267054,19.705466873950765
5.4905024970000005,19.701605510553467
5.490506161,19.697744160782875
5.4905293010000005,19.69388282482938
5.490534452,19.690021502883525
5.490539793,19.68616019513576
5.4905516510000005,19.682298901776637
5.490555474,19.678437622996835
5.490562402,19.674576358986968
5.490566504,19.67071510993773
5.490569918,19.666853876039916
5.492793376,19.66299265748428
5.494296461,19.64796814253516
5.494307573,19.632943376114447
5.49736099,19.617918370950445
5.501905721,19.602893139782125
5.502793376,19.58786769535919
5.512793376,19.519750283278835
5.522793376,19.459101439273933
5.532793376,19.405871929025388
5.542793376,19.359607400912054
5.552793376,19.31952791906205
5.562793376,19.284598713101254
5.572793376,19.253605664970312
5.582793376,19.225235935491643
5.592793376,19.198158188423
5.602793376,19.171099434735073
5.612711,19.157017189427375
5.612793376,19.142914688128926
5.622793376,19.11264463002647
5.6327933759999995,19.07957567881664
5.642793376,19.04331456339071
5.652793376,19.00385814023567
5.662793376,18.961642178800297
5.6727933759999996,18.917576465148716
5.674896726,18.916667806308812
5.674900283,18.91575910653559
5.674910136,18.91485036583555
5.674915177,18.913941584215156
5.67494555,18.91303276168083
5.674948865,18.912123898239052
5.674952642,18.911214993896312
5.674956653,18.910306048659066
5.674963619000001,18.909397062533767
5.674966487,18.908488035526872
5.674973564,18.907578967644863
5.674980392,18.906669858894197
5.674983587,18.90576070928133
5.674989244,18.90485151881274
5.674993389,18.9039422874949
5.674998128,18.903033015334238
5.675003058000001,18.902123702337263
5.675006306,18.90121434851042
5.675011815,18.900304953860154
5.6750195660000005,18.899395518392943
5.675024087,18.898486042115245
5.67502756,18.897576525033564
5.67503315,18.89666696715428
5.6750375570000005,18.895757368483935
5.675047601,18.894847729028932
5.675053991,18.893938048795796
5.675058247,18.893028327790955
5.67506335,18.89211856602089
5.675074446,18.891208763492017
5.675080691,18.89029892021083
5.67508566,18.88938903618381
5.675091454,18.888479111417407
5.675095007,18.88756914591806
5.675098341,18.886659139692256
5.675100725,18.88574909274646
5.675126421,18.884839005087144
5.675133849,18.883928876720702
5.675137426,18.88301870765368
5.675144632,18.8821084978925
5.675148555,18.88119824744362
5.67515248,18.880287956313534
5.675173195,18.879377624508688
5.6751792000000005,18.87846725203552
5.675183889,18.87755683890052
5.675187758,18.876646385110124
5.675193808,18.875735890670853
5.675198177,18.87482535558906
5.675213084,18.87391477987132
5.682793376,18.87300416352402
5.692476274,18.868171539459215
5.692479932,18.863337634179675
5.6924844530000005,18.85850244860479
5.692489299,18.853665983653965
5.6924939310000005,18.848828240246544
5.692498445,18.843989219301893
5.692512451,18.839148921739266
5.692533616,18.834307348478
5.692793376,18.82946450043724
5.702793376,18.788355905797008
5.712793376,18.750758778098255
5.722793376,18.71743841784573
5.732793376,18.688881511716016
5.742793376,18.665313947288887
5.752793376,18.646709357993668
5.762793376,18.632804978861174
5.772793376,18.62312878969112
5.782793376,18.617024271634445
5.792793376,18.613668156046213
5.800862982,18.6127946761798
5.802793376,18.612083527656367
5.812793376,18.611146865054117
5.822793376,18.609592032793763
5.829432755,18.60948445776209
5.829452387,18.60937770003152
5.829464382,18.60927175960915
5.829477787,18.609166636502113
5.829528676,18.609062330717247
5.829545139,18.60895884226147
5.829584376000001,18.608856171141415
5.829608972,18.608754317363697
5.82967099,18.6086532809348
5.829764148,18.608553061861148
5.829778554,18.60845366014894
5.829816057,18.608355075804347
5.8298416390000005,18.60825730883341
5.829886785,18.60816035924201
5.829908985,18.608064227036014
5.829924522,18.6079689122211
5.829975424,18.607874414802808
5.829996206,18.60778073478665
5.830015853,18.60768787217798
5.8302710730000005,18.607595826981996
5.830307519000001,18.607504599203864
5.83037994,18.60741418884864
5.830398666,18.607324595921185
5.830425939,18.60723582042626
5.830454694,18.60714786236862
5.8304885330000005,18.60706072175276
5.830508139,18.606974398583187
5.830525069,18.60688889286419
5.8305636750000005,18.606804204600046
5.830581799,18.60672033379482
5.830599199,18.606637280452556
5.830680871,18.606555044577114
5.830704343,18.60647362617231
5.830735403,18.60639302524172
5.830751205,18.606313241788964
5.830765665,18.606234275817496
5.830821401000001,18.606156127330575
5.832793376,18.60607879633144
5.841900107,18.605045174831975
5.841906124,18.604039036782975
5.841909789,18.603060386156105
5.841915716,18.602109226794347
5.841920348,18.601185562411832
5.841936045,18.600289396593787
5.842793376,18.599420732796517
5.846680497,18.595736575915605
5.846685757,18.592217457199563
5.852793376,18.588863476535973
5.862793376,18.574176637479543
5.864711494,18.57202779009387
5.8647162580000005,18.569898897982302
5.864875652,18.567789969804476
5.871962714,18.565701014151678
5.871971354,18.563632039546512
5.8719754360000005,18.561583054442977
5.871985905,18.55955406722608
5.872001034,18.557545086212
5.872793376,18.555556119647672
5.8827933759999995,18.53348492106987
5.890878407,18.529234938679014
5.890893821,18.52502661835845
5.89090175,18.520860002930462
5.891014882,18.51673513491946
5.891071051,18.51265205655062
5.892793376,18.50861080974863
5.902793376,18.481648104605796
5.907522983,18.47207690090227
5.907575639,18.462634559831677
5.912793376,18.45332145574576
5.914327654,18.450056591755892
5.914350402,18.4468032415221
5.914377387,18.44356141819797
5.914551566,18.44033113491575
5.914698384,18.437112404786358
5.922494934,18.433905240899083
5.92253189,18.4307096563218
5.922566372,18.427525664100603
5.9227933759999996,18.42435327725971
5.925914005,18.409817506114823
5.932793376,18.39545631212332
5.9330220360000006,18.38132928741048
5.942793376,18.367319301241885
5.952793376,18.340595738067364
5.962793376,18.31586792745513
5.972793376,18.293605036338104
5.982793376,18.27418550414966
5.987188973,18.270143154904385
5.987206009,18.266094876743235
5.9877218370000005,18.26204067220431
5.992793376,18.257980543832932
