time_s,speed_mps
2.5027933760000005,0.016799928399708914
2.5127933760000003,0.01673959558622856
2.5227933760000005,0.016671853128894933
2.532013021,0.016665193509586125
2.532017009,0.016658725920940858
2.5320215260000003,0.016652450586705534
2.532030214,0.016646367724307894
2.5320356520000002,0.016640477544819954
2.532062057,0.016634780252921956
2.532067688,0.016629276046867307
2.5320724180000003,0.01662396511844857
2.5320769690000002,0.01661884765296446
2.532086554,0.016613923829187888
2.532101897,0.016609193819335108
2.5321084050000002,0.016604657789035863
2.5321217220000003,0.016600315897304683
2.5321269190000004,0.016596168296513246
2.5327933760000003,0.01659221513236384
2.535479868,0.016564283770871657
2.535493277,0.016538795162034298
2.538859275,0.01651576061548315
2.5427933760000005,0.016495190412074916
2.5527933760000003,0.016374343043623046
2.562793376,0.016222632418036963
2.5727933760000004,0.01603296899052129
2.582793376,0.015799041108052518
2.590192551,0.015781867786025795
2.5902254960000004,0.01576476251284085
2.5902347750000003,0.015747725510242862
2.590240241,0.015730757000050683
2.5902470490000002,0.0157138572041476
2.5902565820000003,0.015697026344471985
2.5902657380000003,0.015680264643007837
2.590284881,0.015663572321775256
2.59032798,0.015646949602820814
2.590334876,0.015630396708207792
2.590346801,0.01561391386000639
2.590353833,0.015597501280283792
2.59035985,0.015581159191094143
2.590366096,0.015564887814468457
2.5903759930000003,0.015548687372404396
2.59040885,0.015532558086855988
2.5927933760000004,0.015516500179723225
2.59595366,0.0153480915543966
2.602793376,0.015183981290951724
2.6127933760000004,0.014803326036851486
2.617333736,0.014755601851822986
2.6173387690000003,0.014708023697152465
2.6173490630000003,0.014660592994580904
2.617351642,0.014613311179872636
2.6173542050000003,0.014566179702897603
2.617368758,0.01451920002771163
2.6205393480000003,0.014472373632634566
2.620543071,0.014425702010326252
2.622793376,0.01437918666786008
2.6327933760000004,0.013918430788388059
2.642793376,0.013429305270632809
2.6527933760000004,0.012920799439913318
2.662793376,0.012402812021927372
2.6697874390000003,0.012368132839588751
2.66982505,0.012333487801706376
2.669846454,0.012298877196827556
2.66986277,0.012264301316468397
2.669886248,0.012229760455147546
2.669928773,0.01219525491042035
2.6699710760000004,0.012160784982913366
2.6699923990000003,0.012126350976359272
2.6700278340000003,0.012091953197632153
2.670038366,0.012057591956783164
2.670054918,0.012023267567076612
2.6700842490000003,0.011988980345026398
2.6701069840000002,0.011954730610432882
2.6701258510000003,0.011920518686420118
2.6727933760000004,0.011886344899473522
2.6827933760000002,0.011382900062667341
2.6846757820000002,0.011141866463199665
2.6927933760000005,0.010903850242470802
2.7027933760000002,0.010460277151948975
2.7127933760000005,0.010062087860296363
2.7227933760000003,0.009716483652707303
2.723106484,0.009699699615587816
2.723139313,0.009683000309044341
2.723301637,0.009666386172209517
2.723309617,0.00964985764499281
2.723315019,0.009633415168048207
2.7233235430000002,0.009617059182741288
2.723329196,0.009600790131115668
2.7233354070000004,0.009584608455858786
2.7233414970000003,0.00956851460026705
2.723349622,0.009552509008210348
2.7233547220000003,0.009536592124095916
2.72335969,0.009520764392831537
2.723377534,0.009505026259788118
2.723391737,0.0094893781707616
2.7234043910000003,0.009473820571934223
2.728842023,0.009458353909835137
2.728861353,0.009442978631300367
2.7327933760000005,0.009427695183432127
2.7427933760000003,0.009198229918648618
2.7513276760000003,0.009109676328043033
2.7527933760000005,0.009029891416935538
2.7627933760000003,0.008923526422640675
2.7727933760000005,0.008878224739020826
2.7827933760000003,0.00889076000428976
2.7927933760000005,0.0089551995425362
2.8014536740000002,0.008967147118763338
2.801475883,0.008979545895362264
2.801491869,0.008992394005978352
2.8016042310000002,0.009005689527463185
2.801637306,0.009019430481235012
2.8016533470000002,0.009033614834664415
2.801676193,0.009048240502482967
2.8027933760000003,0.009063305348212869
2.807582031,0.009072059769836613
2.807605687,0.009080929239202066
2.807615905,0.009089913419536253
2.8076264880000004,0.009099011971049313
2.807687898,0.0091082245509921
2.807832532,0.009117550813713899
2.807951477,0.009126990410720166
2.807969083,0.009136542990730351
2.807989252,0.00914620819973573
2.808000523,0.009155985681057254
2.80834961,0.009165875075403385
2.8083811290000003,0.009175876020927905
2.808420279,0.00918598815328768
2.8089492700000003,0.009196211105700356
2.812793376,0.009206544509001994
2.8227933760000004,0.009378173574637046
2.832793376,0.009573663145111372
2.834210357,0.009592408713516439
2.8342268020000003,0.009611349803669596
2.834241264,0.009630485261923415
2.8342580230000003,0.009649813931989557
2.8342679430000004,0.009669334655196628
2.8342817620000003,0.009689046270744317
2.836579607,0.009708947615953714
2.83659556,0.00972903752651378
2.836609793,0.009749314836723887
2.8366355050000003,0.009769778379732405
2.8427933760000004,0.009790426987771272
2.843756695,0.009866716256723994
2.843816891,0.009945871297203987
2.852793376,0.010027824246186902
2.8627933760000004,0.01028677380441736
2.872793376,0.010568860597057226
2.8827933760000004,0.010875521264717355
2.883198535,0.010899456841434474
2.8832111460000003,0.010923666394880927
2.8832373650000003,0.01094814810752913
2.883256132,0.010972900157730456
2.88328921,0.010997920720210398
2.883305419,0.011023207966555381
2.883385683,0.01104876006569115
2.883400287,0.011074575184352564
2.8834217200000003,0.011100651487544707
2.883443048,0.011126987138995174
2.883459839,0.01115358030159752
2.8834760630000003,0.011180429137845697
2.892793376,0.011207531810259503
2.8965748220000003,0.011274968906585504
2.8965796470000003,0.01134445986030407
2.89658542,0.011415967164928233
2.896589862,0.011489453172822366
2.9027933760000004,0.011564880164589918
2.912793376,0.011946589334029268
2.9199826690000004,0.012074428290849922
2.9200322200000004,0.012209018041698412
2.9227933760000004,0.012350137881451492
2.9327933760000002,0.012771228023878612
2.9427933760000005,0.01320451071213384
2.9527933760000002,0.013644746447571625
2.9627933760000005,0.014087892163049297
2.967803045,0.01411037273871982
2.967816565,0.014133117416195088
2.9678316860000002,0.014156124922476278
2.9678475900000003,0.014179393978164192
2.967861989,0.014202923297747246
2.967876098,0.014226711589887241
2.967889597,0.01425075755770268
2.967947538,0.014275059899049668
2.9679982490000003,0.014299617306800192
2.968014386,0.014324428469117743
2.9680341660000003,0.014349492069730203
2.968047748,0.01437480678819986
2.968062915,0.01440037130019054
2.968077774,0.014426184277731713
2.968091225,0.01445224438947957
2.968108854,0.014478550300974937
2.9681879770000004,0.014505100674898021
2.9727933760000003,0.014531894171319866
2.973434231,0.014634885060746913
2.973446997,0.014743464837156826
2.973522769,0.014857510969070833
2.9827933760000005,0.014976898581349022
2.984940277,0.015080139791117508
2.9849733580000004,0.015189292239897767
2.9849866840000003,0.015304229448232051
2.9927933760000003,0.015424822102215291
3.0027933760000005,0.015878213481230464
3.0127933760000003,0.016338659305565616
3.0227933760000005,0.016805217385229308
3.0327933760000003,0.017273070436516297
3.0368224440000002,0.017490400157842888
3.0427933760000005,0.017732508116599422
3.0466018210000003,0.017756929427850114
3.0466153,0.017781729358499546
3.04665982,0.01780690632662199
3.046680653,0.01783245873524306
3.0466988290000003,0.017858384972782193
3.04671203,0.017884683413494622
3.046728813,0.017911352417912415
3.046747738,0.01793839033328449
3.0468161780000003,0.017965795494015353
3.046834177,0.017993566222102297
3.046915928,0.018021700827570892
3.046945257,0.018050197608908563
3.0469602200000003,0.018079054853496014
3.046972941,0.01810827083803635
3.047049776,0.01813784382898165
3.0527933760000003,0.018167772082956907
3.05932417,0.018226302003622085
3.059430744,0.018287277900268763
3.0594395480000003,0.018350675390337228
3.0594439380000003,0.01841646946531415
3.059468093,0.018484634534056073
3.0627933760000006,0.018555144465992136
3.063965187,0.018648557971927115
3.072086304,0.018750480814350694
3.0727933760000004,0.018860775041467943
3.079489647,0.018913069520453532
3.0795343490000002,0.01897247089028603
3.082793376,0.0190389126306254
3.0927933760000004,0.01903132135805063
3.102793376,0.018769690346567645
3.1127933760000004,0.018182468322518026
3.1220307380000003,0.018105983844838806
3.122049129,0.018029733025735108
3.122066632,0.017953718842304775
3.122079996,0.017877944312960112
3.1220912700000003,0.017802412497906095
3.122592906,0.0177271264996172
3.122614743,0.017652089463312405
3.122627834,0.01757730457742785
3.12264071,0.017502775074086804
3.122661941,0.01742850422956628
3.122679542,0.017354495364759876
3.1227105920000002,0.01728075184563627
3.122793376,0.017207277083692747
3.122912393,0.016969152160687652
3.126465532,0.016733232685918045
3.131807735,0.016499613263361496
3.131818617,0.0162683929818168
3.131827774,0.016039675596222967
3.1327933760000004,0.0158135697078246
3.136014653,0.015353129297767023
3.1421167150000002,0.014905345657238814
3.142158249,0.014471393736875362
3.142793376,0.014052554992302095
3.15103012,0.013364873956100424
3.1510465670000003,0.012739100322498486
3.1527933760000004,0.012184775964471534
3.155334137,0.011615389468536822
3.155347726,0.011203957036935885
3.162793376,0.01096826821533328
3.163336706,0.01092840517083392
3.1633454320000003,0.010995133419821954
3.170133034,0.011166542243184257
3.170145759,0.011437926377858364
3.1727933760000004,0.011802391341976195
3.1827933760000002,0.015577726164391001
3.1927933760000005,0.02190564366345258
3.2027933760000002,0.030217885817227504
3.2030087060000003,0.03103857466166649
3.203065312,0.03186216847683479
3.203078508,0.032688447689024305
3.203093024,0.033517213694510266
3.203125032,0.034348286487427125
3.2031538200000003,0.0351815025923394
3.203190853,0.03601671325844037
3.207979687,0.036853782878832925
3.2079959380000003,0.03769258760383952
3.208018498,0.038533014121913546
3.2081219930000002,0.03937495858562362
3.2127933760000005,0.04021832566347181
3.213987786,0.04405232300308934
3.220034372,0.04790711806226356
3.2227933760000003,0.05177806597742438
3.2327933760000005,0.06484302401462146
3.2375720400000003,0.06968499114991251
3.237620936,0.07453519124694973
3.2427933760000003,0.0793921154229356
3.248602538,0.08139267237499612
3.248610192,0.0833941426357251
3.248616212,0.08539646198842986
3.24862174,0.08739957207517957
3.2486261080000003,0.08940341974609892
3.248629359,0.091407956493181
3.248641642,0.09341313795612945
3.2527933760000005,0.09541892348979811
3.2627933760000003,0.11292226319637501
3.2727933760000005,0.13189801232684742
3.2827933760000003,0.1523329552279526
3.2927933760000005,0.17420575846089648
3.296650612,0.1757575490151482
3.296653712,0.17730945986693294
3.2966564220000003,0.17886148788492753
3.296661369,0.1804136300453264
3.296666277,0.18196588342727604
3.2966718630000003,0.1835182452085389
3.296676247,0.18507071266137456
3.2966803760000003,0.18662328314862536
3.2966846260000002,0.1881759541199943
3.296689335,0.1897287231085048
3.296698108,0.19128158772713186
3.2967056,0.19283454566559505
3.2967099380000002,0.1943875946873045
3.2967144150000003,0.19594073262645095
3.3027933760000003,0.19749395738523293
3.303089061,0.20242938916396394
3.3030916280000002,0.20736583685391824
3.30974142,0.212303229589592
3.309767312,0.217241502934939
3.3127933760000006,0.2221805981716363
3.315922215,0.23087026403862373
3.31593545,0.23956258068356223
3.3227933760000004,0.24825726966882433
3.331130378,0.2528331702357731
3.3311348720000002,0.2574097340368632
3.331139095,0.2619869263146368
3.331146081,0.26656471469430904
3.331149275,0.27114306898338913
3.332793376,0.275721960991156
3.3385511720000003,0.28293149982935456
3.340666102,0.290142337773034
3.3406850660000003,0.29735438031236133
3.3427933760000004,0.3045675418742603
3.34406326,0.3196635069945271
3.352793376,0.3347635213877999
3.3627933760000004,0.36624416478772026
3.365548179,0.3825755775217786
3.372793376,0.3989093114647885
3.3827933760000004,0.4326370119350793
3.392793376,0.467305702892407
3.397952098,0.46967288299590676
3.39797204,0.47204007478300997
3.397978381,0.47440727807882027
3.398000295,0.4767744927119146
3.39800409,0.47914171851425585
3.3980158670000002,0.4815089553211114
3.3980258940000003,0.4838762029709711
3.398033589,0.4862434613054694
3.398037778,0.4886107301693091
3.39804544,0.4909780094101872
3.398054557,0.4933452988787235
3.3980598090000003,0.4957125984283907
3.398068109,0.49807990791544643
3.398072955,0.5004472271988675
3.4027933760000004,0.502814556140286
3.412793376,0.5390920415292383
3.4142239190000003,0.5437170551261211
3.414230422,0.5483420805177265
3.414237995,0.5529671174081008
3.4142440030000003,0.5575921655111088
3.414247925,0.5622172245500303
3.414264299,0.566842294257176
3.4204219190000003,0.5714673743735214
3.4227933760000004,0.5760924646483602
3.42580637,0.5823747117601369
3.4258116010000004,0.5886569698724562
3.42976759,0.5949392386368376
3.429781991,0.6012215177193652
3.432734329,0.607503806799935
3.4327933760000002,0.6137861055715479
3.4380064740000003,0.6329700087890098
3.4427933760000005,0.6521539701923859
3.4527933760000002,0.6911855326156083
3.4627933760000005,0.7308649040849476
3.4727933760000003,0.77115318957726
3.4827933760000005,0.8119889455438463
3.488762603,0.8145708959383331
3.491552609,0.8171528566601384
3.491569454,0.8197348276116766
3.4915914470000002,0.8223168086965877
3.491605233,0.8248987998197175
3.491634335,0.827480800887099
3.4916465260000003,0.8300628118059343
3.4916598480000003,0.8326448324845761
3.491671879,0.8352268628325098
3.4916886920000003,0.8378089027603366
3.491733933,0.8403909521797558
3.491751303,0.8429730110035485
3.49176738,0.8455550791455609
3.491803446,0.8481371565206876
3.491820762,0.8507192430448564
3.4927933760000003,0.8533013386350123
3.494602485,0.8637299144697498
3.4986127440000003,0.874158688120797
3.4986564710000003,0.8845876525917367
3.5027933760000005,0.895016801212122
3.5127933760000003,0.9370616098529116
3.5227933760000005,0.9793723781182156
3.5327933760000003,1.0219115061901154
3.533264242,1.0290382377652465
3.533283883,1.0361650867985543
3.533302896,1.043292050882928
3.5333312290000003,1.050419127676545
3.5333445400000003,1.0575463149006759
3.5427933760000005,1.0646736103375736
3.545320911,1.0708164769892412
3.54533175,1.0769594320153792
3.545375838,1.0831024739123063
3.545388238,1.089245601210241
3.545427112,1.095388812472353
3.545461844,1.1015321062938452
3.5527933760000003,1.107675481301067
3.5627933760000006,1.150940704231438
3.5727933760000004,1.1944976500694822
3.582793376,1.2383929768713104
3.5927933760000004,1.2827046333489238
3.597736788,1.2916719701272739
3.597752899,1.3006394804957813
3.597997291,1.3096071608884796
3.5981142430000004,1.3185750078363454
3.602793376,1.3275430179640277
3.6127933760000004,1.3730442917383057
3.6188542480000003,1.375768464046338
3.618898598,1.378492649828112
3.618917605,1.3812168490039054
3.6189383420000003,1.3839410614946217
3.618951074,1.3866652872217866
3.618966999,1.3893895261075406
3.618991228,1.392113778074633
3.619005548,1.3948380430464167
3.619031964,1.3975623209468417
3.619066468,1.400286611700449
3.6191774310000002,1.4030109152323664
3.619212514,1.405735231468301
3.619268437,1.4084595603345338
3.619278022,1.4111839017579162
3.619292074,1.4139082556658618
3.6193538640000003,1.4166326219863428
3.622793376,1.4193570006478842
3.632788648,1.4429861289241754
3.6327933760000004,1.4666161357389567
3.632793905,1.4710063833085933
3.632799688,1.4753966610385514
3.632805232,1.4797869686603888
3.632809276,1.484177305908839
3.632817394,1.488567672521762
3.632823406,1.4929580682400998
3.641681886,1.497348492807832
3.6416895030000003,1.501738945971929
3.6416929970000003,1.5061294274823105
3.641700073,1.5105199370918034
3.642793376,1.5149104745560968
3.649600501,1.5313572864784797
3.649604962,1.5478045170648325
3.6527933760000004,1.5642521531091063
3.6612895510000003,1.5743109800759545
3.661297535,1.5843699705792316
3.661302135,1.594429121523765
3.661321746,1.6044884298919508
3.662793376,1.614547892741345
3.6727933760000004,1.6655901878754558
3.678605605,1.672949603695302
3.678614666,1.6803091030059374
3.678626843,1.6876686847151148
3.678639906,1.6950283477495447
3.6786480260000003,1.7023880910544853
3.678656105,1.7097479135933447
3.6827933760000002,1.717107814347292
3.687069282,1.742985363531672
3.6927933760000005,1.7688637925013406
3.693294401,1.7818293980015871
3.693303712,1.7947951862655465
3.6933090660000003,1.807761153360715
3.7027933760000002,1.8207272954665548
3.7127933760000005,1.8726827885077038
3.7227933760000003,1.9247999759073586
3.7327933760000005,1.9771909255451536
3.7427933760000003,2.0299517904472566
3.7474178890000003,2.03349345260732
3.747431943,2.0370351160658156
3.747444069,2.040576780815983
3.747452995,2.0441184468511087
3.747460895,2.047660114164524
3.747523026,2.0512017827496076
3.747535429,2.054743452599785
3.7475452000000002,2.0582851237085253
3.747556782,2.061826796069342
3.747564563,2.065368469675794
3.7476227460000002,2.068910144521485
3.747635155,2.0724518206000617
3.747654895,2.075993497905214
3.747689726,2.079535176430674
3.7527933760000005,2.083076856170219
3.7627933760000003,2.1364031070801377
3.7727933760000005,2.1896649867781424
3.7827933760000003,2.242614969480446
3.7927933760000005,2.2951093936646774
3.8009205550000003,2.3037801486357004
3.8009239640000003,2.3124509728333535
3.800930042,2.321121865481823
3.800933758,2.3297928258168397
3.80093832,2.3384638530854645
3.8027933760000003,2.3471349465458777
3.8127933760000006,2.3987963903712854
3.8178763360000003,2.4012478411701697
3.817881839,2.403699299131017
3.8178867110000003,2.4061507642319366
3.817892638,2.408602236451128
3.817896424,2.4110537157668785
3.817918568,2.4135052021575625
3.8179226230000003,2.415956695601644
3.817925029,2.4184081960776718
3.817927599,2.4208597035642847
3.818019821,2.423311218040206
3.818026813,2.4257627394842443
3.818036542,2.4282142678752954
3.818045832,2.430665803192339
3.818050488,2.4331173454144395
3.8180559130000002,2.435568894520747
3.8222415450000002,2.438020450490493
3.822247311,2.440472013302995
3.8222515610000003,2.442923582937651
3.822348941,2.445375159373943
3.8224838780000003,2.4478267425914346
3.8227933760000004,2.450278332569772
3.828455169,2.476036696693819
3.832793376,2.5017958330085843
3.833598264,2.512146834713504
3.833602774,2.5224979562081207
3.841199358,2.532849196023782
3.8412204450000003,2.5432005527157298
3.8427933760000004,2.553552024862617
3.844572174,2.5665924187986806
3.849361409,2.579632982764333
3.849377836,2.5926737141939435
3.852793376,2.6057146105732074
3.8533735350000002,2.618889758614135
3.8613200940000003,2.6320650578957725
3.8613357550000003,2.645240506158242
3.8627933760000004,2.6584161011864387
3.8660437400000003,2.676197727611019
3.8661185170000003,2.693979595549062
3.872793376,2.7117617002495287
3.872876525,2.7252771958552304
3.872903348,2.7387928241179513
3.8776947010000002,2.752308583083395
3.8827933760000004,2.7658244708354456
3.887129654,2.774959422213618
3.887173147,2.7840944376957233
3.891834361,2.793229516652824
3.891854156,2.802364658464176
3.891865873,2.8114998625171013
3.892793376,2.820635128206854
3.896786193,2.8484087627890693
3.9027933760000004,2.8761830581515295
3.912793376,2.932432535840349
3.9227933760000004,2.9893483536123266
3.9327933760000002,3.0469097260562394
3.9427933760000005,3.1050809790331324
3.9527933760000002,3.1637269554724434
3.9577985360000003,3.167646940628453
3.95781244,3.171566945508508
3.957856637,3.1754869700395627
3.957881521,3.1794070141489312
3.9579029290000003,3.1833270777642872
3.957918954,3.1872471608136568
3.9579318800000003,3.1911672632254207
3.957948944,3.195087384928312
3.95830413,3.1990075258514103
3.958319667,3.2029276859241445
3.958345952,3.206847865076286
3.958360159,3.2107680632379503
3.9584008280000003,3.2146882803395935
3.9586305530000003,3.2186085163120097
3.9627933760000005,3.2225287710863295
3.9727933760000003,3.28103616071192
3.9827933760000005,3.338873388150455
3.9927933760000003,3.3958926485714813
4.002793376,3.4521652545895165
4.012793376,3.5079159235363635
4.022793376,3.56347111738942
4.032793376,3.6192043768388977
4.042793376,3.675476282421171
4.052793376,3.7325941279721744
4.062793376,3.790806402626167
4.072793376,3.850319896941539
4.082793376,3.9113152917695984
4.0927933759999995,3.9738974136320246
4.095717265,3.9753523979171512
4.09572108,3.9768073825483197
4.095725032,3.978262367525149
4.09572969,3.9797173528472616
4.095733157,3.981172338514277
4.095738323,3.9826273245258186
4.095741347,3.984082310881508
4.095745783,3.985537297580969
4.095749628,3.986992284623825
4.095753547,3.9884472720097004
4.095758989,3.98990225973822
4.095762431,3.9913572478090087
4.095772494,3.992812236221692
4.095776556,3.994267224975897
4.095780247,3.9957222140712503
4.0957836940000005,3.997177203507379
4.095790075,3.998632193283912
4.095794961,4.000087183400478
4.09580138,4.001542173856705
4.0958069980000005,4.002997164652222
4.095811189,4.0044521557866615
4.095816529,4.005907147259654
4.095821156,4.007362139070827
4.09582547,4.008817131219816
4.095830901,4.010272123706254
4.095835165,4.011727116529769
4.0958390080000004,4.01318210969
4.095843837,4.014637103186577
4.0958483910000005,4.016092097019136
4.095852124,4.0175470911873115
4.095862407,4.019002085690739
4.0967022570000005,4.020457080529057
4.096706754,4.021912075701898
4.096711313,4.0233670712089005
4.09671841,4.024822067049703
4.096722463,4.026277063223943
4.096726053,4.027732059731261
4.096730364,4.029187056571292
4.096737802,4.030642053743679
4.096742334,4.032097051248061
4.0967485560000005,4.033552049084079
4.096753318,4.0350070472513755
4.0967610510000005,4.03646204574959
4.102793376,4.037917044578366
4.1050653850000005,4.0509005466117936
4.105072285,4.063884070189278
4.105079257,4.076867615104987
4.108532171,4.0898511811557015
4.112793376,4.102834768140772
4.122793376,4.167890490644181
4.1327933759999995,4.232452083420782
4.142793376,4.296211544703003
4.152793376,4.359165297259517
4.162793376,4.421493049933426
4.1727933759999996,4.483426720859063
4.182793376,4.545165424451527
4.192793376,4.606848106841063
4.202793376,4.66856970419449
4.212793376,4.730426312788249
4.222793376,4.7925611241729245
4.232793376,4.855169061376016
4.242793376,4.918441654830931
4.244776642,4.920127311138362
4.244798267,4.921812967532902
4.244805387,4.923498624014462
4.2448112280000005,4.925184280582951
4.244817139,4.9268699372382825
4.244823237,4.928555593980365
4.244827075,4.930241250809111
4.244833081,4.931926907724431
4.244837741,4.933612564726236
4.244842564,4.935298221814438
4.244849695,4.936983878988948
4.244859739,4.938669536249678
4.2448649650000005,4.940355193596541
4.244870236,4.942040851029446
4.244874004,4.943726508548306
4.244878126000001,4.945412166153035
4.2448825260000005,4.947097823843543
4.2448888380000005,4.948783481619744
4.24489316,4.950469139481548
4.2448986490000005,4.952154797428871
4.2449057560000005,4.953840455461623
4.24491299,4.955526113579717
4.244919183,4.957211771783068
4.244924186,4.958897430071588
4.244929279,4.960583088445188
4.244935099,4.962268746903785
4.2449388390000005,4.96395440544729
4.244944005,4.965640064075617
4.244946977000001,4.96732572278868
4.244951594,4.969011381586392
4.24496415,4.970697040468668
4.244970041,4.972382699435421
4.244975032,4.974068358486566
4.244979275,4.975754017622017
4.244985286,4.977439676841687
4.244988957,4.979125336145493
4.245000079,4.980810995533347
4.252793376,4.982496655005166
4.262793376,5.047348084912887
4.272793376,5.112912764616677
4.282793376,5.179034840353984
4.292793376,5.245525857939136
4.295425103,5.2550519134104
4.295429929,5.264577970630004
4.295436167,5.2741040295884725
4.29544224,5.283630090276403
4.295460365,5.293156152684456
4.295465279,5.302682216803362
4.302793376,5.312208282623917
4.312793376,5.37895329250042
4.322793376,5.445711511174194
4.332793376,5.512517037108774
4.342793376,5.5794369382454025
4.352793376,5.646486273153241
4.362793376,5.713574825410869
4.372793376,5.780544594131086
4.3827933759999995,5.847291689357621
4.392793376,5.913867204907046
4.402793376,5.980470026564985
4.412793376,6.047370198217708
4.4227933759999996,6.114833399472787
4.432793376,6.183062931424681
4.442793376,6.252169135858167
4.452793376,6.322178816484484
4.462793376,6.393052110489418
4.472793376,6.464688631792594
4.482793376,6.5369481899744155
4.492793376,6.609678810140258
4.502793376,6.682697742892468
4.512793376,6.755681613295565
4.522793376,6.828076974253561
4.529598743,6.8290515695387555
4.529603436,6.830026164988331
4.529609364,6.831000760602215
4.529616247,6.83197535638034
4.529621964,6.832949952322634
4.529630487,6.833924548429028
4.52963503,6.834899144699448
4.529641536000001,6.835873741133829
4.529648541,6.836848337732098
4.5296666000000005,6.837822934494184
4.529675544,6.8387975314200204
4.529689355,6.8397721285095345
4.529695468,6.840746725762658
4.529731878,6.841721323179319
4.5297517030000005,6.842695920759449
4.529755963,6.843670518502977
4.529763432,6.844645116409835
4.529768549,6.845619714479953
4.529774109,6.8465943127132585
4.529777913,6.847568911109685
4.529786114,6.848543509669161
4.529792997,6.84951810839162
4.529797514,6.850492707276988
4.529803038,6.8514673063251985
4.529807113,6.85244190553618
4.529814256,6.853416504909864
4.529818618,6.854391104446184
4.529823863,6.855365704145065
4.529827994000001,6.856340304006443
4.529832541,6.857314904030243
4.529837148,6.858289504216401
4.5298410680000005,6.859264104564846
4.529847568,6.860238705075507
4.529858108,6.8612133057483184
4.529867653,6.862187906583208
4.529872182,6.8631625075801095
4.529877334,6.864137108738951
4.529881607,6.865111710059666
4.529886692,6.866086311542183
4.529895988,6.867060913186436
4.5299018030000004,6.868035514992354
4.529906671,6.86901011695987
4.529912106,6.869984719088913
4.529917641,6.870959321379416
4.529922574,6.8719339238313095
4.529926796,6.872908526444525
4.529931136,6.873883129218995
4.529935844,6.874857732154648
4.529940316,6.875832335251418
4.529945486,6.876806938509236
4.529950617,6.877781541928033
4.529956846,6.878756145507742
4.52996366,6.879730749248292
4.529970152,6.880705353149618
4.529980216,6.881679957211649
4.529985116,6.882654561434317
4.529990076,6.883629165817555
4.52999559,6.884603770361294
4.530000193,6.885578375065466
4.53000853,6.886552979930004
4.53001416,6.887527584954838
4.5300204200000005,6.888502190139901
4.530024712,6.889476795485125
4.53002834,6.8904514009904405
4.530031896,6.891426006655783
4.530035998,6.892400612481081
4.5300405580000005,6.893375218466269
4.530047863,6.894349824611278
4.530053971,6.895324430916041
4.530072077,6.896299037380491
4.5300876720000005,6.897273644004557
4.530105331000001,6.898248250788174
4.532793376,6.899222857731274
4.542793376,6.968594664103074
4.543443625,6.972800446050032
4.543448866,6.97700623013928
4.543455968,6.981212016366949
4.543462058,6.985417804729174
4.543466279,6.989623595222101
4.54347634,6.993829387841888
4.543481021,6.9980351825847
4.543485861,7.002240979446711
4.5434918810000005,7.006446778424105
4.543495802,7.010652579513073
4.5435069640000005,7.014858382709821
4.543511615,7.019064188010557
4.543516791,7.023269995411502
4.548711432,7.027475804908884
4.5521956480000005,7.031681616498943
4.552793376,7.035887430177926
4.562793376,7.100911830153777
4.572793376,7.163527819507537
4.582793376,7.223716245783072
4.592793376,7.281667142216069
4.602793376,7.337792985280647
4.612793376,7.3926753016713285
4.622793376,7.446959264745488
4.6327933759999995,7.501221497898245
4.642793376,7.555844756919778
4.644928086,7.557813403559519
4.644932959,7.55978205072863
4.644939203,7.561750698426697
4.644944553,7.563719346653309
4.644949232,7.565687995408051
4.6449597570000005,7.567656644690513
4.644966051,7.56962529450028
4.644971905,7.571593944836946
4.644976389,7.573562595700095
4.6449799800000005,7.5755312470893195
4.6449827290000005,7.5774998990042075
4.6450118840000005,7.579468551444351
4.6450175,7.58143720440934
4.64502788,7.583405857898766
4.645030911,7.585374511912221
4.645035312,7.587343166449298
4.645043354,7.589311821509586
4.645048549,7.591280477092681
4.645053407,7.593249133198175
4.64505828,7.595217789825664
4.6450635590000005,7.59718644697474
4.645076138,7.599155104644997
4.645080754,7.601123762836033
4.645086202,7.603092421547441
4.645092247,7.6050610807788175
4.645095496000001,7.607029740529758
4.645099083,7.608998400799862
4.652793376,7.610967061588724
4.662214878,7.629499875881472
4.662247385,7.648032752151742
4.662793376,7.666565689950065
4.666738626,7.672789898191343
4.66674878,7.6790141155248985
4.666756108,7.685238341928639
4.666790166,7.6914625773805465
4.666798937,7.697686821858671
4.666859628,7.703911075341135
4.671853583,7.710135337806132
4.671870936,7.716359609231924
4.6727933759999996,7.722583889596846
4.679694976,7.741380392169991
4.67974665,7.760176999247511
4.682793376,7.778973710071857
4.692793376,7.835686451072761
4.694303057,7.847087377625824
4.694320665,7.8584883648259
4.694350265,7.869889412409412
4.694368157,7.881290520114311
4.702793376,7.892691687680057
4.70659266,7.902245034049571
4.706620431,7.91179843386579
4.706641859,7.921351886935339
4.7067102290000005,7.930905393065775
4.7123053530000005,7.940458952065576
4.712793376,7.950012563744144
4.722793376,8.007705512611757
4.732793376,8.065807714108516
4.742793376,8.124356177378308
4.752793376,8.18343719779215
4.762793376,8.243155430717314
4.772793376,8.303582553857819
4.782793376,8.364775528250135
4.792793376,8.426795385897826
4.802793376,8.489679170100999
4.812793376,8.55342039531588
4.822793376,8.617986945668434
4.832793376,8.683360313530494
4.842793376,8.749515492297597
4.852793376,8.816290210563325
4.854664264,8.817745968840983
4.854667289,8.819201727277495
4.854671522,8.820657485872784
4.854675086,8.822113244626772
4.854678322,8.82356900353938
4.854697956,8.825024762610527
4.854703609,8.826480521840137
4.8547083440000005,8.827936281228132
4.854713163,8.829392040774433
4.854717208,8.830847800478962
4.854721282,8.832303560341641
4.854724463,8.833759320362391
4.854727458,8.835215080541133
4.854732172,8.83667084087779
4.85473859,8.838126601372286
4.854744974,8.839582362024538
4.854750011,8.841038122834474
4.854754582,8.842493883802009
4.8547631430000004,8.843949644927072
4.854768061000001,8.845405406209583
4.854771994,8.846861167649463
4.854776441,8.848316929246636
4.854789233,8.849772691001023
4.854806813000001,8.851228452912547
4.85481126,8.852684214981132
4.854814923,8.854139977206696
4.854820478,8.855595739589166
4.854830469,8.857051502128463
4.854834250000001,8.85850726482451
4.8548393,8.85996302767723
4.8548578110000005,8.861418790686544
4.854861244,8.862874553852379
4.854869444,8.864330317174653
4.854874542,8.865786080653292
4.854879423,8.867241844288218
4.854883319,8.868697608079353
4.854888305,8.870153372026623
4.854893567,8.871609136129948
4.854903731,8.873064900389254
4.85490902,8.87452066480446
4.85491857,8.875976429375493
4.854922138,8.877432194102276
4.859302158,8.878887958984732
4.85930589,8.880343724022783
4.859323044,8.881799489216355
4.862793376,8.883255254565372
4.871225677,8.896551630255969
4.871231553,8.909848041458938
4.871237451,8.923144488015524
4.871242422,8.936440969767924
4.872793376,8.949737486559266
4.87479025,8.971492311614902
4.8793577070000005,8.993247319887438
4.8827933759999995,9.015002510050458
4.892793376,9.078466653392546
4.898501058,9.109146517966721
4.902793376,9.139827271011953
4.903300048,9.145750828167916
4.903305743,9.151674431328711
4.903312677,9.157598080405066
4.903317478,9.163521775307935
4.903323018,9.169445515948503
4.90332788,9.175369302238183
4.910881365,9.181293134088614
4.910887722,9.18721701141167
4.910891596,9.193140934119441
4.912793376,9.19906490212425
4.915101699,9.227702682182187
4.9227933759999996,9.256341839959505
4.932793376,9.311882566054237
4.942793376,9.365851065262571
4.952793376,9.418274094137605
4.962793376,9.469125774351113
4.972793376,9.518503668418061
4.982793376,9.566731982667358
4.992793376,9.614337533980885
5.002793376,9.661924104082935
5.012793376,9.710030161631252
5.022793376,9.759065479963697
5.032793376,9.809345680597223
5.042793376,9.861136247404096
5.052793376,9.914568818058488
5.060609355,9.915817202579632
5.060612291,9.917065588039394
5.060621971,9.918313974437417
5.06062492,9.919562361773345
5.06062888,9.920810750046824
5.06063317,9.922059139257502
5.060636689,9.923307529405024
5.060641751,9.92455592048904
5.060647374,9.92580431250919
5.060664399,9.927052705465124
5.060669231,9.928301099356494
5.060675393,9.929549494182938
5.060680489,9.93079788994411
5.060685946,9.932046286639654
5.060690345,9.933294684269223
5.060694984,9.934543082832455
5.060699442,9.935791482329009
5.060704394,9.937039882758528
5.060710832,9.93828828412066
5.060716008,9.939536686415051
5.060721572,9.940785089641357
5.060724803,9.942033493799224
5.060727922,9.943281898888298
5.060734647,9.944530304908232
5.060740155,9.945778711858672
5.060744592,9.947027119739271
5.060752518,9.94827552854968
5.060757351,9.949523938289541
5.060762841,9.950772348958512
5.0607661870000005,9.952020760556243
5.060769212,9.953269173082381
5.060774598,9.954517586536577
5.0607800780000005,9.955766000918485
5.0607838560000005,9.957014416227752
5.0607939680000005,9.958262832464033
5.060797459,9.959511249626976
5.060800883,9.960759667716237
5.060804394,9.962008086731464
5.060811243,9.96325650667231
5.060815078,9.964504927538428
5.060824724,9.965753349329468
5.060829626,9.967001772045084
5.060848106,9.96825019568493
5.062793376,9.969498620248654
5.0650322270000006,9.98071349641866
5.0650422740000005,9.991928432818996
5.067933879,10.003143429247078
5.070992675,10.014358485501235
5.072793376,10.025573601380694
5.0740375040000005,10.039808921407653
5.077169159,10.054044324306265
5.080314072,10.068279809725013
5.082793376,10.082515377314365
5.084626269,10.096966152378954
5.0873726580000005,10.111417006134403
5.090450528,10.125867938243807
5.092793376,10.140318948372185
5.09308451,10.159956919605074
5.09670035,10.179595032626114
5.102793376,10.199233286616293
5.103861237,10.214313270542979
5.10855788,10.229393338733157
5.112717353,10.244473490814714
5.112793376,10.259553726417725
5.1188952400000005,10.274988712541775
5.118907543,10.290423788256883
5.118954691,10.305858953160504
5.122793376,10.321294206852507
5.126004625,10.352633937800094
5.1327933759999995,10.38397404318615
5.142793376,10.44670368531783
5.152793376,10.508476899732111
5.162793376,10.5685227836873
5.1727933759999996,10.626486167803957
5.182793376,10.682210055200068
5.192793376,10.735391825528797
5.202793376,10.785567131249595
5.212793376,10.8322786120794
5.222793376,10.875103386232347
5.232793376,10.913729511148304
5.242793376,10.948219054876057
5.252793376,10.979147770254178
5.262793376,11.007441039468336
5.272793376,11.034068523501123
5.275394897,11.034605611321656
5.275399309,11.035142699259548
5.2754039,11.03567978731479
5.275410109,11.036216875487359
5.275425695,11.036753963777242
5.2754474060000005,11.037291052184418
5.275453423,11.03782814070887
5.275458708,11.038365229350585
5.275462034,11.038902318109542
5.275472824,11.039439406985727
5.275478486,11.03997649597912
5.275483529,11.040513585089704
5.275489327,11.041050674317464
5.275495605000001,11.041587763662381
5.275509974,11.04212485312444
5.2755152160000005,11.042661942703623
5.2755340010000005,11.04319903239991
5.275548271,11.043736122213287
5.275551442,11.044273212143736
5.275581432,11.044810302191243
5.2756040010000005,11.045347392355787
5.2756082730000005,11.045884482637351
5.275613656,11.04642157303592
5.27561752,11.046958663551477
5.275637487,11.047495754184
5.275645296,11.04803284493348
5.275651269,11.048569935799893
5.2756556880000005,11.049107026783227
5.275659878,11.049644117883462
5.275676186,11.05018120910058
5.275681565,11.05071830043457
5.275685962,11.051255391885405
5.275696396,11.051792483453077
5.2757009560000006,11.052329575137565
5.275712186,11.05286666693885
5.2757467380000005,11.053403758856922
5.2757527070000005,11.053940850891756
5.27575876,11.054477943043338
5.2757802830000005,11.055015035311655
5.275790686,11.055552127696682
5.275799871,11.05608922019841
5.275815177,11.056626312816816
5.2758190670000005,11.057163405551886
5.275847576,11.057700498403603
5.281315426,11.058237591371949
5.281320265,11.058774684456909
5.281323704,11.05931177765846
5.282793376,11.059848870976593
5.292793376,11.085474540743814
5.297799237,11.088744575262236
5.297803486,11.092014616378073
5.297821441,11.095284664085485
5.297827009,11.098554718378647
5.297838735,11.101824779251741
5.297850307,11.105094846698954
5.301597183,11.108364920714479
5.302793376,11.111635001292518
5.306580161,11.120778346216355
5.309073977,11.129921748925282
5.312793376,11.139065209277007
5.3160729,11.144942300853172
5.316112053,11.150819417458292
5.322725807,11.156696559052811
5.322731493,11.162573725597259
5.322793376,11.168450917052246
5.327201787,11.179044127045637
5.3272064320000005,11.18963741789537
5.332793376,11.200230789372013
5.342793376,11.234416467059008
5.352793376,11.270597678152123
5.362793376,11.308199495031557
5.372793376,11.346823505965434
5.3827933759999995,11.386487647170542
5.392793376,11.427665529209886
5.402793376,11.470950671995205
5.412793376,11.51644060252255
5.4227933759999996,11.563453676403897
5.432793376,11.610882483762454
5.442793376,11.65769783327983
5.452793376,11.703150873113314
5.461908857,11.70465312220446
5.461912157,11.706155371391619
5.4619198010000005,11.70765762067475
5.461924721,11.709159870053815
5.461928029,11.710662119528783
5.461943818,11.712164369099614
5.461960438,11.713666618766272
5.461966544,11.715168868528718
5.4619705220000005,11.716671118386916
5.461976956,11.71817336834083
5.4619824480000005,11.71967561839042
5.461986413,11.721177868535657
5.461994005,11.722680118776495
5.461999696,11.724182369112903
5.462005121,11.725684619544843
5.462015787,11.727186870072279
5.462019831,11.728689120695172
5.46202419,11.730191371413484
5.462028436,11.731693622227183
5.462032733,11.733195873136232
5.46204089,11.734698124140593
5.462052656,11.736200375240225
5.4620584910000005,11.7377026264351
5.462063711,11.739204877725175
5.4620669490000004,11.740707129110415
5.462070462,11.742209380590783
5.462074836,11.743711632166246
5.462078211000001,11.745213883836762
5.462793376,11.7467161356023
5.472793376,11.787956681488879
5.482793376,11.826469519331397
5.486201398,11.82816015494831
5.486208288,11.829850791492877
5.486213362,11.831541428964696
5.486221851,11.833232067363374
5.486230334,11.834922706688511
5.486236987,11.836613346939712
5.486252263,11.838303988116579
5.48625737,11.839994630218712
5.4862623280000005,11.841685273245721
5.486267054,11.843375917197207
5.4905024970000005,11.845066562072775
5.490506161,11.84675720787203
5.4905293010000005,11.848447854594571
5.490534452,11.850138502240009
5.490539793,11.851829150807948
5.4905516510000005,11.853519800297992
5.490555474,11.855210450709746
5.490562402,11.856901102042817
5.490566504,11.858591754296812
5.490569918,11.860282407471335
5.492793376,11.861973061565994
5.494296461,11.868465112776265
5.494307573,11.87495718903114
5.49736099,11.881449290289563
5.501905721,11.88794141651057
5.502793376,11.894433567653286
5.512793376,11.924124325866456
5.522793376,11.951581743902633
5.532793376,11.977471761533279
5.542793376,12.002477840550284
5.552793376,12.027288635819074
5.562793376,12.052576478507786
5.572793376,12.078870497119157
5.582793376,12.10641821780237
5.592793376,12.135170753615073
5.602793376,12.164902995733145
5.612711,12.180127688419649
5.612793376,12.195352713730248
5.622793376,12.22621500886855
5.6327933759999995,12.256969534276935
5.642793376,12.286836525566661
5.652793376,12.315072658456714
5.662793376,12.34127319612076
5.6727933759999996,12.365329187882498
5.674896726,12.365775802796275
5.674900283,12.366222418314539
5.674910136,12.36666903443722
5.674915177,12.367115651164253
5.67494555,12.367562268495577
5.674948865,12.368008886431122
5.674952642,12.368455504970825
5.674956653,12.36890212411462
5.674963619000001,12.36934874386244
5.674966487,12.369795364214221
5.674973564,12.3702419851699
5.674980392,12.370688606729408
5.674983587,12.371135228892681
5.674989244,12.371581851659652
5.674993389,12.372028475030255
5.674998128,12.372475099004431
5.675003058000001,12.372921723582106
5.675006306,12.37336834876322
5.675011815,12.373814974547708
5.6750195660000005,12.374261600935501
5.675024087,12.374708227926536
5.67502756,12.37515485552075
5.67503315,12.375601483718075
5.6750375570000005,12.376048112518443
5.675047601,12.376494741921794
5.675053991,12.37694137192806
5.675058247,12.377388002537174
5.67506335,12.377834633749076
5.675074446,12.378281265563695
5.675080691,12.378727897980967
5.67508566,12.379174531000833
5.675091454,12.379621164623218
5.675095007,12.380067798848065
5.675098341,12.380514433675305
5.675100725,12.380961069104872
5.675126421,12.381407705136702
5.675133849,12.381854341770731
5.675137426,12.382300979006892
5.675144632,12.382747616845123
5.675148555,12.383194255285353
5.67515248,12.383640894327522
5.675173195,12.384087533971563
5.6751792000000005,12.384534174217409
5.675183889,12.384980815065
5.675187758,12.385427456514268
5.675193808,12.385874098565145
5.675198177,12.38632074121757
5.675213084,12.386767384471478
5.682793376,12.387214028326799
5.692476274,12.389402975215166
5.692479932,12.3915919468473
5.6924844530000005,12.393780943210087
5.692489299,12.395969964290426
5.6924939310000005,12.398159010075227
5.692498445,12.400348080551401
5.692512451,12.40253717570588
5.692533616,12.4047262955256
5.692793376,12.406915439997498
5.702793376,12.424511332334735
5.712793376,12.440200205219647
5.722793376,12.45423723469003
5.732793376,12.466848898120405
5.742793376,12.478139132956569
5.752793376,12.488043831220914
5.762793376,12.496445137416988
5.772793376,12.503378771477179
5.782793376,12.509162300567018
5.792793376,12.51435995601727
5.800862982,12.516989794120395
5.802793376,12.519620559676229
5.812793376,12.525494300186441
5.822793376,12.532275955858488
5.829432755,12.53247776518523
5.829452387,12.532679574999012
5.829464382,12.532881385299808
5.829477787,12.533083196087599
5.829528676,12.533285007362355
5.829545139,12.533486819124056
5.829584376000001,12.533688631372678
5.829608972,12.533890444108197
5.82967099,12.534092257330594
5.829764148,12.534294071039838
5.829778554,12.53449588523591
5.829816057,12.534697699918786
5.8298416390000005,12.53489951508844
5.829886785,12.535101330744853
5.829908985,12.535303146887996
5.829924522,12.535504963517852
5.829975424,12.535706780634394
5.829996206,12.535908598237596
5.830015853,12.536110416327439
5.8302710730000005,12.536312234903898
5.830307519000001,12.536514053966947
5.83037994,12.536715873516563
5.830398666,12.536917693552725
5.830425939,12.53711951407541
5.830454694,12.537321335084593
5.8304885330000005,12.537523156580251
5.830508139,12.537724978562359
5.830525069,12.537926801030896
5.8305636750000005,12.538128623985836
5.830581799,12.538330447427157
5.830599199,12.538532271354834
5.830680871,12.538734095768843
5.830704343,12.538935920669164
5.830735403,12.539137746055772
5.830751205,12.539339571928645
5.830765665,12.539541398287755
5.830821401000001,12.539743225133082
5.832793376,12.539945052464601
5.841900107,12.541141562137376
5.841906124,12.542338074578188
5.841909789,12.543534589786244
5.841915716,12.544731107760752
5.841920348,12.545927628500923
5.841936045,12.547124152005962
5.842793376,12.548320678275081
5.846680497,12.55131551953918
5.846685757,12.554310370270269
5.852793376,12.55730523046157
5.862793376,12.566986219744447
5.864711494,12.568166990414767
5.8647162580000005,12.569347787672715
5.864875652,12.570528611510799
5.871962714,12.57170946192153
5.871971354,12.57289033889742
5.8719754360000005,12.574071242430982
5.871985905,12.575252172514736
5.872001034,12.576433129141204
5.872793376,12.577614112302907
5.8827933759999995,12.589487174161947
5.890878407,12.591690260714731
5.890893821,12.593893557479456
5.89090175,12.596097064345813
5.891014882,12.598300781203557
5.891071051,12.60050470794251
5.892793376,12.602708844452565
5.902793376,12.617039327050428
5.907522983,12.62203475441106
5.907575639,12.627031918600224
5.912793376,12.632030817556684
5.914327654,12.633718427666647
5.914350402,12.635406284965399
5.914377387,12.63709438935389
5.914551566,12.63878274073312
5.914698384,12.640471339004112
5.922494934,12.642160184067937
5.92253189,12.643849275825701
5.922566372,12.645538614178554
5.9227933759999996,12.647228199027676
5.925914005,12.654716606211041
5.932793376,12.662211031134289
5.9330220360000006,12.669372620866314
5.942793376,12.676541064141912
5.952793376,12.689763714246789
5.962793376,12.701529224164076
5.972793376,12.711720520324267
5.982793376,12.720436941401037
5.987188973,12.72229476588654
5.987206009,12.724154191290816
5.9877218370000005,12.726015216912133
5.992793376,12.727877842048551
