time_s,x_m,y_m,z_m
2.5027933760000005,-4.975511192842748,19.977597784914014,1.5321549467464333
2.5127933760000003,-4.975507181592048,19.977576910075282,1.532146168959991
2.5227933760000005,-4.975503170341348,19.97755603523655,1.5321373911735485
2.532013021,-4.975499159090648,19.977535160397817,1.5321286133871062
2.532017009,-4.975462077375573,19.977537236674337,1.5321061441930082
2.5320215260000003,-4.975407907554509,19.977621256526213,1.532088493538939
2.532030214,-4.975383776169561,19.97771786638953,1.5320872858446806
2.5320356520000002,-4.975392829816033,19.977646581969093,1.532024433246076
2.532062057,-4.975419576960653,19.977501934380385,1.5319561349208146
2.532067688,-4.97545460327975,19.97731268521022,1.5318950822514246
2.5320724180000003,-4.975468336986237,19.977236961259177,1.5318506040841429
2.5320769690000002,-4.97542654102929,19.977293130113026,1.531830031994221
2.532086554,-4.975380048000662,19.97739162892021,1.5318264435525135
2.532101897,-4.975341313171996,19.97742370390778,1.531794008277713
2.5321084050000002,-4.975344336618671,19.977378871241516,1.5317619390948114
2.5321217220000003,-4.975361448778448,19.97719910778042,1.5317098281614816
2.5321269190000004,-4.975390031433996,19.977033498544152,1.531656664878328
2.5327933760000003,-4.9754022924493295,19.977008732511003,1.5316359656499752
2.535479868,-4.975414553464663,19.976983966477857,1.5316152664216225
2.535493277,-4.9754161833126345,19.97708085690172,1.531599518737747
2.538859275,-4.975384514298429,19.97715295518065,1.5315793916802662
2.5427933760000005,-4.975379110858441,19.977157637748988,1.531569459377962
2.5527933760000003,-4.975373707418453,19.977162320317323,1.5315595270756577
2.562793376,-4.975368303978465,19.977167002885658,1.5315495947733535
2.5727933760000004,-4.975362900538478,19.977171685453996,1.5315396624710493
2.582793376,-4.97535749709849,19.977176368022334,1.531529730168745
2.590192551,-4.975352093658502,19.97718105059067,1.5315197978664408
2.5902254960000004,-4.975365695975568,19.977081896662558,1.531511748838618
2.5902347750000003,-4.975385452820842,19.97690933227905,1.5314429118861548
2.590240241,-4.975379417479152,19.97680285272658,1.5313738084428423
2.5902470490000002,-4.975390405211786,19.97686466901065,1.5313324901187697
2.5902565820000003,-4.975340849716096,19.97690880222771,1.5313161599356135
2.5902657380000003,-4.975335157001217,19.976975224095096,1.531312144479568
2.590284881,-4.975342173124718,19.97690006681093,1.5312553313529509
2.59032798,-4.975415275371851,19.976764150983996,1.531219449903132
2.590334876,-4.975432510971005,19.976589700804706,1.5311720943007447
2.590346801,-4.975423353108292,19.976537047605625,1.5310939428546753
2.590353833,-4.975415761816338,19.976594905853105,1.5310785022396909
2.59035985,-4.9753588445145205,19.97668890724201,1.5310554140195645
2.590366096,-4.975362382823511,19.976740572559397,1.5310183261150692
2.5903759930000003,-4.975390017545041,19.976666028136687,1.5309987595344825
2.59040885,-4.97542090394135,19.976489875274417,1.5308637448575624
2.5927933760000004,-4.9754488588598385,19.97641453896894,1.5308596348524532
2.59595366,-4.975476813778327,19.976339202663464,1.530855524847344
2.602793376,-4.975478032486918,19.976322450227325,1.5308359277857482
2.6127933760000004,-4.975479251195509,19.976305697791187,1.530816330724152
2.617333736,-4.9754804699041,19.976288945355048,1.530796733662556
2.6173387690000003,-4.975475970761134,19.976363955047187,1.5308052218704578
2.6173490630000003,-4.975464401226041,19.976445869888703,1.5307575925569874
2.617351642,-4.975464635886801,19.9764917642219,1.5307223360307
2.6173542050000003,-4.975470296879126,19.976360071192147,1.5306768412727567
2.617368758,-4.975493729253886,19.97621302355268,1.5306532433187512
2.6205393480000003,-4.975539034321572,19.9761412733425,1.530611503343248
2.620543071,-4.975541106160909,19.976173600885744,1.5305892855645429
2.622793376,-4.975539636712166,19.976189635250886,1.5305846549310398
2.6327933760000004,-4.975538167263423,19.97620566961603,1.5305800242975365
2.642793376,-4.975536697814679,19.976221703981174,1.5305753936640332
2.6527933760000004,-4.975535228365936,19.976237738346317,1.53057076303053
2.662793376,-4.975533758917193,19.97625377271146,1.530566132397027
2.6697874390000003,-4.9755322894684495,19.9762698070766,1.5305615017635237
2.66982505,-4.975535477552001,19.97635136974852,1.5305482073023065
2.669846454,-4.975552005313817,19.97630324306676,1.5305163349226123
2.66986277,-4.975584081726249,19.97614000331633,1.5304816762758968
2.669886248,-4.975614939176824,19.975994091468923,1.5304345492856095
2.669928773,-4.975626798037264,19.975945106063996,1.5304165429406111
2.6699710760000004,-4.975616230252947,19.97596356362025,1.5303863849996924
2.6699923990000003,-4.975591912849866,19.976068135445075,1.5303527035839128
2.6700278340000003,-4.975590484123758,19.97612059031949,1.530331470554514
2.670038366,-4.975616127247664,19.97606347652033,1.5303102435230085
2.670054918,-4.975682320737317,19.97594082811772,1.5302787750518756
2.6700842490000003,-4.975713070635877,19.975829300473094,1.5302265448550652
2.6701069840000002,-4.975714786126302,19.97580611301949,1.5301982085087915
2.6701258510000003,-4.975701099571807,19.97590840966089,1.5302004225859656
2.6727933760000004,-4.975699897076188,19.975937067365013,1.5301941755785535
2.6827933760000002,-4.97569869458057,19.97596572506914,1.5301879285711413
2.6846757820000002,-4.975697492084952,19.975994382773266,1.5301816815637292
2.6927933760000005,-4.975695321120624,19.97599484689357,1.5301817335969565
2.7027933760000002,-4.975693150156298,19.97599531101387,1.5301817856301838
2.7127933760000005,-4.97569097919197,19.975995775134177,1.530181837663411
2.7227933760000003,-4.975688808227644,19.975996239254478,1.5301818896966384
2.723106484,-4.975686637263316,19.975996703374783,1.5301819417298657
2.723139313,-4.975697486550184,19.975906467695804,1.5301312452150344
2.723301637,-4.975734716655284,19.975765410076395,1.5301319349210674
2.723309617,-4.9757695168907405,19.975649685587435,1.530065052836243
2.723315019,-4.975787469899668,19.97567611513151,1.5300801558820674
2.7233235430000002,-4.97577386528979,19.97581397037942,1.5300393719653005
2.723329196,-4.975795506172365,19.97587817937661,1.530060713269089
2.7233354070000004,-4.975792558699021,19.97587557783503,1.5300407310049915
2.7233414970000003,-4.975818517428683,19.97576156642885,1.529995899308275
2.723349622,-4.975861351177438,19.97561475044491,1.529955208515324
2.7233547220000003,-4.975865497989632,19.97552546094077,1.5299403946422272
2.72335969,-4.975866130921546,19.97559603784959,1.5299645453496142
2.723377534,-4.975811047020808,19.97563879892364,1.5299432753643332
2.723391737,-4.975823535484549,19.975687771394263,1.5299447408871567
2.7234043910000003,-4.975873253564407,19.975641455438183,1.529907914432863
2.728842023,-4.975903939134327,19.97546919992723,1.5298577538379896
2.728861353,-4.975948610803492,19.97537042743956,1.5298432662069972
2.7327933760000005,-4.975955179544034,19.975350004020996,1.5298330581076485
2.7427933760000003,-4.975961748284575,19.97532958060243,1.5298228500082995
2.7513276760000003,-4.975968317025116,19.975309157183865,1.5298126419089508
2.7527933760000005,-4.9759683965143635,19.97532682611219,1.5298136488852665
2.7627933760000003,-4.97596847600361,19.975344495040517,1.5298146558615824
2.7727933760000005,-4.975968555492857,19.975362163968846,1.529815662837898
2.7827933760000003,-4.975968634982104,19.975379832897172,1.5298166698142137
2.7927933760000005,-4.9759687144713505,19.975397501825498,1.5298176767905296
2.8014536740000002,-4.975968793960598,19.975415170753823,1.5298186837668453
2.801475883,-4.975960115335516,19.97550494394992,1.5298074528729937
2.801491869,-4.9759472353355925,19.97551614202387,1.5298065165625103
2.8016042310000002,-4.975953810602893,19.975432562951543,1.529786911710253
2.801637306,-4.975975107672658,19.97529122870762,1.5297650730254757
2.8016533470000002,-4.976010459069183,19.975136737688075,1.5297362705612845
2.801676193,-4.976025576476952,19.975163849729707,1.5297361408474377
2.8027933760000003,-4.976020834683539,19.975209219431505,1.5297320132239447
2.807582031,-4.976016092890126,19.975254589133304,1.5297278856004517
2.807605687,-4.976031391706463,19.975331804145448,1.5297358197575537
2.807615905,-4.976029772852762,19.97530904627857,1.5297099173967357
2.8076264880000004,-4.976037079311107,19.97517067230255,1.5296833958020633
2.807687898,-4.9760818370111535,19.975017432333463,1.529662719144234
2.807832532,-4.976078743157852,19.974954832604777,1.5296373097009206
2.807951477,-4.976056364729865,19.97500619527443,1.529634625906965
2.807969083,-4.976022276429895,19.975143233767135,1.529659669832944
2.807989252,-4.976052871971153,19.97517751898313,1.529656388818827
2.808000523,-4.976087334683126,19.975100969424837,1.5296703838668422
2.80834961,-4.976123632050237,19.974950118821432,1.5296435521602656
2.8083811290000003,-4.976191579957383,19.97480985214352,1.5296403925718678
2.808420279,-4.976176727455942,19.974759022413156,1.5296400142988051
2.8089492700000003,-4.97616007254241,19.974798588461088,1.529625899426685
2.812793376,-4.976149480977153,19.97483034554537,1.5296284407000995
2.8227933760000004,-4.976138889411896,19.974862102629658,1.529630981973514
2.832793376,-4.976128297846638,19.974893859713944,1.5296335232469287
2.834210357,-4.97611770628138,19.974925616798227,1.5296360645203433
2.8342268020000003,-4.97613858879062,19.9749448933823,1.5296775117829386
2.834241264,-4.976132488874732,19.974850400102127,1.5296721917268334
2.8342580230000003,-4.976190574924127,19.97474640353812,1.5296731401068715
2.8342679430000004,-4.976223326469496,19.974634656602447,1.5296631134851555
2.8342817620000003,-4.9762316187354125,19.974630937942628,1.529663541269589
2.836579607,-4.976212626811257,19.97471440076376,1.529675614730885
2.83659556,-4.97621867019626,19.974785152114915,1.5297163580941588
2.836609793,-4.976220931164943,19.974738270202412,1.5297117558813171
2.8366355050000003,-4.9762410219815365,19.97463641894188,1.529721881848436
2.8427933760000004,-4.976253033308368,19.97454709710448,1.5297017571978835
2.843756695,-4.9762650446352,19.97445777526708,1.529681632547331
2.843816891,-4.976298031352604,19.97440637512511,1.5296905292612726
2.852793376,-4.976296250509242,19.97441478389346,1.5296886957088598
2.8627933760000004,-4.97629446966588,19.974423192661817,1.529686862156447
2.872793376,-4.976292688822518,19.97443160143017,1.5296850286040344
2.8827933760000004,-4.9762909079791555,19.974440010198524,1.5296831950516216
2.883198535,-4.976289127135794,19.974448418966876,1.5296813614992089
2.8832111460000003,-4.9762599184473135,19.974566451550366,1.5297117051072269
2.8832373650000003,-4.976293973613705,19.974631920997968,1.5297260057801818
2.883256132,-4.97633538622866,19.974573550700327,1.5297386456342623
2.88328921,-4.976413991262362,19.97442693132895,1.529753725810029
2.883305419,-4.976442443751189,19.97430007074691,1.529715444354602
2.883385683,-4.976448813220415,19.97427017764712,1.5297228121987223
2.883400287,-4.97643973032024,19.974361288303832,1.5297533782181083
2.8834217200000003,-4.976409703376622,19.974441880356448,1.5297627457905143
2.883443048,-4.976430740563928,19.97445232799402,1.5297692398951357
2.883459839,-4.97646717647603,19.974354587851867,1.5297652464717386
2.8834760630000003,-4.976534728668745,19.974199098445908,1.529754538923512
2.892793376,-4.97656889675779,19.974150180352048,1.5297588209596964
2.8965748220000003,-4.9766030648468345,19.974101262258188,1.5297631029958805
2.8965796470000003,-4.976631573085814,19.9741389672806,1.5297656307989775
2.89658542,-4.9766235637019145,19.974228696242164,1.52978569856939
2.896589862,-4.976613857277113,19.974319725954075,1.5297966080385257
2.9027933760000004,-4.9766211853233795,19.974313285225033,1.529796937739022
2.912793376,-4.976628513369646,19.97430684449599,1.5297972674395182
2.9199826690000004,-4.976635841415913,19.97430040376695,1.5297975971400144
2.9200322200000004,-4.976660358801352,19.97415937711493,1.529795095272772
2.9227933760000004,-4.976667136353466,19.974132686019495,1.5297934941802165
2.9327933760000002,-4.976673913905581,19.974105994924063,1.5297918930876608
2.9427933760000005,-4.9766806914576955,19.97407930382863,1.5297902919951054
2.9527933760000002,-4.97668746900981,19.974052612733196,1.52978869090255
2.9627933760000005,-4.976694246561925,19.97402592163776,1.5297870898099943
2.967803045,-4.976701024114039,19.97399923054233,1.529785488717439
2.967816565,-4.976734708124979,19.97395112331841,1.5297871684735107
2.9678316860000002,-4.976793860685755,19.9740984001502,1.529831520371428
2.9678475900000003,-4.976819070687671,19.97419351705836,1.5298458935228234
2.967861989,-4.976877086177982,19.974153239394987,1.5298291328149585
2.967876098,-4.976936800641478,19.974021342649397,1.5298165922797278
2.967889597,-4.976961142483415,19.973896554825608,1.5298029004805245
2.967947538,-4.976998923252472,19.97384786651201,1.529813680880609
2.9679982490000003,-4.97700978107663,19.97393928135889,1.5298172147890772
2.968014386,-4.9770385937899935,19.97403227606333,1.5298361402036251
2.9680341660000003,-4.9770700324691015,19.974058301145995,1.52985179537935
2.968047748,-4.977124363449628,19.973963894690247,1.5298468454057796
2.968062915,-4.977207343877198,19.97383074541953,1.5298317907572616
2.968077774,-4.977281063937502,19.973752777578767,1.52982061301896
2.968091225,-4.9773058992699575,19.973770408465043,1.529816092160961
2.968108854,-4.977312659610565,19.9738576854487,1.5298321910164343
2.9681879770000004,-4.977343122501347,19.97395837264792,1.529839431779206
2.9727933760000003,-4.977363798168188,19.97394564697973,1.5298298344010335
2.973434231,-4.97738447383503,19.97393292131154,1.529820237022861
2.973446997,-4.977457908503518,19.97381382194756,1.5298229135516723
2.973522769,-4.977541378344416,19.973645409401648,1.5298219368996973
2.9827933760000005,-4.9775787573497645,19.97362521049825,1.529816442531641
2.984940277,-4.977616136355112,19.97360501159485,1.5298109481635846
2.9849733580000004,-4.977649101381104,19.973683130080005,1.5298448760906085
2.9849866840000003,-4.977682235970091,19.97378965397552,1.5298348153922978
2.9927933760000003,-4.977693744120403,19.97380120672267,1.5298351793197673
3.0027933760000005,-4.977705252270716,19.973812759469816,1.5298355432472366
3.0127933760000003,-4.9777167604210275,19.973824312216962,1.529835907174706
3.0227933760000005,-4.977728268571339,19.973835864964112,1.5298362711021756
3.0327933760000003,-4.977739776721652,19.973847417711262,1.5298366350296448
3.0368224440000002,-4.977751284871964,19.97385897045841,1.5298369989571143
3.0427933760000005,-4.977788237035112,19.97379724327877,1.5298322244238327
3.0466018210000003,-4.977825189198261,19.973735516099133,1.5298274498905509
3.0466153,-4.977980762663075,19.973592543591117,1.5298036905666823
3.04665982,-4.97801841901714,19.97369943974738,1.529820676060377
3.046680653,-4.978038238387855,19.97377803253732,1.529827223932282
3.0466988290000003,-4.978062530391421,19.97383581332568,1.5298042327716102
3.04671203,-4.978128633666462,19.973720355797028,1.5298003490882677
3.046728813,-4.978207696404711,19.973623479426827,1.529790165427247
3.046747738,-4.978252295831629,19.97356018201125,1.529764416136575
3.0468161780000003,-4.9783029913483645,19.97362109196538,1.5297947064923945
3.046834177,-4.978365943744271,19.97375753956766,1.5298083915764786
3.046915928,-4.978400010535493,19.973875230896184,1.5298157895982292
3.046945257,-4.978458657333216,19.973850697588485,1.52983146659537
3.0469602200000003,-4.978527367305205,19.97372950297888,1.5298139869774223
3.046972941,-4.978571829527829,19.973596386760363,1.5297798346537834
3.047049776,-4.9786553546089145,19.97355624984037,1.5297953404516005
3.0527933760000003,-4.978672329687607,19.973602486706426,1.5298014581683919
3.05932417,-4.9786893047663,19.97364872357248,1.5298075758851832
3.059430744,-4.978713944731679,19.973727114608963,1.5298163686716113
3.0594395480000003,-4.978781845974286,19.973830498762627,1.5298474228195682
3.0594439380000003,-4.978863304925035,19.97380035997318,1.5298168205211733
3.059468093,-4.978933268539308,19.973666572439416,1.5298040743282977
3.0627933760000006,-4.978966151999612,19.973618850391702,1.5297929211128065
3.063965187,-4.978999035459916,19.97357112834399,1.5297817678973156
3.072086304,-4.979052312226364,19.97357717518772,1.529783409374862
3.0727933760000004,-4.979060280563354,19.973700660762788,1.5298043379254533
3.079489647,-4.979068248900344,19.973824146337854,1.5298252664760446
3.0795343490000002,-4.979111279397469,19.973841840261517,1.5298231431932672
3.082793376,-4.979130366515955,19.973832326687788,1.5298244565552612
3.0927933760000004,-4.97914945363444,19.973822813114058,1.529825769917255
3.102793376,-4.979168540752926,19.973813299540325,1.529827083279249
3.1127933760000004,-4.9791876278714104,19.973803785966595,1.529828396641243
3.1220307380000003,-4.979206714989896,19.973794272392865,1.529829710003237
3.122049129,-4.979261412756546,19.973668638587373,1.5298109970848228
3.122066632,-4.979359270004477,19.973653859741933,1.5298236396373242
3.122079996,-4.979414113712003,19.97369615678875,1.5298134195930586
3.1220912700000003,-4.97944118226467,19.973861024028896,1.5298248704744988
3.122592906,-4.979454441179871,19.973992656457604,1.5298570613331894
3.122614743,-4.979501497568346,19.97402974709188,1.529875055378167
3.122627834,-4.9795084414868045,19.973960713209383,1.5298841618091348
3.12264071,-4.979587263612479,19.973879874096696,1.5298741006920973
3.122661941,-4.979649303392472,19.97385639537981,1.5299072281571169
3.122679542,-4.979687396274598,19.973913231803174,1.5299044222228055
3.1227105920000002,-4.979753364011506,19.97407192981259,1.5299386352436932
3.122793376,-4.97975079098999,19.974103418273174,1.529943304972622
3.122912393,-4.979748217968474,19.97413490673376,1.5299479747015508
3.126465532,-4.979794590404572,19.97413767937793,1.5299641692268044
3.131807735,-4.979819961776435,19.974050670763575,1.529962479439111
3.131818617,-4.979847639831199,19.97398482488348,1.52997136650749
3.131827774,-4.97986561498463,19.973966003678782,1.5299676334668602
3.1327933760000004,-4.979870529194223,19.97406170221999,1.530005013938647
3.136014653,-4.979875443403816,19.974157400761197,1.5300423944104338
3.1421167150000002,-4.979904687351576,19.974302118163312,1.5300759123265228
3.142158249,-4.979931699560856,19.97431761934741,1.530112191801169
3.142793376,-4.979951579568494,19.974302403913885,1.5301158073736083
3.15103012,-4.979971459576133,19.97428718848036,1.5301194229460475
3.1510465670000003,-4.980047780356931,19.97417176009485,1.5301258168478702
3.1527933760000004,-4.98005324404912,19.97414793035685,1.5301380055279017
3.155334137,-4.98005870774131,19.974124100618845,1.5301501942079334
3.155347726,-4.980068923255274,19.974192978977342,1.530192144247759
3.162793376,-4.980041074484367,19.974255329463052,1.5301938804746977
3.163336706,-4.980013225713461,19.97431767994876,1.5301956167016364
3.1633454320000003,-4.980017600311084,19.974473600010683,1.5302492882915069
3.170133034,-4.9800359036262325,19.974550468583107,1.5302747934520209
3.170145759,-4.980090469675401,19.974472175790545,1.5302959246323584
3.1727933760000004,-4.980105859886034,19.9744487887367,1.5302984463722724
3.1827933760000002,-4.980121250096667,19.974425401682854,1.5303009681121862
3.1927933760000005,-4.9801366403073,19.97440201462901,1.5303034898521002
3.2027933760000002,-4.980152030517933,19.974378627575163,1.530306011592014
3.2030087060000003,-4.980167420728566,19.97435524052132,1.530308533331928
3.203065312,-4.98018326393059,19.97428688038664,1.5303346408945817
3.203078508,-4.980214982995836,19.97437650283845,1.530405201475422
3.203093024,-4.980171937011132,19.97449259898782,1.530416810212486
3.203125032,-4.980112545258415,19.97456328414077,1.5304752837469884
3.2031538200000003,-4.9800988097552175,19.97447652393479,1.5304751285747464
3.203190853,-4.980176706357577,19.97430532093796,1.5304922838457102
3.207979687,-4.980332293664345,19.97373058489871,1.5304556541368888
3.2079959380000003,-4.980349792214051,19.973738445547347,1.530487167042059
3.208018498,-4.980333078536165,19.97374647506862,1.53050041127402
3.2081219930000002,-4.980321131927052,19.973643903948297,1.530520526926216
3.2127933760000005,-4.9803314996764225,19.973561177784003,1.5305420889299826
3.213987786,-4.980341867425793,19.97347845161971,1.5305636509337488
3.220034372,-4.980375747925458,19.973178841362326,1.5305400897149846
3.2227933760000003,-4.9803831019739615,19.973102739824228,1.5305545359120964
3.2327933760000005,-4.980390456022464,19.97302663828613,1.530568982109208
3.2375720400000003,-4.980397810070968,19.97295053674803,1.53058342830632
3.237620936,-4.980420751009992,19.97276645289853,1.5306106206293346
3.2427933760000003,-4.980416075999653,19.97273399777613,1.5306312948680505
3.248602538,-4.980411400989314,19.972701542653727,1.5306519691067666
3.248610192,-4.980408159274719,19.97262230430757,1.5307033125260625
3.248616212,-4.980446705451329,19.972429023859945,1.5307304229242895
3.24862174,-4.98044931996401,19.97208268313673,1.5306987793364977
3.2486261080000003,-4.9805043071253365,19.971711904004856,1.5307197205788463
3.248629359,-4.980529699195022,19.971399105292647,1.5307536118327911
3.248641642,-4.980539940267981,19.971188770306878,1.53081291357204
3.2527933760000005,-4.9805327755754,19.971152899156905,1.5308191189025386
3.2627933760000003,-4.980525610882819,19.971117028006933,1.5308253242330374
3.2727933760000005,-4.9805184461902385,19.97108115685696,1.530831529563536
3.2827933760000003,-4.980511281497657,19.971045285706985,1.5308377348940345
3.2927933760000005,-4.980504116805076,19.971009414557013,1.5308439402245333
3.296650612,-4.980496952112495,19.97097354340704,1.5308501455550318
3.296653712,-4.980471986494042,19.970750440317317,1.5309257412497423
3.2966564220000003,-4.980489141279855,19.9704036546557,1.530954643418926
3.296661369,-4.980270057667788,19.97006853801819,1.5308272248231862
3.296666277,-4.980271970626821,19.96954595835848,1.53088121599796
3.2966718630000003,-4.980269513517913,19.96916356870717,1.5309059306972823
3.296676247,-4.980275000995815,19.968522749436325,1.5311265038089563
3.2966803760000003,-4.980282761433737,19.96810888145685,1.5312333414925448
3.2966846260000002,-4.980271672514839,19.96752581870704,1.5312761748478398
3.296689335,-4.980254017929397,19.966889809171796,1.531333118583172
3.296698108,-4.980292023887253,19.966256755401588,1.531386161388079
3.2967056,-4.980317292281638,19.965771738365014,1.531514778866151
3.2967099380000002,-4.980340105449272,19.965236049683625,1.5316810064580328
3.2967144150000003,-4.980431760862683,19.964678527413408,1.5318637770871246
3.3027933760000003,-4.980469079336915,19.96432741558303,1.5319101946909135
3.303089061,-4.980506397811147,19.963976303752645,1.5319566122947026
3.3030916280000002,-4.980497656730804,19.96323357983924,1.5320399299107117
3.30974142,-4.980504870714644,19.962435307944183,1.5320928514936063
3.309767312,-4.980553171215208,19.96168728025985,1.5322334524144112
3.3127933760000006,-4.980987566990216,19.961392910156036,1.5325600666751706
3.315922215,-4.981421962765225,19.961098540052227,1.53288668093593
3.31593545,-4.98146874075386,19.960468303140832,1.533088805095307
3.3227933760000004,-4.981276467100361,19.960080326120394,1.5330449294988513
3.331130378,-4.981084193446864,19.959692349099956,1.5330010539023955
3.3311348720000002,-4.981150306937318,19.958853614781088,1.5330952782438425
3.331139095,-4.981165606588382,19.957952617350763,1.5331125764149671
3.331146081,-4.981152582487828,19.957016678842653,1.532976427384962
3.331149275,-4.9801221046210085,19.956964872565745,1.5326804736509057
3.332793376,-4.980119215755228,19.956534780260302,1.5327446737001535
3.3385511720000003,-4.980116326889448,19.95610468795486,1.5328088737494014
3.340666102,-4.980097960845518,19.95526638773158,1.532953181843307
3.3406850660000003,-4.980023616680692,19.954246620867305,1.5330123159524194
3.3427933760000004,-4.980036963666737,19.953729610608274,1.5330494429860622
3.34406326,-4.980050310652781,19.953212600349243,1.533086570019705
3.352793376,-4.980024477703411,19.952805648739563,1.533090134649743
3.3627933760000004,-4.979998644754042,19.952398697129887,1.533093699279781
3.365548179,-4.979972811804672,19.951991745520207,1.533097263909819
3.372793376,-4.979979820404676,19.95170521953729,1.5330966526730836
3.3827933760000004,-4.97998682900468,19.951418693554366,1.5330960414363481
3.392793376,-4.979993837604685,19.951132167571448,1.5330954301996127
3.397952098,-4.980000846204688,19.95084564158853,1.5330948189628772
3.39797204,-4.979997642436386,19.949683849604945,1.5330817777296453
3.397978381,-4.97996331354547,19.948581038483496,1.5331090648902408
3.398000295,-4.9799686783921935,19.94742317472236,1.53308446786371
3.39800409,-4.979909637760054,19.94616013668841,1.5330223268202996
3.3980158670000002,-4.979925645108733,19.944800547575145,1.5329651044100976
3.3980258940000003,-4.979971509226012,19.94336700567544,1.5329062187088554
3.398033589,-4.979985768110283,19.94196637242925,1.532878186634513
3.398037778,-4.980046576097522,19.94062778632521,1.5328897620370951
3.39804544,-4.980027073648677,19.939309136215357,1.5329577989461731
3.398054557,-4.9799255542063925,19.9378881637552,1.5331130867403513
3.3980598090000003,-4.9799769172092985,19.936337316569745,1.5331083959196183
3.398068109,-4.979895470168532,19.934697817973827,1.5331036019910864
3.398072955,-4.9798405433268105,19.93304881041548,1.5331761403670527
3.4027933760000004,-4.979898882718282,19.93249255896478,1.533161858495612
3.412793376,-4.979957222109754,19.93193630751407,1.5331475766241711
3.4142239190000003,-4.980015561501226,19.931380056063368,1.5331332947527303
3.414230422,-4.979996561368187,19.929808444266584,1.5332655856308874
3.414237995,-4.980476207481105,19.928267460013107,1.5329955650769218
3.4142440030000003,-4.980558547298234,19.926827562505565,1.5328787280439264
3.414247925,-4.980625984073607,19.924959334278245,1.5329487449130454
3.414264299,-4.980658477334253,19.923065437360663,1.5329923161252224
3.4204219190000003,-4.98066279755617,19.92111072112617,1.533006432431844
3.4227933760000004,-4.980669506483498,19.920142094232993,1.5330659200422572
3.42580637,-4.980676215410826,19.91917346733982,1.5331254076526704
3.4258116010000004,-4.980609479377995,19.917377615792013,1.533309290669065
3.42976759,-4.980526444822726,19.915397895818334,1.5334147356607897
3.429781991,-4.980470116738264,19.913344231830475,1.5335365076918346
3.432734329,-4.980475910196913,19.911150224983857,1.5335927539464675
3.4327933760000002,-4.98049513155604,19.909977815185147,1.533619959028457
3.4380064740000003,-4.9805143529151685,19.90880540538644,1.533647164110446
3.4427933760000005,-4.980511909579981,19.908455253123464,1.5336571205718945
3.4527933760000002,-4.980509466244793,19.908105100860485,1.533667077033343
3.4627933760000005,-4.980507022909604,19.90775494859751,1.5336770334947913
3.4727933760000003,-4.980504579574417,19.907404796334536,1.5336869899562395
3.4827933760000005,-4.980502136239229,19.907054644071557,1.533696946417688
3.488762603,-4.980499692904041,19.906704491808583,1.5337069028791364
3.491552609,-4.979093701666996,19.905799056770164,1.5335424389820431
3.491569454,-4.979103422813039,19.903708697480223,1.533711224057381
3.4915914470000002,-4.979073102388719,19.901578438336305,1.5338561545741851
3.491605233,-4.97897233711736,19.899243719221,1.533911843378847
3.491634335,-4.978936806417542,19.896786511917835,1.5339630641022337
3.4916465260000003,-4.979020809233444,19.89425830705654,1.534014481574659
3.4916598480000003,-4.978959705579817,19.89182009716076,1.5340821444707238
3.491671879,-4.978777433646795,19.889658824176564,1.5338992242780198
3.4916886920000003,-4.978870079035456,19.887261805567245,1.5340611763960428
3.491733933,-4.978921009342145,19.884735800916506,1.534135873015602
3.491751303,-4.9789507533540345,19.882075578017265,1.5341760198278438
3.49176738,-4.978787190567444,19.87941684370916,1.534140496205891
3.491803446,-4.9786767416838105,19.876782575904187,1.534121629304379
3.491820762,-4.9786178569271815,19.87413379825568,1.534180421859455
3.4927933760000003,-4.978634386052931,19.87282310476975,1.5342474778966508
3.494602485,-4.97865091517868,19.87151241128382,1.5343145339338464
3.4986127440000003,-4.978569340324304,19.868805433575705,1.534460802115937
3.4986564710000003,-4.978582704335339,19.865965258165435,1.5345664397279757
3.5027933760000005,-4.978589294096972,19.86536826625411,1.5345699690618164
3.5127933760000003,-4.978595883858605,19.864771274342786,1.5345734983956572
3.5227933760000005,-4.978602473620239,19.86417428243146,1.5345770277294979
3.5327933760000003,-4.978609063381873,19.863577290520137,1.5345805570633386
3.533264242,-4.978615653143506,19.86298029860881,1.5345840863971794
3.533283883,-4.9785638526524805,19.85991761420719,1.5346245957619025
3.533302896,-4.978533596992064,19.85672482676432,1.534677118440975
3.5333312290000003,-4.978494394967045,19.85371410335657,1.5347778733604118
3.5333445400000003,-4.978505315331691,19.85073290885376,1.534930228598951
3.5427933760000005,-4.978505307094419,19.849231736740734,1.5349734605263345
3.545320911,-4.978505298857147,19.847730564627707,1.535016692453718
3.54533175,-4.978558456707105,19.84451488352313,1.5350514891898244
3.545375838,-4.978642856665129,19.8411251988754,1.5350903910563896
3.545388238,-4.978608256762867,19.83769586900659,1.5350969632492444
3.545427112,-4.978556826974951,19.83436359210672,1.5351745265352377
3.545461844,-4.978567552851517,19.83109987018664,1.5352669816902285
3.5527933760000003,-4.978564153719929,19.83054032604719,1.5352894202657301
3.5627933760000006,-4.978560754588339,19.829980781907736,1.535311858841232
3.5727933760000004,-4.978557355456751,19.829421237768287,1.5353342974167337
3.582793376,-4.978553956325162,19.828861693628834,1.5353567359922353
3.5927933760000004,-4.978550557193572,19.82830214948938,1.5353791745677372
3.597736788,-4.978547158061984,19.82774260534993,1.5354016131432389
3.597752899,-4.978549047461921,19.82447140563044,1.535457750014074
3.597997291,-4.978530569309212,19.82083228703568,1.5354814279552995
3.5981142430000004,-4.9785364297002666,19.817202602601864,1.5354331914469683
3.602793376,-4.978506807706499,19.815985238176257,1.535454169709073
3.6127933760000004,-4.978477185712733,19.814767873750654,1.5354751479711772
3.6188542480000003,-4.978447563718966,19.813550509325047,1.5354961262332818
3.618898598,-4.978406168730921,19.80986504999466,1.535565844030219
3.618917605,-4.978261709261716,19.80630673921705,1.5356868694976729
3.6189383420000003,-4.978258121865453,19.802705620339218,1.5357983473363293
3.618951074,-4.978244298894051,19.799000377266317,1.5358706737643275
3.618966999,-4.978223196922313,19.795257043080237,1.535909810050508
3.618991228,-4.97818566828507,19.79121845057472,1.5358708174963644
3.619005548,-4.9785042073908405,19.787206076858784,1.5357626897494838
3.619031964,-4.978581421248944,19.783378495764875,1.535841794993318
3.619066468,-4.978566576618419,19.77943004042585,1.5359883607003009
3.6191774310000002,-4.978641572493396,19.7754489874875,1.5368062408648469
3.619212514,-4.978559924575,19.77128521792269,1.5366926149146536
3.619268437,-4.978476292401969,19.76700528788144,1.5367577522894214
3.619278022,-4.97850139575187,19.762730172704654,1.5367452225110452
3.619292074,-4.978340422659048,19.75852604927362,1.5367472473079926
3.6193538640000003,-4.978140679109638,19.754279889054573,1.5367732128632905
3.622793376,-4.9781542549439655,19.752123919112698,1.5368247113308426
3.632788648,-4.978167830778293,19.74996794917082,1.5368762097983948
3.6327933760000004,-4.978198158431197,19.747762345067546,1.5368806585747485
3.632793905,-4.978228486084101,19.745556740964272,1.5368851073511025
3.632799688,-4.978152445917999,19.741183400322534,1.5368934444576436
3.632805232,-4.978071289832778,19.736562242805785,1.5368440169010216
3.632809276,-4.979402782277019,19.733702687353755,1.5359073012997266
3.632817394,-4.979462517617918,19.729109246586734,1.535842859135056
3.632823406,-4.979516708439216,19.72426048808861,1.5358063645531497
3.641681886,-4.979540286607718,19.719727958110287,1.5357450035818383
3.6416895030000003,-4.979373593929532,19.71509082189448,1.5356237238240107
3.6416929970000003,-4.9793998169427,19.710236510414617,1.5354828734599335
3.641700073,-4.979363215450282,19.70539447764546,1.5353852057974642
3.642793376,-4.979375893785152,19.702952384100463,1.5353641323009426
3.649600501,-4.979388572120023,19.70051029055547,1.5353430588044212
3.649604962,-4.979245946615923,19.69544218904887,1.5353578259441802
3.6527933760000004,-4.979316014576705,19.692956995261504,1.5353586279228146
3.6612895510000003,-4.979386082537486,19.690471801474143,1.5353594299014492
3.661297535,-4.979508323198982,19.685337783555408,1.5353322058125574
3.661302135,-4.979406580820483,19.68016701632024,1.535227374952551
3.661321746,-4.979274381151111,19.67525943628072,1.5351520214319396
3.662793376,-4.979254394072539,19.673459476145368,1.5351434119446867
3.6727933760000004,-4.9792344069939665,19.671659516010013,1.5351348024574338
3.678605605,-4.979214419915395,19.669859555874663,1.535126192970181
3.678614666,-4.979121690024718,19.664593602440085,1.5351937805326024
3.678626843,-4.979017181405201,19.659415383363637,1.535211381568787
3.678639906,-4.9789553206678185,19.653889850335243,1.535317521365235
3.6786480260000003,-4.978815603683656,19.648550234422625,1.5352883099417307
3.678656105,-4.978640450624976,19.643231416153,1.5352309869730496
3.6827933760000002,-4.9786410587493934,19.640369832045344,1.5351991518011143
3.687069282,-4.978641666873811,19.637508247937685,1.535167316629179
3.6927933760000005,-4.9785431519033505,19.634715889169534,1.535169759361256
3.693294401,-4.978444636932891,19.631923530401387,1.5351722020933332
3.693303712,-4.978638015716081,19.62613352291376,1.5350864220503406
3.6933090660000003,-4.978408598482083,19.620459681097927,1.5352413292523657
3.7027933760000002,-4.97837746772799,19.619531685313504,1.5352445790733857
3.7127933760000005,-4.978346336973895,19.618603689529085,1.535247828894406
3.7227933760000003,-4.978315206219801,19.617675693744662,1.5352510787154263
3.7327933760000005,-4.978284075465707,19.61674769796024,1.5352543285364464
3.7427933760000003,-4.978252944711613,19.61581970217582,1.5352575783574665
3.7474178890000003,-4.978221813957519,19.614891706391397,1.5352608281784867
3.747431943,-4.978061996343766,19.60904586798433,1.5352681549756657
3.747444069,-4.9780632354927485,19.602999192925925,1.5351815709677783
3.747452995,-4.978039961736916,19.597109298935443,1.5350517092059413
3.747460895,-4.977849095061407,19.59106965878934,1.5350576541305938
3.747523026,-4.977831148008922,19.584947839454603,1.5351145194844358
3.747535429,-4.977721075503793,19.57903407844215,1.5351430124460528
3.7475452000000002,-4.977458052345895,19.572803938100865,1.5352121379838428
3.747556782,-4.977196142620944,19.566486331271005,1.5352563416303755
3.747564563,-4.976971901776242,19.56005275298905,1.5352488155623782
3.7476227460000002,-4.97707355353328,19.55409953952693,1.5351070226889905
3.747635155,-4.9770975012274095,19.54769813104079,1.5351376480244767
3.747654895,-4.977055256406019,19.541307216825373,1.535284975293408
3.747689726,-4.976766018589686,19.53490828495475,1.5353761012550546
3.7527933760000005,-4.976768451809941,19.533769840687256,1.535368059233937
3.7627933760000003,-4.976770885030198,19.532631396419763,1.5353600172128192
3.7727933760000005,-4.976773318250453,19.53149295215227,1.5353519751917015
3.7827933760000003,-4.976775751470709,19.53035450788478,1.5353439331705838
3.7927933760000005,-4.976778184690965,19.529216063617287,1.5353358911494661
3.8009205550000003,-4.976780617911221,19.528077619349794,1.5353278491283484
3.8009239640000003,-4.976751553075064,19.52144977906028,1.535347512877289
3.800930042,-4.976488061786965,19.51467263568473,1.5353196572184629
3.800933758,-4.976415189844814,19.50780093617142,1.535361529280313
3.80093832,-4.976121778066906,19.500976998148115,1.5355429462107388
3.8027933760000003,-4.976009406644891,19.498663809547487,1.5356333843244436
3.8127933760000006,-4.975897035222878,19.496350620946856,1.5357238224381486
3.8178763360000003,-4.975784663800863,19.49403743234623,1.5358142605518534
3.817881839,-4.9756708698276455,19.487117053672293,1.5352096963831985
3.8178867110000003,-4.975458360514769,19.480061673960627,1.535403591241739
3.817892638,-4.97532578689985,19.47276527596144,1.5352971978780572
3.817896424,-4.975206992979763,19.465540903592863,1.5352906103531516
3.817918568,-4.975116433908364,19.458329027318666,1.5353351731317664
3.8179226230000003,-4.974987006307529,19.451042246589296,1.535541076142064
3.817925029,-4.974901991940008,19.443899286243404,1.5357736725161282
3.817927599,-4.9748388394374725,19.43662923313885,1.535886266602419
3.818019821,-4.974677963003709,19.42905278091163,1.535986445720977
3.818026813,-4.974534505298819,19.421565080811924,1.5358564315416583
3.818036542,-4.974383758920974,19.413916103567647,1.5357116280127705
3.818045832,-4.974516007724055,19.40629104921184,1.535747747031203
3.818050488,-4.974491734301197,19.39879912427783,1.5357410617392198
3.8180559130000002,-4.974573739715588,19.39126530238289,1.535850448408324
3.8222415450000002,-4.974402920343737,19.38340604014913,1.5358775514553882
3.822247311,-4.974212930237534,19.37548014422556,1.5357617124390586
3.8222515610000003,-4.974269449594853,19.367544300004187,1.5355877609366515
3.822348941,-4.974056114835271,19.359565052913663,1.5355616567729324
3.8224838780000003,-4.973987434174442,19.351643722795774,1.5356333266715088
3.8227933760000004,-4.973982588140327,19.34767739639134,1.5356455259822968
3.828455169,-4.973977742106213,19.343711069986902,1.5356577252930848
3.832793376,-4.973898993306955,19.339753966302737,1.5357726847766577
3.833598264,-4.973820244507698,19.33579686261857,1.535887644260231
3.833602774,-4.973972810508463,19.327698930928577,1.5358771189893867
3.841199358,-4.973929405020475,19.319380948855084,1.5358262314280118
3.8412204450000003,-4.973864596338402,19.31078427626613,1.535686412477926
3.8427933760000004,-4.9737350691012985,19.306641386963413,1.5355997453874306
3.844572174,-4.973605541864196,19.3024984976607,1.5355130782969353
3.849361409,-4.973346823442504,19.29409203364902,1.5356590347057963
3.849377836,-4.973253942687784,19.28612305180273,1.535947163343132
3.852793376,-4.973243152075986,19.281743046297784,1.5359304113215564
3.8533735350000002,-4.973232361464186,19.277363040792835,1.5359136592999807
3.8613200940000003,-4.973537453663355,19.26860157533418,1.5358484099272056
3.8613357550000003,-4.973403439854389,19.259945829691645,1.5357434240098573
3.8627933760000004,-4.973977353776075,19.25655987445449,1.5355095145449358
3.8660437400000003,-4.974551267697761,19.25317391921733,1.5352756050800145
3.8661185170000003,-4.974385118783412,19.24442852943295,1.535408321525502
3.872793376,-4.9744246709410875,19.240031326855288,1.5354363983653019
3.872876525,-4.974464223098763,19.23563412427763,1.5354644752051017
3.872903348,-4.9744245160049845,19.226815762642243,1.5354986845543095
3.8776947010000002,-4.9744309717298725,19.217876856110447,1.535556196074882
3.8827933760000004,-4.974421847307855,19.21341160260782,1.5355622644054998
3.887129654,-4.9744127228858375,19.20894634910519,1.5355683327361176
3.887173147,-4.974477725368505,19.19990654272233,1.5353873683974697
3.891834361,-4.974354836224279,19.19078414848944,1.535422326529455
3.891854156,-4.974304028016765,19.181551533535387,1.5354241693504571
3.891865873,-4.974430947934632,19.17246663468767,1.5355863701667578
3.892793376,-4.974366905865004,19.1678091597389,1.5356694082988065
3.896786193,-4.974302863795376,19.163151684790133,1.5357524464308552
3.9027933760000004,-4.974296561295843,19.16183885945803,1.5357526658627212
3.912793376,-4.97429025879631,19.160526034125922,1.5357528852945872
3.9227933760000004,-4.974283956296777,19.15921320879382,1.5357531047264532
3.9327933760000002,-4.974277653797243,19.157900383461715,1.535753324158319
3.9427933760000005,-4.97427135129771,19.156587558129612,1.535753543590185
3.9527933760000002,-4.974265048798176,19.155274732797505,1.535753763022051
3.9577985360000003,-4.974258746298643,19.1539619074654,1.535753982453917
3.95781244,-4.974120768070254,19.144598510447672,1.53553291756292
3.957856637,-4.974243615787611,19.135158399519376,1.5354391505438112
3.957881521,-4.974103585897546,19.125681437289757,1.535552758704824
3.9579029290000003,-4.974181645605424,19.116204699113656,1.5358263345414167
3.957918954,-4.973940804695694,19.106582795775008,1.5359983029635715
3.9579318800000003,-4.973817816584143,19.096990171389923,1.536196053225026
3.957948944,-4.973780784709613,19.08714248539084,1.5360044355084324
3.95830413,-4.973710711396236,19.07728439146272,1.5359994239343284
3.958319667,-4.9737706799972505,19.067506245499835,1.5359992387837489
3.958345952,-4.973598699894849,19.05754206896632,1.536195287119283
3.958360159,-4.973751903441341,19.047666855056004,1.536411731542566
3.9584008280000003,-4.973814066352448,19.037574352482437,1.5367264618439411
3.9586305530000003,-4.9737634026002295,19.02734047506113,1.536642076289361
3.9627933760000005,-4.9737385539400485,19.02529994139499,1.5366597553331716
3.9727933760000003,-4.9737137052798674,19.02325940772885,1.536677434376982
3.9827933760000005,-4.9736888566196855,19.02121887406271,1.5366951134207927
3.9927933760000003,-4.9736640079595045,19.01917834039657,1.5367127924646031
4.002793376,-4.973639159299323,19.01713780673043,1.5367304715084138
4.012793376,-4.973614310639142,19.015097273064292,1.5367481505522242
4.022793376,-4.973589461978961,19.013056739398152,1.536765829596035
4.032793376,-4.973564613318779,19.011016205732016,1.5367835086398454
4.042793376,-4.973539764658598,19.008975672065876,1.536801187683656
4.052793376,-4.973514915998417,19.006935138399736,1.5368188667274665
4.062793376,-4.973490067338236,19.004894604733597,1.5368365457712772
4.072793376,-4.973465218678055,19.002854071067457,1.5368542248150876
4.082793376,-4.973440370017873,19.000813537401317,1.5368719038588983
4.0927933759999995,-4.973415521357692,18.998773003735177,1.5368895829027087
4.095717265,-4.973390672697511,18.996732470069038,1.5369072619465194
4.09572108,-4.9732434419027856,18.986566245977876,1.5371214732005976
4.095725032,-4.973163030094584,18.97599183896039,1.5370762355700285
4.09572969,-4.97305782638639,18.96547874490644,1.5373505954065398
4.095733157,-4.97305235494364,18.955099823813143,1.5376501801843203
4.095738323,-4.972975550215255,18.944477086803776,1.5377166746368929
4.095741347,-4.9729293066105145,18.9337990659523,1.5376940538248611
4.095745783,-4.97288904008714,18.92296937019372,1.5376163073610267
4.095749628,-4.973067862316401,18.912164235808955,1.5378949479684898
4.095753547,-4.972573351756712,18.90125799439519,1.538304675512058
4.095758989,-4.972473791884555,18.890536177099207,1.5386261589938317
4.095762431,-4.972238658723658,18.879516781703188,1.5386252579752688
4.095772494,-4.972412617010025,18.868302976316063,1.5386919434365245
4.095776556,-4.972607638421724,18.85720401520658,1.5386963265604403
4.095780247,-4.972403542851385,18.846098134714968,1.5389609216114448
4.0957836940000005,-4.972441631383751,18.834830709884763,1.5392493440650787
4.095790075,-4.972314693619368,18.823552862483798,1.5396153839701086
4.095794961,-4.972162775422601,18.81224339515521,1.5400018086308909
4.09580138,-4.972044707681307,18.800722490756485,1.5399291155153243
4.0958069980000005,-4.971974387237471,18.78924539436709,1.540067713608342
4.095811189,-4.971890757986284,18.777697801121,1.540205879977426
4.095816529,-4.971701544204223,18.76614028125163,1.5405114002024174
4.095821156,-4.9718214034675405,18.75436967508074,1.54083342216647
4.09582547,-4.971655815312002,18.7426231878074,1.5411868219549598
4.095830901,-4.971731190658299,18.73078910844432,1.5413382072656503
4.095835165,-4.971771624943793,18.71904970958366,1.5414772781976005
4.0958390080000004,-4.971617400635177,18.706918224366465,1.541534848994251
4.095843837,-4.97146733426426,18.694949159857178,1.5417191492083384
4.0958483910000005,-4.971514736228386,18.682866240829316,1.5420019753143286
4.095852124,-4.971269936491163,18.670853936958316,1.5423723756103265
4.095862407,-4.971379316864709,18.658659860282167,1.5427824655863005
4.0967022570000005,-4.971303541376757,18.646398616822356,1.5430573684883235
4.096706754,-4.971339529541158,18.633970962731045,1.542971548381567
4.096711313,-4.971214716762487,18.621367029953124,1.5430161895930643
4.09671841,-4.971332285216575,18.608903654185028,1.543307381823135
4.096722463,-4.971122609532422,18.596544109796856,1.543828051896018
4.096726053,-4.9710678675262905,18.584046137481767,1.544255308184037
4.096730364,-4.970813341989572,18.571336472102814,1.5444484296843175
4.096737802,-4.970899665616299,18.558436255682143,1.544515963907661
4.096742334,-4.970888105399315,18.545447964830814,1.5446062530275089
4.0967485560000005,-4.970997021568076,18.53259152412577,1.544843207442284
4.096753318,-4.970894391841289,18.50691843440132,1.545589029877488
4.0967610510000005,-4.970743830269787,18.49389693017365,1.54590805184915
4.102793376,-4.970793343657071,18.487388265015966,1.546084917371837
4.1050653850000005,-4.970842857044356,18.480879599858277,1.546261782894524
4.105072285,-4.970659554029971,18.46738634360476,1.5462385846280573
4.105079257,-4.970419072578917,18.4540134226962,1.546245810645639
4.108532171,-4.970553507890624,18.440693614635613,1.5466791541391025
4.112793376,-4.970554297958114,18.439813929273793,1.5467065074759039
4.122793376,-4.970555088025605,18.438934243911977,1.5467338608127053
4.1327933759999995,-4.970555878093096,18.438054558550157,1.5467612141495066
4.142793376,-4.970556668160587,18.43717487318834,1.546788567486308
4.152793376,-4.970557458228077,18.43629518782652,1.5468159208231094
4.162793376,-4.970558248295568,18.435415502464704,1.5468432741599107
4.1727933759999996,-4.970559038363058,18.434535817102883,1.5468706274967121
4.182793376,-4.97055982843055,18.433656131741067,1.5468979808335135
4.192793376,-4.97056061849804,18.432776446379247,1.5469253341703149
4.202793376,-4.970561408565531,18.43189676101743,1.5469526875071162
4.212793376,-4.970562198633021,18.43101707565561,1.5469800408439176
4.222793376,-4.970562988700512,18.430137390293794,1.547007394180719
4.232793376,-4.970563778768003,18.429257704931974,1.5470347475175203
4.242793376,-4.970564568835494,18.428378019570157,1.5470621008543217
4.244776642,-4.970565358902984,18.427498334208337,1.547089454191123
4.244798267,-4.970483999259689,18.41414176052509,1.547567111069793
4.244805387,-4.970365480981304,18.40067044601503,1.5478962285121871
4.2448112280000005,-4.970420734410283,18.38703892471258,1.5481940454985783
4.244817139,-4.97026183543087,18.373230357730385,1.548217610008601
4.244823237,-4.970321022362578,18.359458620165665,1.548464323405003
4.244827075,-4.970195356447498,18.345645676691262,1.5488053687006191
4.244833081,-4.970160096922974,18.33206188011006,1.5494199291224997
4.244837741,-4.970169219795676,18.318253148577547,1.549924199470538
4.244842564,-4.970082100962942,18.304304123118506,1.5502695887672928
4.244849695,-4.970057355539304,18.29000234535592,1.550437685161852
4.244859739,-4.970035760432617,18.27568457037381,1.5505709631022784
4.2448649650000005,-4.969916180892316,18.26128425492245,1.5507591200071071
4.244870236,-4.969870513261256,18.247161747551548,1.5512810040318308
4.244874004,-4.96980955517729,18.233003191211004,1.5518392311407516
4.244878126000001,-4.969741421644555,18.21872092945239,1.5522499669005916
4.2448825260000005,-4.969578257560929,18.204115511383293,1.5525087807251816
4.2448888380000005,-4.969740622999498,18.189476715324627,1.552715484320011
4.24489316,-4.969662214501299,18.174699048912423,1.552834133699518
4.2448986490000005,-4.969541929084428,18.15999556217878,1.5532275432476086
4.2449057560000005,-4.969710927301633,18.14535712376168,1.5537504015259878
4.24491299,-4.9695454939615855,18.130764387687076,1.5543225678659194
4.244919183,-4.969492721750272,18.11583729518481,1.5547408804074887
4.244924186,-4.969311760576325,18.10075398872214,1.5548699723953647
4.244929279,-4.969236077567818,18.08553543063205,1.5549587154589988
4.244935099,-4.969230853678441,18.070285997043968,1.555221128131001
4.2449388390000005,-4.969211105083967,18.0552205395109,1.5556843320763565
4.244944005,-4.969062417881554,18.040165367998128,1.5562567167191963
4.244946977000001,-4.9690739078048205,18.025095861031733,1.5569184192348473
4.244951594,-4.969073216852848,18.009584971206685,1.5571176113160072
4.24496415,-4.968836869498736,17.9938629537196,1.5573117080679058
4.244970041,-4.968824424949809,17.978112274317926,1.557434489282641
4.244975032,-4.96882510520332,17.962375446083918,1.5576300349045331
4.244979275,-4.968728847108646,17.94673255630423,1.5581543306045889
4.244985286,-4.968595746399448,17.931004672766715,1.5588287585536378
4.244988957,-4.969343287576611,17.916885474320164,1.5594009183415891
4.245000079,-4.969372236757861,17.900985437022825,1.55956539240718
4.252793376,-4.969383300156947,17.89829049008108,1.5595777957718338
4.262793376,-4.969394363556033,17.895595543139336,1.5595901991364873
4.272793376,-4.969405426955118,17.89290059619759,1.559602602501141
4.282793376,-4.969416490354203,17.89020564925585,1.5596150058657947
4.292793376,-4.969427553753289,17.887510702314106,1.5596274092304485
4.295425103,-4.969438617152375,17.88481575537236,1.559639812595102
4.295429929,-4.969405652791603,17.86880268901913,1.559867554357793
4.295436167,-4.969295091467526,17.85271759633218,1.5602778540780742
4.29544224,-4.96920126184952,17.836541211820983,1.5608114639082986
4.295460365,-4.969128500481921,17.820319492880436,1.5613216499657954
4.295465279,-4.969189308982445,17.803979267715466,1.5617423231855296
4.302793376,-4.969180584481285,17.803289248519306,1.5617501257275646
4.312793376,-4.969171859980125,17.802599229323146,1.5617579282695995
4.322793376,-4.969163135478965,17.801909210126986,1.5617657308116342
4.332793376,-4.969154410977804,17.801219190930826,1.561773533353669
4.342793376,-4.969145686476645,17.800529171734667,1.561781335895704
4.352793376,-4.969136961975485,17.799839152538507,1.561789138437739
4.362793376,-4.969128237474324,17.799149133342347,1.5617969409797738
4.372793376,-4.9691195129731645,17.798459114146187,1.5618047435218085
4.3827933759999995,-4.969110788472005,17.797769094950027,1.5618125460638435
4.392793376,-4.969102063970844,17.797079075753867,1.5618203486058784
4.402793376,-4.969093339469684,17.796389056557707,1.5618281511479133
4.412793376,-4.969084614968525,17.795699037361544,1.5618359536899482
4.4227933759999996,-4.969075890467364,17.795009018165384,1.561843756231983
4.432793376,-4.969067165966204,17.794318998969224,1.5618515587740178
4.442793376,-4.969058441465044,17.793628979773064,1.5618593613160527
4.452793376,-4.969049716963884,17.792938960576905,1.5618671638580877
4.462793376,-4.969040992462724,17.792248941380745,1.5618749664001224
4.472793376,-4.9690322679615635,17.791558922184585,1.5618827689421573
4.482793376,-4.969023543460404,17.790868902988425,1.5618905714841922
4.492793376,-4.969014818959243,17.790178883792265,1.561898374026227
4.502793376,-4.969006094458083,17.789488864596105,1.561906176568262
4.512793376,-4.968997369956924,17.788798845399945,1.5619139791102967
4.522793376,-4.968988645455763,17.788108826203786,1.5619217816523316
4.529598743,-4.968979920954603,17.787418807007626,1.5619295841943666
4.529603436,-4.969056433864931,17.770868993831176,1.562146775638371
4.529609364,-4.969090003952775,17.754388335673635,1.5623714085149156
4.529616247,-4.9689801316966085,17.73765328079789,1.5627711062238951
4.529621964,-4.968795768363309,17.721055685499007,1.5634330882837275
4.529630487,-4.968719376194241,17.70421144037762,1.5637810831384504
4.52963503,-4.968768227460828,17.687451809706143,1.564214057911567
4.529641536000001,-4.968661525558447,17.670351860520157,1.5643248283347464
4.529648541,-4.96859723354447,17.653213941610154,1.5643795131962313
4.5296666000000005,-4.9684929274310194,17.635960498481374,1.5648285777736115
4.529675544,-4.968425975079538,17.618978211135175,1.565255803516748
4.529689355,-4.968386410941656,17.601723948579107,1.565827349730294
4.529695468,-4.96821967879726,17.58450284855045,1.5662806520588268
4.529731878,-4.968131510108682,17.56688037885249,1.566580274450076
4.5297517030000005,-4.968192260655542,17.54923436145575,1.5666262403927604
4.529755963,-4.968425901455882,17.531843813278304,1.5664994283397151
4.529763432,-4.968434297074717,17.514394670941382,1.5670215124337712
4.529768549,-4.968473617623623,17.49665885539772,1.5676797162712552
4.529774109,-4.968277274915412,17.479136432083784,1.568612472719819
4.529777913,-4.968473019340425,17.461305675550513,1.5679219021787758
4.529786114,-4.968241188180063,17.44532464751503,1.5695116599933996
4.529792997,-4.968047486175855,17.426873306501744,1.5696876985777497
4.529797514,-4.968039962356103,17.408544101883425,1.5702388486888283
4.529803038,-4.9678481011948845,17.39103313907468,1.5698479370941636
4.529807113,-4.967739275165064,17.373144196354648,1.5709054347789733
4.529814256,-4.967792861134538,17.35516102581662,1.571822303498092
4.529818618,-4.967823306836159,17.336740303809233,1.5724433112032148
4.529823863,-4.967516597057353,17.31777293822462,1.571862575653323
4.529827994000001,-4.967325481093652,17.298806955322085,1.5718717236838944
4.529832541,-4.96713192980235,17.280321902469087,1.5723287905434271
4.529837148,-4.9670594377616855,17.262148088338545,1.5730222565664478
4.5298410680000005,-4.9669138158178345,17.243889182223693,1.5738275397968544
4.529847568,-4.966889632524523,17.225425453139852,1.574476935393862
4.529858108,-4.966839906552092,17.20639130125275,1.5745973635789072
4.529867653,-4.96671880086114,17.186963472237615,1.5745841801140203
4.529872182,-4.9665663789254495,17.167774819265293,1.5748039994704364
4.529877334,-4.966511666451076,17.148651495511732,1.5752657273274684
4.529881607,-4.966254173503149,17.12994521624879,1.5761340119025673
4.529886692,-4.966179279650412,17.11125420085929,1.5768431267965417
4.529895988,-4.966163826385004,17.09196563359627,1.5773363588888012
4.5299018030000004,-4.966107966803677,17.07233274566298,1.5774834888400102
4.529906671,-4.96598266570486,17.052412132463886,1.5775461979939849
4.529912106,-4.965915863144076,17.03264029610969,1.577820325097228
4.529917641,-4.965864556391965,17.013521985706426,1.5782781057668922
4.529922574,-4.966099786599467,16.994063694585897,1.5792282884412234
4.529926796,-4.966047712594925,16.97458838651623,1.5799657171768438
4.529931136,-4.966005314140444,16.954547416299405,1.5801716588602182
4.529935844,-4.965956717995238,16.934084108787886,1.5801291876777213
4.529940316,-4.965937868176663,16.913933305559542,1.5802325172937628
4.529945486,-4.965850074840053,16.89389277045826,1.5805664030709996
4.529950617,-4.965786452282528,16.87396556839957,1.5814195247859857
4.529956846,-4.965831865740412,16.854510765080875,1.582361364102154
4.52996366,-4.965593701338941,16.8340306987237,1.5827746657826574
4.529970152,-4.96545313702735,16.813464605754746,1.582935681430211
4.529980216,-4.965261698488389,16.792625405305696,1.5828165921561048
4.529985116,-4.965175127562264,16.771817156277432,1.5829208567441906
4.529990076,-4.965089984388373,16.751433266966565,1.5835013677395555
4.52999559,-4.965060544811487,16.730940192596556,1.5843711375253404
4.530000193,-4.965102623150927,16.71034142679585,1.5849256953166897
4.53000853,-4.965677257275563,16.692535727328764,1.5859601270355788
4.53001416,-4.965524629004555,16.671479192011333,1.5861226260641856
4.5300204200000005,-4.965392029503007,16.65007667830384,1.586021125396492
4.530024712,-4.966103710318281,16.629941870984105,1.5872158687699438
4.53002834,-4.966221173879294,16.609194005710208,1.5878482145824175
4.530031896,-4.966245460330024,16.58839096891068,1.588597669595362
4.530035998,-4.966360756590559,16.567690657818613,1.589326072098787
4.5300405580000005,-4.966470640580466,16.546138181422904,1.5892721602437214
4.530047863,-4.966453617876439,16.524761991445647,1.589490828333862
4.530053971,-4.966723354222055,16.502848795952225,1.589164628077147
4.530072077,-4.966827299817583,16.481705176188907,1.5896615717684115
4.5300876720000005,-4.96686719011054,16.460596724184853,1.5905549571135011
4.530105331000001,-4.966970225892377,16.43930821549105,1.591263970432434
4.532793376,-4.967019846394319,16.424824170379075,1.59147920934646
4.542793376,-4.967069466896262,16.4103401252671,1.591694448260486
4.543443625,-4.967119087398204,16.395856080155127,1.591909687174512
4.543448866,-4.967108847542763,16.351204241196527,1.5918446826702328
4.543455968,-4.966993115031066,16.329324920893757,1.5925010761803864
4.543462058,-4.966849773438098,16.307704831391916,1.5933819365688724
4.543466279,-4.966777949831654,16.286052621425842,1.594327398107614
4.54347634,-4.966639358666492,16.263416765450433,1.594388204788729
4.543481021,-4.966786926349335,16.24085099203374,1.5943807162066497
4.543485861,-4.96562524553281,16.217673593501072,1.5942459925683317
4.5434918810000005,-4.965590427424012,16.194954863215674,1.5945175638898867
4.543495802,-4.965660424805496,16.1728649801002,1.595311269061214
4.5435069640000005,-4.965602922731756,16.150828636280384,1.5962446708419131
4.543511615,-4.965526988399203,16.128428000598436,1.596968988438343
4.543516791,-4.9655299632266034,16.105327485225008,1.5971128609489185
4.548711432,-4.965335275020782,16.082198699646884,1.5971546097763862
4.5521956480000005,-4.96530867984777,16.05872115917208,1.597050024543914
4.552793376,-4.965306343477415,16.05664809706004,1.5970946839050897
4.562793376,-4.96530400710706,16.054575034947998,1.597139343266265
4.572793376,-4.9653016707367055,16.05250197283596,1.5971840026274406
4.582793376,-4.9652993343663505,16.05042891072392,1.597228661988616
4.592793376,-4.9652969979959956,16.04835584861188,1.5972733213497916
4.602793376,-4.96529466162564,16.046282786499837,1.597317980710967
4.612793376,-4.965292325255285,16.044209724387798,1.5973626400721426
4.622793376,-4.96528998888493,16.04213666227576,1.597407299433318
4.6327933759999995,-4.965287652514575,16.04006360016372,1.5974519587944935
4.642793376,-4.96528531614422,16.037990538051677,1.597496618155669
4.644928086,-4.965282979773865,16.035917475939637,1.5975412775168445
4.644932959,-4.965342877071242,16.013189439265442,1.5983114767007136
4.644939203,-4.965355610384463,15.990184883042648,1.599253305094572
4.644944553,-4.965510347866768,15.967101447087057,1.5997577784747363
4.644949232,-4.965683827485725,15.943560324495502,1.5997927858398324
4.6449597570000005,-4.964994128094962,15.91964666743566,1.599451966956874
4.644966051,-4.96506457481917,15.896046862379643,1.5995604699717454
4.644971905,-4.964841008896959,15.872725896164416,1.600289669424671
4.644976389,-4.964921723644192,15.84961102052304,1.6012902868938972
4.6449799800000005,-4.964897816648966,15.82638823335406,1.602114941167591
4.6449827290000005,-4.964816967139583,15.802662613524138,1.6025426434363383
4.6450118840000005,-4.964830812765298,15.778318138704924,1.6023272003289029
4.6450175,-4.964846559737756,15.75407757480164,1.6022649335080452
4.64502788,-4.964899224596739,15.730162477977046,1.6025680450530446
4.645030911,-4.964770338796551,15.70649958960446,1.603328008534922
4.645035312,-4.964819919620892,15.682905527482747,1.6043725269748412
4.645043354,-4.964828144239568,15.659069177937,1.6050384625416585
4.645048549,-4.965039157969634,15.63480303947296,1.6052691008789608
4.645053407,-4.9651357598696695,15.610073506982458,1.6051000189854656
4.64505828,-4.965383724028702,15.585848430151096,1.6049369128652589
4.6450635590000005,-4.965521178953413,15.561608566742237,1.6054622236067204
4.645076138,-4.965557192565152,15.537590608347504,1.606573561118289
4.645080754,-4.96540047543653,15.513417121164304,1.6073814594088394
4.645086202,-4.965254810884467,15.489005733309126,1.6079754900903538
4.645092247,-4.965316194270087,15.464158646307403,1.607994806847846
4.645095496000001,-4.965694385497391,15.439247618978932,1.6076856987360293
4.645099083,-4.965861280122351,15.414503966055712,1.6079086675895211
4.652793376,-4.965857724344556,15.402084036945901,1.6081767481295417
4.662214878,-4.965854168566759,15.38966410783609,1.6084448286695625
4.662247385,-4.965646261263852,15.365123465060613,1.6095230370494842
4.662793376,-4.965644305420073,15.353295756004345,1.609988124741999
4.666738626,-4.965642349576295,15.341468046948076,1.610453212434514
4.66674878,-4.965459094249735,15.315400517295805,1.610723820790304
4.666756108,-4.9657252293325245,15.290224324962187,1.610982320665476
4.666790166,-4.965862255434187,15.264813356541923,1.610800818856261
4.666798937,-4.965944810846367,15.23945440860449,1.6111911896832942
4.666859628,-4.965869746250439,15.21431625640012,1.612030429880312
4.671853583,-4.965809920169303,15.189350290411912,1.613219330379705
4.671870936,-4.965692310117342,15.16399473541902,1.6140117713387154
4.6727933759999996,-4.965765710156019,15.151187613375619,1.6141137946301467
4.679694976,-4.965839110194695,15.138380491332216,1.6142158179215778
4.67974665,-4.966055509331119,15.112523940965454,1.6142690166579086
4.682793376,-4.966076717220627,15.103887552493473,1.6142589623313135
4.692793376,-4.966097925110135,15.095251164021493,1.6142489080047187
4.694303057,-4.966119132999642,15.086614775549512,1.6142388536781236
4.694320665,-4.96611858018765,15.061082833595142,1.6148269763730043
4.694350265,-4.966152885567491,15.035636245541276,1.6159125069658435
4.694368157,-4.966149573933844,15.010066355875894,1.6164771661306594
4.702793376,-4.966145544001104,14.997043775447096,1.6167916889694598
4.70659266,-4.966141514068363,14.984021195018297,1.61710621180826
4.706620431,-4.966430612032485,14.957771405585431,1.6172322782522937
4.706641859,-4.966692151838202,14.931517584137424,1.617127556516074
4.7067102290000005,-4.966812537482109,14.905129161593994,1.6173213248103706
4.7123053530000005,-4.964684724426898,14.878448340634828,1.6182721854218234
4.712793376,-4.964684481049717,14.87683397778148,1.6183295652799898
4.722793376,-4.964684237672536,14.875219614928135,1.6183869451381565
4.732793376,-4.9646839942953545,14.873605252074789,1.618444324996323
4.742793376,-4.964683750918174,14.871990889221442,1.6185017048544894
4.752793376,-4.964683507540992,14.870376526368094,1.618559084712656
4.762793376,-4.964683264163812,14.868762163514749,1.6186164645708225
4.772793376,-4.96468302078663,14.867147800661403,1.618673844428989
4.782793376,-4.964682777409449,14.865533437808056,1.6187312242871554
4.792793376,-4.964682534032268,14.863919074954708,1.618788604145322
4.802793376,-4.9646822906550865,14.862304712101363,1.6188459840034886
4.812793376,-4.964682047277906,14.860690349248017,1.618903363861655
4.822793376,-4.964681803900724,14.85907598639467,1.6189607437198217
4.832793376,-4.964681560523544,14.857461623541322,1.6190181235779881
4.842793376,-4.964681317146362,14.855847260687977,1.6190755034361546
4.852793376,-4.9646810737691816,14.854232897834631,1.6191328832943213
4.854664264,-4.964680830392,14.852618534981284,1.6191902631524877
4.854667289,-4.964599458032305,14.826470631004764,1.6200873752380234
4.854671522,-4.964589096592626,14.800072105510326,1.6205456861304273
4.854675086,-4.964751695967988,14.773205082377904,1.6206819419926362
4.854678322,-4.964896799544034,14.746314767636855,1.6202823242295477
4.854697956,-4.96495620271534,14.719673810493656,1.6210669982771015
4.854703609,-4.96491567610417,14.693372118266891,1.6216874560095909
4.8547083440000005,-4.964843991761698,14.66669546542735,1.6227342313516773
4.854713163,-4.964767789371771,14.64033478614119,1.6234794577189695
4.854717208,-4.96484695490893,14.6135325820131,1.6235090800620555
4.854721282,-4.964938050038755,14.586300882527125,1.6235073850118729
4.854724463,-4.96517101344916,14.558632887961377,1.6236852089778446
4.854727458,-4.965338047725623,14.5315672499337,1.6243781646824131
4.854732172,-4.965436437186938,14.504824546185205,1.6254789434483785
4.85473859,-4.965569722552337,14.477912440226731,1.6267744874654122
4.854744974,-4.965571085415193,14.45079079224094,1.627422199908695
4.854750011,-4.965709828052967,14.423182970737198,1.6276392635809536
4.854754582,-4.966055875135834,14.395483178333889,1.6277446240633866
4.8547631430000004,-4.966036975409153,14.367770103800453,1.6277630417925668
4.854768061000001,-4.966184887173468,14.340459938517744,1.6288156543009955
4.854771994,-4.966351649415765,14.313144688750809,1.6300138733802851
4.854776441,-4.966530058225836,14.285624058930388,1.6311700717618651
4.854789233,-4.966706176984329,14.257752091041189,1.6317554926393358
4.854806813000001,-4.9668767724546905,14.229649057495829,1.6319970905930952
4.85481126,-4.967137417772525,14.201701687515502,1.6321462481708828
4.854814923,-4.967363011157227,14.173655818602873,1.6326589169362855
4.854820478,-4.967459507530568,14.14610309844544,1.633853244416078
4.854830469,-4.967543642456947,14.118326107789578,1.635060617965422
4.854834250000001,-4.967780693970037,14.090149025107095,1.6360275565155789
4.8548393,-4.967932110808634,14.061966215322322,1.6364549189222803
4.8548578110000005,-4.968313767030796,14.033304528412682,1.6365225080564056
4.854861244,-4.968676990230604,14.004787959834662,1.6367141270665166
4.854869444,-4.968787293602997,13.97622228077773,1.6376841338094827
4.854874542,-4.968889035170262,13.948207291271569,1.6388618150127732
4.854879423,-4.968955441263792,13.919945673801651,1.6401711526576064
4.854883319,-4.969161370947801,13.891254626780809,1.640938162704449
4.854888305,-4.969412786155166,13.8625204291325,1.6413669790570282
4.854893567,-4.9699051629992494,13.83352179579714,1.641386862382778
4.854903731,-4.97014487186019,13.804499795613523,1.6418269044811924
4.85490902,-4.970252777040079,13.775722676478766,1.6430311023720718
4.85491857,-4.970514709307133,13.747120253119936,1.6442041739779156
4.854922138,-4.9705683790837005,13.718337079469087,1.6451669172200838
4.859302158,-4.970752767415283,13.689232627405666,1.645707489545869
4.85930589,-4.970984463656049,13.659715264167549,1.6461391628993696
4.859323044,-4.971189874610621,13.630038140933804,1.6465073028159194
4.862793376,-4.971424443198923,13.615811063532032,1.646475540102688
4.871225677,-4.971659011787224,13.60158398613026,1.646443777389457
4.871231553,-4.971670856716559,13.57198805534614,1.648010623450024
4.871237451,-4.971840604385097,13.542509349803227,1.6492553950639717
4.871242422,-4.971968566411616,13.51312356627172,1.6502100028562712
4.872793376,-4.972140518603896,13.498610452714834,1.6502787472845444
4.87479025,-4.972312470796177,13.484097339157948,1.6503474917128176
4.8793577070000005,-4.972524204798976,13.453984000996732,1.650269377272824
4.8827933759999995,-4.972587594339142,13.443944647547065,1.650498918461813
4.892793376,-4.972650983879308,13.433905294097398,1.6507284596508023
4.898501058,-4.972714373419474,13.423865940647731,1.6509580008397913
4.902793376,-4.9727273205427025,13.408970839818574,1.6513620228837307
4.903300048,-4.972740267665932,13.394075738989416,1.65176604492767
4.903305743,-4.972841346723203,13.364528152390218,1.653023121605438
4.903312677,-4.972945401081873,13.334795065447873,1.6541653464473332
4.903317478,-4.973226123025245,13.305070965423653,1.654974586699745
4.903323018,-4.973448726531736,13.274677533313254,1.6552770249579911
4.90332788,-4.973518523034568,13.244260659579284,1.6553780051875653
4.910881365,-4.973776430553512,13.213902038193028,1.6557679176393432
4.910887722,-4.973771639328231,13.183764831070537,1.656867427370512
4.910891596,-4.973813537311594,13.153581037095613,1.6580808704568604
4.912793376,-4.973852384975511,13.138403450686432,1.658638525034711
4.915101699,-4.973891232639428,13.123225864277254,1.6591961796125618
4.9227933759999996,-4.973894944832398,13.121203419183963,1.6592388001274945
4.932793376,-4.973898657025367,13.119180974090671,1.659281420642427
4.942793376,-4.973902369218337,13.11715852899738,1.6593240411573595
4.952793376,-4.9739060814113065,13.11513608390409,1.659366661672292
4.962793376,-4.9739097936042755,13.1131136388108,1.6594092821872246
4.972793376,-4.9739135057972454,13.111091193717508,1.659451902702157
4.982793376,-4.973917217990215,13.109068748624217,1.6594945232170897
4.992793376,-4.973920930183184,13.107046303530927,1.659537143732022
5.002793376,-4.973924642376154,13.105023858437637,1.6595797642469547
5.012793376,-4.973928354569124,13.103001413344344,1.6596223847618872
5.022793376,-4.973932066762093,13.100978968251054,1.6596650052768198
5.032793376,-4.973935778955063,13.098956523157764,1.6597076257917522
5.042793376,-4.973939491148033,13.096934078064473,1.6597502463066849
5.052793376,-4.973943203341002,13.094911632971181,1.6597928668216173
5.060609355,-4.973946915533972,13.09288918787789,1.65983548733655
5.060612291,-4.974182204676311,13.062295409672204,1.6598324272853051
5.060621971,-4.974473813880413,13.031462206373993,1.659989972043377
5.06062492,-4.974482129230137,13.00090664750432,1.6604829952269171
5.06062888,-4.974601544564935,12.970220414902755,1.6616718711051384
5.06063317,-4.974609670149018,12.939658551286524,1.6629161300176265
5.060636689,-4.974616730827393,12.908831221999971,1.663601611827056
5.060641751,-4.974660673528011,12.877918944173516,1.6639657872056797
5.060647374,-4.974802790803706,12.846668747083967,1.663875618971434
5.060664399,-4.975005684929816,12.815653480116811,1.664029529185682
5.060669231,-4.975066259339045,12.78436721543659,1.6646273352895478
5.060675393,-4.975134270232429,12.753425194837384,1.665939679553583
5.060680489,-4.975027198843783,12.722533144596182,1.6668710455744196
5.060685946,-4.975115575867883,12.6911653543573,1.667635249851268
5.060690345,-4.975180225991541,12.659626499671491,1.6675598685678248
5.060694984,-4.975365711246748,12.628229276643276,1.6674779005165756
5.060699442,-4.975283681980144,12.59660391538378,1.6676893544506404
5.060704394,-4.975283357187397,12.565150961922424,1.6687095713825963
5.060710832,-4.975257907878399,12.533676584871152,1.6700041786076834
5.060716008,-4.975171641916753,12.502126801645344,1.670915774224932
5.060721572,-4.975087590331759,12.470311767992532,1.671124304788678
5.060724803,-4.975278847933356,12.438476859522323,1.6710940414921969
5.060727922,-4.975305097484386,12.40654868343242,1.6709930547298353
5.060734647,-4.975282079132024,12.37469642942136,1.6717441196264429
5.060740155,-4.975245507212383,12.342892688898312,1.6726656582793626
5.060744592,-4.975155447474351,12.311036451020753,1.6737447252975657
5.060752518,-4.974901531779284,12.279011113829736,1.67430596614723
5.060757351,-4.97507607823576,12.2468354095024,1.6746065312491007
5.060762841,-4.975064321509596,12.214672736035627,1.6745451661902082
5.0607661870000005,-4.975135158470824,12.18224520569152,1.674643477267418
5.060769212,-4.97516781394392,12.149979077447988,1.675342638250252
5.060774598,-4.9748611196714325,12.117871891738098,1.6761297339893226
5.0607800780000005,-4.974852792831507,12.085544361373564,1.6769722482521343
5.0607838560000005,-4.974872741690447,12.053037339213692,1.6775115018352902
5.0607939680000005,-4.974866264217604,12.020504504100028,1.67735528860316
5.060797459,-4.974922397931671,11.987682513783753,1.677365556923222
5.060800883,-4.974943536559775,11.955043402195882,1.6775925149472142
5.060804394,-4.97483430507842,11.922240849613912,1.6784915723806977
5.060811243,-4.974675084284272,11.889653435853784,1.6793828124045975
5.060815078,-4.974487925173841,11.856856578165004,1.6800170843857167
5.060824724,-4.9746642120170765,11.823827561097184,1.6802177246259853
5.060829626,-4.974633828240604,11.790707813309911,1.6800943653104543
5.060848106,-4.974732718747967,11.757685654475326,1.679899676053445
5.062793376,-4.974673237818191,11.741153609320369,1.6802271673339955
5.0650322270000006,-4.974613756888415,11.724621564165412,1.680554658614546
5.0650422740000005,-4.974527638737557,11.691510322170997,1.6814719949970558
5.067933879,-4.974468021671188,11.658490176473489,1.6822991831091845
5.070992675,-4.974315415399756,11.625178614109604,1.6829537353831014
5.072793376,-4.9742957673493775,11.608451885135407,1.6828754666433845
5.0740375040000005,-4.974276119298999,11.59172515616121,1.6827971979036678
5.077169159,-4.974425308857259,11.558225960916037,1.682627576854926
5.080314072,-4.974346434898303,11.524716511304137,1.682622225489682
5.082793376,-4.9743351016480934,11.507945594660479,1.6829403677498984
5.084626269,-4.974323768397884,11.49117467801682,1.6832585100101147
5.0873726580000005,-4.974372885682032,11.457805504223888,1.6841796661928368
5.090450528,-4.974139447086066,11.42424107332402,1.6849960454108872
5.092793376,-4.974185229083171,11.407427661862364,1.6851974561270804
5.09308451,-4.974231011080277,11.390614250400708,1.6853988668432736
5.09670035,-4.974247875455605,11.356704130725651,1.6852215182998331
5.102793376,-4.974345601917238,11.339710455736814,1.6851325836951538
5.103861237,-4.974443328378872,11.322716780747974,1.6850436490904743
5.10855788,-4.974928646956037,11.288716891416126,1.686106446438281
5.112717353,-4.974856807496212,11.254905391953928,1.6870120799394832
5.112793376,-4.9747501680953965,11.238022906879717,1.6875075372314772
5.1188952400000005,-4.974643528694581,11.221140421805504,1.6880029945234714
5.118907543,-4.974645641525334,11.187351903822144,1.688639794555234
5.118954691,-4.974673049329096,11.153085924376962,1.6889160351632166
5.122793376,-4.974660485376609,11.135924464947932,1.6888339768828449
5.126004625,-4.974647921424123,11.118763005518902,1.688751918602473
5.1327933759999995,-4.9746652321822085,11.116619172466553,1.6887391050594043
5.142793376,-4.974682542940293,11.114475339414202,1.6887262915163355
5.152793376,-4.974699853698379,11.112331506361851,1.6887134779732667
5.162793376,-4.974717164456464,11.110187673309502,1.6887006644301978
5.1727933759999996,-4.974734475214549,11.108043840257153,1.688687850887129
5.182793376,-4.974751785972634,11.105900007204802,1.6886750373440602
5.192793376,-4.97476909673072,11.103756174152451,1.6886622238009914
5.202793376,-4.974786407488805,11.101612341100102,1.6886494102579226
5.212793376,-4.97480371824689,11.099468508047753,1.6886365967148538
5.222793376,-4.974821029004976,11.097324674995402,1.688623783171785
5.232793376,-4.9748383397630604,11.095180841943051,1.6886109696287162
5.242793376,-4.974855650521146,11.093037008890702,1.6885981560856473
5.252793376,-4.974872961279231,11.090893175838353,1.6885853425425785
5.262793376,-4.9748902720373165,11.088749342786002,1.6885725289995097
5.272793376,-4.974907582795401,11.086605509733651,1.688559715456441
5.275394897,-4.974924893553487,11.084461676681302,1.688546901913372
5.275399309,-4.974930248883801,11.050245804738354,1.689013180149504
5.2754039,-4.974856912831971,11.015903277082222,1.689739915701363
5.275410109,-4.974959143988024,10.981834259555145,1.6905972936010725
5.275425695,-4.974736291685195,10.947246152941164,1.6910711556636444
5.2754474060000005,-4.974924173102542,10.9126957865555,1.6910959012646951
5.275453423,-4.975070501409656,10.878048706484416,1.6910245414609653
5.275458708,-4.975266730212494,10.843227104869948,1.690711254027233
5.275462034,-4.975192156791195,10.80873617516744,1.691411519406309
5.275472824,-4.975201649878929,10.773867400980569,1.692455670250833
5.275478486,-4.975176624325718,10.73913572431786,1.6933826469856754
5.275483529,-4.975034815647321,10.704164569612258,1.6934858024439052
5.275489327,-4.975311920707225,10.669204647072991,1.6933481254245073
5.275495605000001,-4.9758396256541095,10.634132274368651,1.6931369854918534
5.275509974,-4.97569623025625,10.59891207864281,1.6935348920767337
5.2755152160000005,-4.975522433103467,10.5639472617749,1.6940713421868332
5.2755340010000005,-4.975495095909566,10.528900658184856,1.6952200244183784
5.275548271,-4.975569942034754,10.493902373271782,1.695822838059065
5.275551442,-4.976007192119713,10.458701649192191,1.6958952726362382
5.275581432,-4.976117470862353,10.422583827260164,1.6959578871730103
5.2756040010000005,-4.976337413399388,10.38718701868618,1.6960482815819533
5.2756082730000005,-4.976676161109698,10.35195211030602,1.6961744708737634
5.275613656,-4.976656686176126,10.316539589380133,1.6969068109050989
5.27561752,-4.976555591328983,10.28111849458119,1.6980054891651477
5.275637487,-4.976717547515238,10.24562993697197,1.6982878881342236
5.275645296,-4.9770364223872745,10.209922093175996,1.698270579000771
5.275651269,-4.977156897807027,10.174300260141022,1.6981413118537017
5.2756556880000005,-4.977443609573147,10.13870855128316,1.698140652688036
5.275659878,-4.977564664991655,10.102716784573108,1.6986310158269455
5.275676186,-4.977747426008379,10.067037530565996,1.699785295899866
5.275681565,-4.978286360354859,10.030715667204197,1.700545485839109
5.275685962,-4.97783339902171,9.995252144194904,1.700840400136126
5.275696396,-4.978074334110104,9.959410943940169,1.7006659046477215
5.2757009560000006,-4.978620232593968,9.923320709250165,1.7006099084125987
5.275712186,-4.9781588744014895,9.8875771241297,1.700785395536882
5.2757467380000005,-4.978418909249726,9.851202761015609,1.7022411924065572
5.2757527070000005,-4.9784508097934514,9.81503387415821,1.7028412516307072
5.27575876,-4.978484419116613,9.779490861088764,1.7034057984759663
5.2757802830000005,-4.978697217597699,9.742840923910435,1.7034709956270973
5.275790686,-4.978959662361946,9.70689055558896,1.703541644436572
5.275799871,-4.979382302051769,9.670449936531908,1.703344320175499
5.275815177,-4.979412200951307,9.63428532937075,1.703621860086638
5.2758190670000005,-4.979545949414861,9.59774671660228,1.7044042989208434
5.275847576,-4.979558068246186,9.561371791130917,1.7052712241666064
5.281315426,-4.979792712525637,9.524991847717608,1.7057589924539616
5.281320265,-4.979892819860973,9.488579195786096,1.705561318513386
5.281323704,-4.98000577880878,9.452062625049114,1.7053565703807685
5.282793376,-4.980120540988114,9.439911424306889,1.7053836635408077
5.292793376,-4.980235303167448,9.427760223564661,1.705410756700847
5.297799237,-4.980350065346782,9.415609022822435,1.7054378498608862
5.297803486,-4.980421628727397,9.378859218336409,1.7060081777882554
5.297821441,-4.980526329287107,9.342413795102267,1.7066941604899932
5.297827009,-4.980540932209746,9.30573218302412,1.7075362416734352
5.297838735,-4.980781729411502,9.268852034363496,1.7078879790690846
5.297850307,-4.981045243854619,9.2321002380466,1.7074957211554602
5.301597183,-4.981148667613058,9.195277191723491,1.7073182697941107
5.302793376,-4.981242217038796,9.176855990922043,1.7073826390354723
5.306580161,-4.981335766464534,9.158434790120596,1.7074470082768338
5.309073977,-4.981359429202604,9.121592077088852,1.7081070429095109
5.312793376,-4.981435753263337,9.103184999272008,1.708512666070193
5.3160729,-4.981512077324069,9.084777921455164,1.708918289230875
5.316112053,-4.981568882914606,9.04768089236788,1.7096189614096216
5.322725807,-4.981669411472267,9.010488546783224,1.7096426344779267
5.322731493,-4.981811236454822,8.973766462737744,1.7093256660632137
5.322793376,-4.981949714816137,8.955217975423231,1.7092843900432166
5.327201787,-4.982088193177453,8.93666948810872,1.7092431140232196
5.3272064320000005,-4.981959018020874,8.89964512710771,1.7094516717795467
5.332793376,-4.9819654907540825,8.896992500307547,1.7095084928474313
5.342793376,-4.9819719634872905,8.894339873507382,1.709565313915316
5.352793376,-4.981978436220499,8.89168724670722,1.7096221349832008
5.362793376,-4.981984908953708,8.889034619907056,1.7096789560510854
5.372793376,-4.981991381686916,8.886381993106893,1.70973577711897
5.3827933759999995,-4.981997854420124,8.883729366306728,1.7097925981868547
5.392793376,-4.982004327153332,8.881076739506565,1.7098494192547395
5.402793376,-4.98201079988654,8.878424112706401,1.7099062403226242
5.412793376,-4.982017272619748,8.875771485906236,1.7099630613905088
5.4227933759999996,-4.982023745352956,8.873118859106073,1.7100198824583934
5.432793376,-4.982030218086165,8.87046623230591,1.710076703526278
5.442793376,-4.982036690819373,8.867813605505747,1.710133524594163
5.452793376,-4.982043163552581,8.865160978705582,1.7101903456620475
5.461908857,-4.982049636285789,8.862508351905419,1.7102471667299322
5.461912157,-4.981873037959625,8.825648788029266,1.7108783753914645
5.4619198010000005,-4.981730683098454,8.788589515701544,1.7112872838357085
5.461924721,-4.981879566629457,8.751095087738173,1.7111233862032758
5.461928029,-4.982166117138578,8.713876822221193,1.7108589562109169
5.461943818,-4.982015976810013,8.676563794963537,1.7107368305036112
5.461960438,-4.982297150706464,8.638965549157065,1.7113437613932736
5.461966544,-4.982758241567327,8.600177415880779,1.712680613287144
5.4619705220000005,-4.982863370420665,8.56274505380754,1.7133422917103875
5.461976956,-4.982819352251361,8.525237854606006,1.713667854194265
5.4619824480000005,-4.983005239385993,8.487536225790466,1.7133410853444129
5.461986413,-4.98325876708153,8.449855698882676,1.7131863717091145
5.461994005,-4.983169228910597,8.412122133281613,1.7133206623650823
5.461999696,-4.983434062871056,8.373925773304503,1.71417839621662
5.462005121,-4.983092097505731,8.336406777664045,1.7148743763655463
5.462015787,-4.983051535164816,8.298548309557159,1.7154072057008225
5.462019831,-4.983237292594721,8.260680359722752,1.71548371478687
5.46202419,-4.983439348800165,8.222567087611178,1.7153066385670506
5.462028436,-4.983595820658686,8.18439071079155,1.7152908655857952
5.462032733,-4.983466257602179,8.14652922160938,1.715623750125007
5.46204089,-4.983514226979502,8.108207978546659,1.7167211823064463
5.462052656,-4.9833458034165385,8.070139155663409,1.7173199443110134
5.4620584910000005,-4.9833736599013525,8.031765773761935,1.7179597211032631
5.462063711,-4.983479005041843,7.993770913108428,1.7178115370264626
5.4620669490000004,-4.983405508310128,7.955322442276888,1.7175998948379558
5.462070462,-4.983575759218817,7.917206556750416,1.717495692966141
5.462074836,-4.98330885038323,7.878829364560272,1.7182181774615624
5.462078211000001,-4.9832113573409815,7.840678759192162,1.7189846668307
5.462793376,-4.983186428122835,7.831024274663608,1.7191649874971837
5.472793376,-4.983161498904687,7.821369790135053,1.7193453081636672
5.482793376,-4.98313656968654,7.811715305606498,1.7195256288301508
5.486201398,-4.983111640468393,7.802060821077943,1.7197059494966345
5.486208288,-4.983153972669827,7.763684493858239,1.7199508283229925
5.486213362,-4.983218465278465,7.724927713211702,1.7201254594413775
5.486221851,-4.983304206580035,7.68638132507227,1.719906163803952
5.486230334,-4.983272029662925,7.647726872364971,1.720211502832429
5.486236987,-4.983173732795267,7.60913736986979,1.7206925937850657
5.486252263,-4.983005395114033,7.570489148219849,1.7215774906362509
5.48625737,-4.982743352894745,7.532047875185027,1.7219346297477072
5.4862623280000005,-4.982878979418243,7.493151057762808,1.7221793286076263
5.486267054,-4.983109567697759,7.45391261480043,1.7221178091581688
5.4905024970000005,-4.983135000530005,7.415261887773724,1.7219604581494974
5.490506161,-4.983272833728047,7.37584671697447,1.7228138865556646
5.4905293010000005,-4.982903136182909,7.337400605041447,1.7232729853235222
5.490534452,-4.982992217995622,7.297812073777332,1.7243698457085672
5.490539793,-4.982815276344551,7.259004009904052,1.7246608409081974
5.4905516510000005,-4.983270637871853,7.219513162334968,1.7247552264206434
5.490555474,-4.98345382959868,7.18048520154596,1.7244569476493354
5.490562402,-4.983570708883495,7.14126242295111,1.7246597374296764
5.490566504,-4.983414464226576,7.102160445853105,1.725099708898013
5.490569918,-4.983304016545957,7.062715021607064,1.7261494553068992
5.492793376,-4.983241166250939,7.043086519784888,1.7264745351677795
5.494296461,-4.983178315955921,7.023458017962712,1.72679961502866
5.494307573,-4.983119086491239,6.984190567332087,1.7269370333201828
5.49736099,-4.983270872559892,6.944745200844023,1.7268631395898195
5.501905721,-4.98331797064941,6.905315658644124,1.7266792507078177
5.502793376,-4.983311838319427,6.902030041561391,1.7266955793965424
5.512793376,-4.983305705989444,6.898744424478657,1.7267119080852669
5.522793376,-4.983299573659461,6.895458807395925,1.7267282367739916
5.532793376,-4.983293441329478,6.8921731903131915,1.7267445654627163
5.542793376,-4.983287308999495,6.888887573230458,1.7267608941514407
5.552793376,-4.983281176669512,6.885601956147726,1.7267772228401654
5.562793376,-4.983275044339528,6.882316339064992,1.7267935515288901
5.572793376,-4.983268912009546,6.879030721982259,1.7268098802176146
5.582793376,-4.9832627796795625,6.875745104899526,1.7268262089063393
5.592793376,-4.983256647349579,6.872459487816792,1.726842537595064
5.602793376,-4.983250515019597,6.86917387073406,1.7268588662837885
5.612711,-4.983244382689613,6.865888253651327,1.7268751949725132
5.612793376,-4.983240016818141,6.86096869153786,1.7269681188060093
5.622793376,-4.983235650946669,6.8560491294243935,1.7270610426395054
5.6327933759999995,-4.983231285075196,6.8511295673109265,1.7271539664730016
5.642793376,-4.983226919203723,6.8462100051974595,1.7272468903064975
5.652793376,-4.983222553332251,6.8412904430839925,1.7273398141399936
5.662793376,-4.983218187460778,6.8363708809705255,1.7274327379734897
5.6727933759999996,-4.983213821589306,6.831451318857059,1.7275256618069859
5.674896726,-4.983209455717834,6.826531756743592,1.727618585640482
5.674900283,-4.983055937548626,6.787192312492939,1.728473463215629
5.674910136,-4.98305701546968,6.747738434009406,1.7289839425563769
5.674915177,-4.983109669745685,6.708219994192163,1.7290998765700598
5.67494555,-4.983223529561128,6.668613293857708,1.728716219747006
5.674948865,-4.983363265712641,6.628902068731247,1.728643730567968
5.674952642,-4.983252421778239,6.5893353184469525,1.7290744386557206
5.674956653,-4.983057059688171,6.549784864231424,1.7298371143120028
5.674963619000001,-4.982909748910008,6.510137182976733,1.7306292530394745
5.674966487,-4.9829755242769656,6.47042571432011,1.7309840616623933
5.674973564,-4.98316859264243,6.43061618933938,1.7309287459240508
5.674980392,-4.983330562554102,6.390763122182329,1.7306606766902486
5.674983587,-4.9834644121725535,6.351054307971669,1.7306686811912066
5.674989244,-4.983380163014196,6.311276701208229,1.7311937077644828
5.674993389,-4.983306887749777,6.27154420685212,1.731960750977254
5.674998128,-4.983208383453488,6.231604667552928,1.732578114148774
5.675003058000001,-4.98325028260368,6.191777417522285,1.7326954974464286
5.675006306,-4.983477252213552,6.151690385511807,1.7324862279209736
5.675011815,-4.983702976234192,6.111685563988754,1.7322721740230684
5.6750195660000005,-4.9837995416308525,6.071658012660113,1.732415492009884
5.675024087,-4.983729136282816,6.031654827383322,1.7329655885328643
5.67502756,-4.983703089035227,5.991686657822191,1.7337510446617532
5.67503315,-4.983634716767095,5.951616552057476,1.7341404844866146
5.6750375570000005,-4.983807469007973,5.911424524531026,1.734072405200488
5.675047601,-4.984156565220892,5.871219525719321,1.7337447016373373
5.675053991,-4.984264817793522,5.830990604360665,1.7335745564947505
5.675058247,-4.984373265042964,5.790708635392239,1.7338839693731274
5.67506335,-4.984357740575129,5.750562436359174,1.7344179502106558
5.675074446,-4.984267629222259,5.710328360706576,1.7350876286555363
5.675080691,-4.984374620824448,5.66997634951858,1.7353224855305165
5.67508566,-4.98463006770581,5.629550846028244,1.735088612273923
5.675091454,-4.9848270971785125,5.58906819897476,1.7347922103145013
5.675095007,-4.984966558502616,5.548552079295074,1.7347421211307157
5.675098341,-4.985040302229707,5.50817126079372,1.735134304070135
5.675100725,-4.985081223108439,5.467720971515266,1.7357806731045136
5.675126421,-4.985061572208357,5.427159151832391,1.736330998090685
5.675133849,-4.985209757699629,5.386661027632363,1.736295498072118
5.675137426,-4.985518172592186,5.345992111717508,1.7359785037607764
5.675144632,-4.985740974186334,5.305369391264995,1.7356637456798925
5.675148555,-4.9858894396035565,5.264611921517108,1.7358013647014112
5.67515248,-4.985980021799872,5.224050184087179,1.7363123584502873
5.675173195,-4.985956638819869,5.183270523107583,1.736942817812632
5.6751792000000005,-4.986007139008694,5.142640189293895,1.7373254479348068
5.675183889,-4.986215440136191,5.101777430608893,1.737242891894785
5.675187758,-4.986486638104099,5.0609573048175545,1.736860066171305
5.675193808,-4.9866336405872,5.0201018633320444,1.7366837289912802
5.675198177,-4.986749592463459,4.979229698504267,1.736833124502324
5.675213084,-4.986751658528715,4.938354289090261,1.7373535926024368
5.682793376,-4.986753980180643,4.917915602800926,1.7376474526285104
5.692476274,-4.986756301832569,4.897476916511592,1.737941312654584
5.692479932,-4.986858082392367,4.85651723578139,1.7380773978879172
5.6924844530000005,-4.987121598624896,4.815491352039512,1.73782424619598
5.692489299,-4.987364898752678,4.774481740647699,1.737435185897264
5.6924939310000005,-4.987579561393913,4.733424335539223,1.737337987382974
5.692498445,-4.987603218450979,4.69239526061879,1.7377772913808662
5.692512451,-4.987546818725071,4.65130807626452,1.7383461384382108
5.692533616,-4.987502572015653,4.610249594052879,1.7385762498784336
5.692793376,-4.987506177777882,4.606818450008213,1.7385799804190414
5.702793376,-4.987509783540111,4.6033873059635475,1.738583710959649
5.712793376,-4.98751338930234,4.599956161918881,1.7385874415002567
5.722793376,-4.987516995064569,4.596525017874215,1.7385911720408642
5.732793376,-4.987520600826798,4.593093873829549,1.738594902581472
5.742793376,-4.987524206589027,4.589662729784883,1.7385986331220797
5.752793376,-4.9875278123512565,4.586231585740217,1.7386023636626873
5.762793376,-4.987531418113486,4.582800441695551,1.738606094203295
5.772793376,-4.987535023875715,4.579369297650885,1.7386098247439026
5.782793376,-4.987538629637943,4.575938153606218,1.7386135552845103
5.792793376,-4.987542235400173,4.572507009561552,1.7386172858251179
5.800862982,-4.987545841162402,4.569075865516886,1.7386210163657256
5.802793376,-4.987538757036214,4.558695954208205,1.7385898477267343
5.812793376,-4.987531672910027,4.548316042899524,1.7385586790877428
5.822793376,-4.987524588783839,4.537936131590843,1.7385275104487514
5.829432755,-4.987517504657651,4.527556220282162,1.73849634180976
5.829452387,-4.987779766307987,4.48646266141221,1.738012523997531
5.829464382,-4.987878539481893,4.445185437385693,1.7382071082031545
5.829477787,-4.987871037115723,4.403906237088413,1.738698991404794
5.829528676,-4.987718537849199,4.362504956518008,1.7392132581400794
5.829545139,-4.987619041514649,4.320951761198905,1.7397924773692572
5.829584376000001,-4.987734760538568,4.279421261576746,1.7395205172385435
5.829608972,-4.987991374475328,4.237365135406485,1.7387839143249837
5.82967099,-4.988013917888836,4.195965850379772,1.7389044488353549
5.829764148,-4.988100309624983,4.154010599657991,1.739421789737637
5.829778554,-4.987994940265011,4.112601888613955,1.7400067826144687
5.829816057,-4.987891932964497,4.071212903534967,1.7405471700599509
5.8298416390000005,-4.987867997376136,4.029784031141476,1.7406769647118652
5.829886785,-4.987993389390304,3.988262650330302,1.740438371854229
5.829908985,-4.988076060130234,3.946774685638629,1.74004173567393
5.829924522,-4.988060864092282,3.9052787455677302,1.7399961581964556
5.829975424,-4.987924769716721,3.863835530564868,1.7403343395775344
5.829996206,-4.987674764268652,3.822246463714046,1.741052894536679
5.830015853,-4.987529766552169,3.7806963040922414,1.7414863665701852
5.8302710730000005,-4.987480770939568,3.739123049466549,1.7414839925416197
5.830307519000001,-4.987505288505796,3.697550346206224,1.7411578304649475
5.83037994,-4.987522077638799,3.655949983062977,1.7408595414522574
5.830398666,-4.987371295271928,3.614316278845473,1.7409361963335546
5.830425939,-4.987025621774672,3.5726712031385346,1.7414861216518045
5.830454694,-4.98672150954575,3.5311117004208508,1.7420642814129896
5.8304885330000005,-4.986518063552145,3.4894153293193453,1.742366498940011
5.830508139,-4.986458611365597,3.4477409838707764,1.7421817309279943
5.830525069,-4.986403704367121,3.4060574817539253,1.7417330085993996
5.8305636750000005,-4.986298047638428,3.3643375493280194,1.7415371712758407
5.830581799,-4.986062322384919,3.322667146262993,1.7418414951303451
5.830599199,-4.985646203623721,3.281007593989423,1.7424216779788289
5.830680871,-4.985298735357778,3.239302545951312,1.7429220307291278
5.830704343,-4.985056413511457,3.1975441837858565,1.7431505143195276
5.830735403,-4.984926379896461,3.155752007538417,1.7428308522936211
5.830751205,-4.984819300653817,3.114024475667721,1.742380191949924
5.830765665,-4.98456663407748,3.0722742752532466,1.7423037496671558
5.830821401000001,-4.984175162143822,3.0305445056606453,1.7427233436734848
5.832793376,-4.983969042318657,3.0097257624681175,1.7430017729624963
5.841900107,-4.983762922493491,2.98890701927559,1.7432802022515077
5.841906124,-4.983362029716508,2.9470265474688744,1.743724519824852
5.841909789,-4.983082140000591,2.9052766261783374,1.7436558189658022
5.841915716,-4.982914316358208,2.863432350367153,1.7433799062543625
5.841920348,-4.982675601083788,2.821643151170907,1.74297415254591
5.841936045,-4.982298343768764,2.7798569566273312,1.7430801590684917
5.842793376,-4.982077611174103,2.7589384579661758,1.7433518229095326
5.846680497,-4.981856878579442,2.7380199593050203,1.7436234867505735
5.846685757,-4.9813851604435335,2.696220971574772,1.744234952130002
5.852793376,-4.981234965117506,2.682258242483661,1.7443299369530068
5.862793376,-4.981084769791477,2.6682955133925508,1.7444249217760117
5.864711494,-4.980934574465449,2.65433278430144,1.7445199065990165
5.8647162580000005,-4.980694461134857,2.612435675183268,1.7443986000046288
5.864875652,-4.980523244315701,2.5705723083636003,1.743946880798797
5.871962714,-4.980211491456832,2.5285854575598896,1.74382941071824
5.871971354,-4.979818618368497,2.4866907083686787,1.744101170381722
5.8719754360000005,-4.979289197011301,2.444862216496335,1.7445350275862226
5.871985905,-4.978791204424501,2.4029330122819146,1.7450915479312874
5.872001034,-4.9784399460545306,2.3609751723317407,1.7451698141979064
5.872793376,-4.978379668551692,2.3469844861178517,1.7450552691953163
5.8827933759999995,-4.978319391048854,2.3329937999039623,1.7449407241927262
5.890878407,-4.978259113546015,2.3190031136900733,1.744826179190136
5.890893821,-4.97803921660527,2.2769138051299485,1.744574847160106
5.89090175,-4.977742480488684,2.234944222031648,1.7445626955467488
5.891014882,-4.977247934358838,2.192950373296438,1.744998583992747
5.891071051,-4.9767826207259285,2.150985444869426,1.745481978628152
5.892793376,-4.976661236142233,2.1369940476438454,1.7455686533428436
5.902793376,-4.976539851558538,2.123002650418265,1.745655328057535
5.907522983,-4.976418466974843,2.1090112531926843,1.7457420027722268
5.907575639,-4.976057699531758,2.066838498097976,1.7458306989955017
5.912793376,-4.976013415390204,2.045918675597701,1.745489904146604
5.914327654,-4.975969131248649,2.024998853097426,1.7451491092977065
5.914350402,-4.975769978577711,1.982839823470468,1.7449519763530916
5.914377387,-4.975464824064337,1.9407385333057212,1.745100595759416
5.914551566,-4.9750748723774,1.8986152931012028,1.7456153065545377
5.914698384,-4.9747535456939564,1.8566792387081248,1.7461201202334464
5.922494934,-4.974391696018922,1.8144841342353863,1.746269337319647
5.92253189,-4.974268893136624,1.7724272639880594,1.7460185062255738
5.922566372,-4.9742487539455285,1.7303186363179277,1.7456223363172985
5.9227933759999996,-4.974248463819475,1.7092711049842388,1.7454076651182269
5.925914005,-4.974248173693421,1.68822357365055,1.7451929939191553
5.932793376,-4.974140808118941,1.667005782090544,1.7453803277613016
5.9330220360000006,-4.974033442544462,1.645787990530538,1.7455676616034477
5.942793376,-4.974022571315004,1.6387436409498042,1.745674192232542
5.952793376,-4.974011700085545,1.6316992913690707,1.7457807228616364
5.962793376,-4.974000828856086,1.624654941788337,1.7458872534907308
5.972793376,-4.973989957626628,1.6176105922076032,1.7459937841198252
5.982793376,-4.97397908639717,1.6105662426268696,1.7461003147489196
5.987188973,-4.973968215167711,1.603521893046136,1.746206845378014
5.987206009,-4.973870846383881,1.5614455975589328,1.746498182810599
5.9877218370000005,-4.973749422988128,1.5191750626417084,1.7464107387761931
5.992793376,-4.973737224419507,1.498009452202443,1.7461367298472408
