x,y
0.020356893928821,2.394650030567389
0.0203990463914498,2.394496060428676
0.020410565709893,2.3944052089031964
0.0205247148083947,2.3943082801032003
0.0205784734383095,2.39416806840281
0.0206947303530016,2.3940931282536364
0.0203154543495025,2.394083444733418
0.020439470053753,2.393977059677315
0.0204976731164067,2.3939251963502954
0.021317464249475,2.3937144038777607
0.0214157906794527,2.393586579414743
0.0215064657113401,2.393521467977014
0.0215783078512347,2.3933570137402693
0.0216584464424735,2.393291724540476
0.0217483695427854,2.3931808683134825
0.0218496756311507,2.393050991264144
0.0219657081494342,2.393003137413693
0.0220306833764572,2.3928216162729985
0.0221439211411423,2.392702945261487
0.0222381230167913,2.392639332273031
0.0222669193036229,2.3924276656065904
0.0223874375612875,2.392342961960732
0.0224459651158523,2.3922609588505934
0.0225074536685422,2.392037224887937
0.0225857170885224,2.3919354587877084
0.0229147844420823,2.3916909656178875
0.0227644625045845,2.391579532103871
0.0231110190297549,2.3913773141863044
0.0231801596826,2.391155387007144
0.0232522551789395,2.3909997892444603
0.0233898539847696,2.3908483295306664
0.0234290055125512,2.3906072093234743
0.0235208759043348,2.390449713929983
0.0236599466732822,2.390268735252596
0.0237434796777628,2.390005925969795
0.0238174984102858,2.38985936176455
0.0239411854241765,2.3896432102061973
0.0240812512642635,2.3894328250689942
0.0241525024928313,2.3892998228304405
0.0242750750090544,2.3890341049361896
0.0244247962154528,2.3888605043069617
0.0245091579117754,2.388727552694499
0.0246031623374722,2.3884858583297555
0.0247930093012404,2.3883367122609345
0.0248970050886009,2.388142684299049
0.0250242518571915,2.3879279209260167
0.0248805073012905,2.3879324429234225
0.0249795807129699,2.387706428662491
0.0251263598145194,2.387534996021642
0.0252851366444183,2.3873673169932443
0.0253911336248246,2.3871171986496056
0.0255299876328898,2.3870014098454555
0.0256764837223842,2.3868195334653324
0.0257858513542927,2.386573379860842
0.0259366881512078,2.386459566325138
0.0257538304335377,2.38646042373923
0.0258881579136124,2.386247854691236
0.0260522887396724,2.3861112726202647
0.0261795366633533,2.385908134571729
0.026360716490498,2.3857176580304102
0.0265184835148363,2.38554814756882
0.0266029696602624,2.385336219663448
0.0267681567720009,2.385168280915764
0.0269230644372159,2.3849840461141576
0.0270518437648457,2.384762006683069
0.0272099763490316,2.384603300343879
0.0273951894194123,2.384390544131386
0.0275121129672918,2.384189422515425
0.027678042187648,2.383985044644944
0.0278518085076322,2.3837278244718214
0.0280188397193109,2.3835559495148653
0.0281828641552653,2.3833518701447267
0.0283970570946814,2.3830688313459385
0.0286205852851719,2.3828841988436564
0.0288176139659484,2.3826948438257105
0.0290539902268366,2.3824303996015104
0.029314698608984,2.382202591772171
0.0296045744578339,2.3820003949830157
0.0298900887137257,2.381733133946069
0.0302442734937396,2.381494677205416
0.0306327351328372,2.381281486877385
0.0310433711072056,2.38103947792076
0.0314791833588587,2.380779906657513
0.0319814245041817,2.3805394279737047
0.0325451994612303,2.380335367127594
0.0331573908154237,2.380080727441785
0.0338471684641999,2.379809282459328
0.0346489545214456,2.3796055684243016
0.0355043887046039,2.379318355891572
0.0364264754774722,2.379056629021221
0.0381179601172438,2.378537639692322
0.0392632982236196,2.3782358276332216
0.0405029636251739,2.37799518884146
0.0418970879653352,2.3777713123185213
0.0434469012083241,2.3774912284973464
0.0448482621464161,2.377343697989858
0.0466430171053851,2.377097488213365
0.0485823442846976,2.3768474690314068
0.0507776545614004,2.3766686822759997
0.0530344005834742,2.3764336419749754
0.05546967040077,2.3762002548713195
0.0580497174531677,2.376007724245905
0.0610454778443497,2.3757747096042987
0.0639804214747467,2.37555390667491
0.0673074624780151,2.3753257143744246
0.0708498512715623,2.3750802091328254
0.0743333359637039,2.374835163442042
0.0784252021450468,2.3745733215680995
0.0825698615241562,2.374573664400476
0.0872817489564008,2.3745306886625377
0.0924497193005226,2.374024723018094
0.0976930760193067,2.373786375320292
0.1031645706363531,2.3734364740363176
0.1090242029412439,2.373252589403224
0.1152164102230839,2.3729546634327314
0.1219232148888901,2.372592098921823
0.1287431652197168,2.3721983300877563
0.135543994683968,2.372020270969774
0.1432287556421947,2.371566149679642
0.1510760877290184,2.3710361958895003
0.1597697790590772,2.370286983007007
0.1687211770501542,2.3697060795134384
0.1779410421851599,2.369134715644583
0.1879006576645956,2.368568233962186
0.1978547193580397,2.367914045936527
0.2085719604375412,2.3672789045854565
0.2196573443965995,2.3663868972161977
0.2311535672065794,2.365348540475945
0.2429898808893986,2.3640676475526554
0.2556370933016994,2.362929555931525
0.2686664819146654,2.361663664544754
0.282273353700523,2.360398122252372
0.2969858791478564,2.3587731324141794
0.3113309840070741,2.3571291507966428
0.3263971624651567,2.355367786477489
0.3421532740797122,2.353404801261948
0.3582290275609605,2.3513402885335517
0.3747660958331987,2.349067084383228
0.3919710309140014,2.346570829486321
0.4096577518235161,2.343887797314648
0.4278436038268433,2.3409289130667985
0.4465821537465868,2.3377677559008423
0.4658811521298854,2.334319269373118
0.4856340260952089,2.330597744127985
0.5058018957595825,2.326186098145324
0.5266112448870645,2.3217486735462955
0.5482729295365837,2.3171029142506394
0.5702377362320302,2.311989931978007
0.5925087782260792,2.30646017156733
0.6153441527242297,2.3007401188697254
0.6385765343386132,2.294412733596221
0.6624201840229396,2.28756713890086
0.6867322660242029,2.280185520704243
0.7115009551714668,2.27232297812101
0.7366735646662977,2.263947094487325
0.7618711556525146,2.2558331699604355
0.7878352559440318,2.2467886123994374
0.814217176036152,2.2367384989665786
0.8409055779395228,2.226103886843065
0.8676872060015948,2.215167822386769
0.8950906080661217,2.203193742275306
0.9226714580810248,2.1911251352418244
0.9505516558915832,2.178090804142434
0.9787652321403458,2.1642355062604266
1.00727260306167,2.149361182260374
1.0358611353938754,2.134001037115284
1.0651434032230798,2.1175793286627016
1.094013054936537,2.100533632473798
1.1230687374106645,2.082791109101156
1.1522485160904703,2.064171013124918
1.1814780144095904,2.044616333729506
1.2108059167152876,2.024300062984759
1.2402132919243527,2.0032416588918425
1.269435173594632,1.981132678769694
1.2986293784438598,1.9581075519517628
1.3275649316539169,1.934091060873163
1.3564649890706584,1.9092742460097505
1.3854008582486856,1.8832983538032757
1.4139510860608573,1.8568144335949928
1.442304213869788,1.8292354427548223
1.4702677542517548,1.8007475997776126
1.4982269490970608,1.7714690412187282
1.526143393472562,1.7407659026575892
1.5528002031785249,1.7091454332543865
1.5794278331846283,1.6769631780787515
1.6052976994510308,1.644841229598416
1.6308492501588236,1.6105289061690913
1.6558615531020169,1.5753876392955593
1.680895376384809,1.5385458804091272
1.7042106333218614,1.5014850665902428
1.7272479877987532,1.4634818258139972
1.7493369679562671,1.4242130285106978
1.77225094408752,1.3860765359108131
1.793523177369298,1.3457914071077923
1.814156777544452,1.3050085629427468
1.833724398502446,1.263167485533666
1.8507861140952917,1.2192111366928264
1.8689597997940224,1.1769629821741752
1.886275199580576,1.132600199427256
1.90389941762496,1.0881711668589762
1.9190648711609868,1.0429071796261051
1.9330129742948376,0.996872245153488
1.9450537959358212,0.950482986664742
1.956922288244204,0.9032636170542728
1.9679964771948557,0.8555251345020775
1.9777035196319732,0.8072968466939296
1.9835007642479083,0.75791865832261
1.9908926214211995,0.7090383500824616
1.998385231225161,0.6596051537246336
2.0034114064892066,0.6096628703954021
2.0073500193545084,0.5596695903897633
2.0117344863504947,0.510043867234655
2.012737362056314,0.4593688718546984
2.0131544438424718,0.408299926035324
2.011976532560517,0.3568689654821936
2.009516944658488,0.3058925269805044
2.00649135321505,0.2547316975419657
2.0022316602546555,0.2035751108255994
1.9966478037648043,0.1523791821077068
1.98957821052946,0.1012189671252877
1.981489871950065,0.0500201128331712
1.9717929493612367,-0.0011216572361004
1.9609611034381984,-0.0520439589874969
1.948541620665276,-0.1028953351717042
1.935194712468284,-0.1532850059348813
1.9205653806884544,-0.2033407134126718
1.9044143341028723,-0.2531092328065696
1.8870172999022252,-0.3025618790166432
1.869741256627151,-0.3514594061657858
1.850157115756212,-0.3999336096476262
1.8305424314853989,-0.4496702215443011
1.8085118470578565,-0.4970320725893388
1.785306577768295,-0.5440392781621484
1.7609020762328425,-0.5906894958638916
1.7352509282008193,-0.6366678706124969
1.7085542456980125,-0.6820437765744696
1.6806293711050029,-0.7269667079834048
1.651581222617195,-0.7711198509275241
1.621412603342309,-0.814380214690742
1.590166510102753,-0.856918593386589
1.55791634967863,-0.8987594404313028
1.5246454234201885,-0.9397353797913892
1.4903294785075616,-0.97987037541905
1.454980687556165,-1.0194318630608925
1.418613149996698,-1.0582433850122932
1.3812659932532807,-1.0961225420966798
1.342772544251443,-1.132746759077882
1.303967734527798,-1.168831258389168
1.264164855208512,-1.203827475335629
1.2232918619492323,-1.2379158900052143
1.1818148086608904,-1.2704034775339956
1.1393884596244832,-1.3025005578449442
1.096352682592581,-1.333413877369903
1.0523949585898362,-1.3631847828911847
1.0073812672194844,-1.3911819533024512
0.9621056106509503,-1.4188963644172217
0.9163363668201386,-1.4456288487543922
0.8698319956924728,-1.4708184021495705
0.8229782652037538,-1.4957098326084326
0.7751898952993436,-1.518532195645547
0.7268114802796657,-1.5403891595098609
0.677581161670221,-1.5606025881156214
0.6281107153229089,-1.5803237266381942
0.5784957159394007,-1.5983965348891882
0.528356109203747,-1.615180107134781
0.478284630080915,-1.6317190664528742
0.4274770326113941,-1.6463479106192245
0.3764480113748764,-1.6597602084970955
0.3251616338656266,-1.6717705610664737
0.2731708121739081,-1.6826957445795647
0.221307741194656,-1.6921594612963733
0.1696318713833615,-1.6995633623553066
0.1176841106496316,-1.7062884251890675
0.0653689877389682,-1.7119292716274848
0.0130908804619694,-1.7160425024333987
-0.0391633255202955,-1.7188599715471298
-0.0916385522849696,-1.7203383554533018
-0.1440278938687665,-1.720633977083642
-0.1962030710868464,-1.7193332296519113
-0.2482909736481993,-1.7164171525712577
-0.3003744795344725,-1.7124025373310434
-0.3522457835564734,-1.707923085511029
-0.4040460815907526,-1.7013903464616928
-0.4554391589658706,-1.6934913994024146
-0.506577836182805,-1.6843534630190788
-0.5574115081650809,-1.6737250315121373
-0.6077842012444282,-1.6617472310790071
-0.6579576333857505,-1.6486652811958042
-0.7078140037138044,-1.6342631665784892
-0.7571132962447312,-1.6184847245992666
-0.8058136592316221,-1.6014329614032654
-0.8541949301608511,-1.5831516220952446
-0.9021269887635032,-1.563755487698396
-0.9491634577383896,-1.5428557788133896
-0.9957397871090572,-1.5207549168137051
-1.0418444853266515,-1.4975628615432233
-1.0872262710369645,-1.473181318623256
-1.1318720220848977,-1.447577079469076
-1.1758039059995535,-1.4207290287044887
-1.2190890117733817,-1.392830175846076
-1.2614525543711637,-1.3637600386720496
-1.3027642988670336,-1.333503471989623
-1.3438381105565655,-1.3032438655484635
-1.384062746788174,-1.2711235642954228
-1.424769558643857,-1.238648484004289
-1.4632696669327363,-1.204575616408782
-1.5056163128494195,-1.1690900875939598
-1.542075135628679,-1.132762513755753
-1.5774656993801863,-1.0955872570754406
-1.6121083932483014,-1.0575661020464573
-1.6458527957943343,-1.018576215062989
-1.6782836641691026,-0.978592551861737
-1.7101759663147278,-0.9378838891784508
-1.737723834883515,-0.8970060396379375
-1.766898513860291,-0.8545875286602382
-1.7954988320658156,-0.8113097235413812
-1.8224750570612795,-0.7669051127503215
-1.8491299561368248,-0.7223075327459756
-1.8741334779819572,-0.6769582516796049
-1.8983734263686305,-0.6308903596998846
-1.9213700183500344,-0.5842631383388316
-1.9429874861341336,-0.537148869464908
-1.963617222478805,-0.4893586521232211
-1.983181955882434,-0.4410491503973984
-2.001682277609408,-0.3921030704084114
-2.018745704775249,-0.3429072357689968
-2.0332216058235604,-0.2926604165053402
-2.0495579434733524,-0.2429846837712449
-2.062994591087425,-0.1928669571731361
-2.075305394251031,-0.1422482645033356
-2.086376374190217,-0.0911531111072355
-2.096294107555867,-0.0396997363172354
-2.1047866202230003,0.0115660354336256
-2.111897128908261,0.0632398570304454
-2.117750036848657,0.1151627347116844
-2.122225185589796,0.1671809766457718
-2.1249169523578493,0.218924615322066
-2.127246678831335,0.2715993262105699
-2.127647746563426,0.3236677565536348
-2.1270552816129418,0.3757930692954418
-2.124956504633554,0.4277763389934176
-2.12168988079038,0.4797000270751289
-2.117206258153934,0.5316501716331816
-2.111295799982037,0.5832861200284112
-2.1040755016290027,0.6346872802932216
-2.0956898011783327,0.6860042163328022
-2.086044479010936,0.7375440129073112
-2.07484101193918,0.787399372413453
-2.0626088711090143,0.8378939418213148
-2.0491085740221604,0.8879012988076668
-2.034256337673658,0.9375138006326548
-2.018233218211158,0.9866772461729864
-2.001055337383908,1.0356547336536697
-1.982556320486469,1.0836398618512777
-1.9627890502761365,1.1312982138760697
-1.9419756520677816,1.1788865487349098
-1.919987281215446,1.2255794670128692
-1.8966648068560543,1.2716598548712663
-1.8722199774210384,1.3169698321277783
-1.846862233643088,1.3616811710215837
-1.8196565628492696,1.4059156923751697
-1.7918260736314648,1.44909682114351
-1.762883286785648,1.4925419316628163
-1.7332657053660887,1.534211773474832
-1.7024393784167386,1.5751937370061
-1.670394544635002,1.6153317712313064
-1.6370726319053122,1.6547512562718243
-1.6032182993780235,1.6933139337546754
-1.5682287421319516,1.7309938502358766
-1.532210106249361,1.7677994744182848
-1.4953945371906407,1.8038140104233968
-1.457691377950607,1.8388090274108984
-1.41902552599195,1.8726558206874595
-1.3795210080889568,1.905700137347293
-1.339246305960363,1.9377872780120424
-1.2981349843535492,1.968779957279611
-1.2562846204694649,1.998660023407824
-1.2134918032184492,2.0276564856936203
-1.1701714076655136,2.055384589276939
-1.1261373963807133,2.082025041791429
-1.0813956280697503,2.107528586212634
-1.0359808799741113,2.131940513241736
-0.9899986471504976,2.1552472784614154
-0.9434640168457435,2.1771413803618183
-0.8962663364635777,2.198002251627796
-0.8485332391716947,2.217761067223246
-0.8003840730890103,2.2362002375070738
-0.75182556416449,2.253367699772602
-0.7027119088432108,2.269457006098775
-0.6533689058133493,2.2842042429466947
-0.6037738990645631,2.2976016718959578
-0.5537525189429005,2.309915405558175
-0.5030845894153178,2.3208948402251086
-0.4523167604154548,2.330483369139281
-0.4016283301288486,2.33837596529486
-0.3510295222435202,2.3469849512049934
-0.2996312852134782,2.3529497464337887
-0.2483046347888192,2.357337937223988
-0.1968979497250856,2.360489883166163
-0.1451628031223653,2.362670476999211
-0.0934693848143547,2.363164020438982
-0.0419352991085147,2.3622911668059765
0.0099108874438036,2.3596515480895417
0.0614732944236676,2.357423492974741
0.1127559341114018,2.3523573057606093
0.1640336765483441,2.3463006498415515
0.2155391790995905,2.339369681222929
0.2666761427558543,2.330700653372108
0.3173960688381966,2.321000932507632
0.3681928240256178,2.3100891079275936
0.4182672033769523,2.298437460736811
0.4682482526680251,2.2853186460482866
0.517838420276514,2.270517205969992
0.5672745189197244,2.2545613105976776
0.6162427955541638,2.2376297556854485
0.6644441675205743,2.2191566873506203
0.7121175910779495,2.1991739996070283
0.7596188015803008,2.1785942845205617
0.8064423972498076,2.1568702896601377
0.8524838325503737,2.1336657244144392
0.8982431098356157,2.1093260250623245
0.9433215808678924,2.084162767275115
0.987579004342286,2.0575345269497327
1.031400068426252,2.0298926481197115
1.0744056227633707,2.001673855865036
1.1163656809834894,1.9718560453121672
1.1578949125238986,1.940818752176584
1.1984224849074072,1.9086335381465307
1.2385118394145394,1.8748104319120504
1.2770214867974687,1.840596286583752
1.3157061390260851,1.8062673046743247
1.3529228086759726,1.7703624822304074
1.3892068256923056,1.7334731299871389
1.424114986170608,1.6953478326306937
1.458426628372131,1.6567716669575574
1.4919351178484397,1.6172926734248754
1.5244908131145662,1.576836693414524
1.5563667709369642,1.5359895918399968
1.5866180322018824,1.4940905113926382
1.6161165904778043,1.4514148553801216
1.642815963802038,1.4074072705475678
1.6699619736550744,1.363020471379209
1.6956143898121985,1.3186004956528092
1.722160624689412,1.274312281936769
1.7454160567936576,1.2282214962501137
1.7684612226735723,1.181835564125159
1.7900249312754684,1.1347009443721854
1.8103158213021504,1.0869897082482298
1.8297463837108592,1.0387760616017627
1.8473563255741756,0.9901000243021254
1.8641686937616049,0.9410390787975832
1.8797833797509416,0.8914146225288521
1.8939391189492367,0.8412859823968639
1.907281208557904,0.790813482249518
1.9190401245237163,0.7403981710071914
1.9292323085007967,0.6897312866954448
1.9383983842848824,0.6387497822399107
1.946705831003567,0.5875670430881921
1.9533381050764385,0.5362074233307037
1.958313387394512,0.4842955297364771
1.963014140888094,0.4324303157210193
1.9660758634345172,0.3802468242366804
1.9677443028376735,0.3284113823782087
1.968050525508177,0.2765923098375609
1.9676191509103569,0.2242990093874246
1.9656707183786188,0.1720681563120508
1.9623878358767823,0.1200687756659941
1.957930248395259,0.068124770186642
1.95218910942859,0.0161539073883882
1.945076747753968,-0.0353480795536274
1.936628179110797,-0.0868416250636234
1.9269456612898777,-0.1382041435690811
1.91607547769303,-0.1892834434412075
1.9039416170158436,-0.2397665239018268
1.890909242892798,-0.2904103445066572
1.8761807008879696,-0.3405077853499479
1.860186130253732,-0.3901219647044551
1.8432936166422795,-0.4404007046002826
1.825225224963944,-0.4890611589378944
1.8056684858665444,-0.5374397744074296
1.7846180918123478,-0.5851629922911842
1.76226834596237,-0.6325069835927929
1.7391755561083475,-0.6792891239692614
1.7146537615322106,-0.7253479565621783
1.6888410787522856,-0.7706806429910749
1.6619966060827391,-0.8154869725057559
1.634011742219577,-0.8595864151037534
1.60485420221382,-0.9029576171163184
1.574561470989345,-0.9456343048277496
1.5432718426608236,-0.987641871538518
1.510880660925309,-1.0287084671812303
1.477230043698887,-1.0689465196441503
1.4420727902265196,-1.1084481691262371
1.4066647671882837,-1.1469615806651092
1.3702559975777575,-1.184561757923495
1.3334996238818166,-1.2212603555399204
1.295540017791235,-1.2573799288483078
1.2563936860655034,-1.2922848263531803
1.216477723862211,-1.3258525348158872
1.1755746704640075,-1.3588387025826985
1.1338794296383,-1.390726092439473
1.0915094772331513,-1.4212180309219176
1.0484524672808218,-1.450839382772387
1.0040918103698495,-1.4787913140503008
0.9595068479062556,-1.5062206211428055
0.9143959666863348,-1.5323542149916278
0.868890043008418,-1.5574983199190895
0.8223402278473133,-1.5817742729721158
0.7750633907470417,-1.6046095890709666
0.7278038901071381,-1.625799328413941
0.6799763578710327,-1.6463873375502025
0.6315045837633775,-1.6659027776271953
0.5831010461746833,-1.684472623797865
0.5337348980445739,-1.700883685119255
0.4842388623059814,-1.7166371300019945
0.4343541411264723,-1.7309879661238246
0.3840769145618235,-1.7437654436947347
0.3341834348504082,-1.7550749302722
0.2832800656681229,-1.7657359508070936
0.2325117018784938,-1.7747222484442686
0.1815333355485029,-1.782261455030863
0.1298238655059195,-1.7885562939074988
0.0781321824115082,-1.7940776923960224
0.0268693950187327,-1.7977198524517268
-0.0246599183434893,-1.799907885849122
-0.0762726119373786,-1.8010116464910044
-0.1277742123003321,-1.8008043230617696
-0.1791857820973324,-1.7991979300261427
-0.2306019019000185,-1.7961154328232416
-0.2821007190695279,-1.791953871130597
-0.3330047520686,-1.7862098718793342
-0.3839188309658827,-1.7789078644589136
-0.435445165231323,-1.7700753585831257
-0.4859029067936144,-1.7620801733557894
-0.536123766602984,-1.751575946332596
-0.586156121588096,-1.7395713636043546
-0.6359895155690967,-1.726388537073508
-0.6852207189205234,-1.7116910868826234
-0.7342128046101979,-1.6959703571743767
-0.782841420399667,-1.6789051547512908
-0.8311538891420887,-1.6605784023967056
-0.8787526588943759,-1.6409718408532856
-0.9260729703806012,-1.6203015989819325
-0.9728349343319272,-1.598464886790992
-1.018861874509429,-1.57522402880086
-1.0643404955633693,-1.5511086359133444
-1.1093154947346149,-1.5257352845349248
-1.153677021600034,-1.4991833832860504
-1.197197607457422,-1.4713786929573704
-1.240949568965592,-1.4425756557500784
-1.2820766207155805,-1.4124612082837689
-1.3252423322382592,-1.382553012254421
-1.3655136930738665,-1.350564013114626
-1.4087780668934573,-1.3179448366048372
-1.4480269925485685,-1.2835559065474005
-1.4861952883851526,-1.2484923026555357
-1.523378310680663,-1.2124527051523688
-1.5597775847320474,-1.1754203846224394
-1.5954660514530663,-1.137498461931448
-1.6253570130869648,-1.099461490532447
-1.658718708127215,-1.0598940107030372
-1.690949994213994,-1.0191631853533163
-1.7226095511972384,-0.9782075741132908
-1.752480101047286,-0.9356819569215544
-1.780856925017132,-0.8924067384249789
-1.8095239813432904,-0.8488014898390887
-1.836735597999416,-0.8047989290054511
-1.8629109990940071,-0.7598986654054991
-1.8881698702065264,-0.7142559571128082
-1.9136335125850448,-0.6680184543031734
-1.9361733151601663,-0.6215124566906131
-1.957794030648397,-0.5743444820169386
-1.9782321324121344,-0.5266926502760694
-1.9976073118562472,-0.4784737781230967
-2.015692083099173,-0.4298971978806552
-2.0327955541775005,-0.3805684259409225
-2.048585973679135,-0.3310449051146013
-2.06291174046514,-0.2813629448577991
-2.076078519166763,-0.2312579275838211
-2.087962981176821,-0.1808148309796695
-2.0987239853924797,-0.1299796766425509
-2.109338990241877,-0.0790697619899935
-2.116860884321452,-0.0273982086480877
-2.1231101721347434,0.0238307184465344
-2.128337202556246,0.0749883662724986
-2.1322490485322008,0.1271602217314575
-2.134556048055712,0.1791492904177859
-2.136085439818688,0.2308278290087961
-2.13804390813173,0.2830489949935945
-2.136152410704976,0.3348003215091988
-2.133797467061389,0.3865914580465631
-2.1299180692505675,0.438336041195669
-2.124569103828995,0.4898317638458256
-2.118125096232162,0.5413163775103422
-2.1104815623463966,0.5927103895197295
-2.1013910568108174,0.6437183496063765
-2.09086318068675,0.6943796894063402
-2.079053868710677,0.7455979086784829
-2.065403141972431,0.7944867019196128
-2.051275916748328,0.8443207231165832
